age,workclass,fnlwgt,education,education-num,marital-status,occupation,relationship,race,sex,capital-gain,capital-loss,hours-per-week,native-country,class,label,split,score,predicted,predicted_reweighed,predicted_threshold
23,Private,134446,HS-grad,9,Separated,Machine-op-inspct,Unmarried,Black,Male,0,0,54,United-States,<=50K,0,test,0.029,0,0,0
22,Private,54164,HS-grad,9,Never-married,Other-service,Not-in-family,White,Male,14084,0,60,United-States,>50K,1,train,0.312,0,0,0
41,Self-emp-inc,445382,Assoc-acdm,12,Married-civ-spouse,Craft-repair,Husband,White,Male,15024,0,60,United-States,>50K,1,train,0.989,1,1,1
55,Private,323887,Some-college,10,Married-civ-spouse,Exec-managerial,Husband,White,Male,15024,0,45,United-States,>50K,1,train,0.99,1,1,1
33,Private,196385,Bachelors,13,Married-civ-spouse,Exec-managerial,Husband,White,Male,0,1977,40,United-States,>50K,1,test,0.815,1,1,1
51,Local-gov,174861,Some-college,10,Married-civ-spouse,Protective-serv,Husband,White,Male,0,0,40,United-States,>50K,1,train,0.611,1,1,1
45,Local-gov,185588,Bachelors,13,Divorced,Prof-specialty,Unmarried,White,Female,0,0,40,United-States,<=50K,0,train,0.136,0,0,0
23,Private,42251,Bachelors,13,Never-married,Exec-managerial,Not-in-family,White,Female,0,0,45,United-States,<=50K,0,test,0.123,0,0,0
52,Self-emp-inc,311259,HS-grad,9,Married-civ-spouse,Sales,Husband,White,Male,0,0,40,United-States,>50K,1,train,0.341,0,0,0
18,Private,96869,12th,8,Never-married,Priv-house-serv,Own-child,White,Male,0,0,40,United-States,<=50K,0,train,0.005,0,0,0
35,Private,203717,Assoc-voc,11,Never-married,Craft-repair,Not-in-family,White,Male,0,0,50,United-States,<=50K,0,train,0.044,0,0,0
29,Private,100293,Some-college,10,Never-married,Prof-specialty,Not-in-family,White,Female,0,0,40,United-States,<=50K,0,train,0.039,0,0,0
20,Private,347391,Some-college,10,Never-married,Protective-serv,Not-in-family,Black,Male,0,0,60,United-States,<=50K,0,train,0.118,0,0,0
44,Private,184527,Bachelors,13,Divorced,Exec-managerial,Unmarried,White,Female,4934,0,45,United-States,>50K,1,train,0.549,1,1,1
20,,318865,Some-college,10,Never-married,,Not-in-family,White,Male,0,0,40,United-States,<=50K,0,test,0.019,0,0,0
36,Self-emp-inc,48063,HS-grad,9,Married-civ-spouse,Farming-fishing,Husband,White,Male,0,0,80,United-States,<=50K,0,train,0.409,0,0,0
48,Private,253596,Bachelors,13,Divorced,Exec-managerial,Unmarried,White,Female,0,0,48,United-States,<=50K,0,train,0.275,0,0,0
59,Private,107318,7th-8th,4,Married-civ-spouse,Craft-repair,Husband,White,Male,5178,0,50,United-States,>50K,1,test,0.414,0,0,0
43,Private,52433,Some-college,10,Married-civ-spouse,Sales,Husband,White,Male,0,0,70,United-States,<=50K,0,train,0.634,1,1,1
47,Self-emp-not-inc,194590,Bachelors,13,Married-civ-spouse,Sales,Husband,White,Male,0,0,44,United-States,<=50K,0,test,0.499,0,0,0
41,Private,138868,Bachelors,13,Never-married,Sales,Not-in-family,White,Female,0,0,40,United-States,<=50K,0,test,0.074,0,0,0
32,Private,183977,Bachelors,13,Married-civ-spouse,Craft-repair,Husband,White,Male,0,0,55,United-States,>50K,1,train,0.607,1,1,1
39,Private,98886,7th-8th,4,Married-civ-spouse,Other-service,Husband,White,Male,4508,0,40,Mexico,<=50K,0,test,0.05,0,0,0
20,Federal-gov,163205,Assoc-voc,11,Never-married,Adm-clerical,Own-child,White,Female,0,0,36,United-States,<=50K,0,train,0.01,0,0,0
73,,145748,HS-grad,9,Married-civ-spouse,,Husband,White,Male,0,0,8,United-States,<=50K,0,test,0.165,0,0,0
59,Private,128829,HS-grad,9,Divorced,Other-service,Not-in-family,White,Female,0,0,40,United-States,<=50K,0,train,0.014,0,0,0
71,,113445,5th-6th,3,Married-civ-spouse,,Husband,White,Male,0,0,10,United-States,<=50K,0,train,0.039,0,0,0
21,Private,256504,HS-grad,9,Never-married,Other-service,Not-in-family,White,Female,0,0,40,United-States,<=50K,0,train,0.005,0,0,0
19,Private,192162,HS-grad,9,Never-married,Prof-specialty,Not-in-family,White,Female,0,0,40,United-States,<=50K,0,test,0.025,0,0,0
26,Private,201635,HS-grad,9,Never-married,Adm-clerical,Not-in-family,White,Female,0,0,40,United-States,<=50K,0,train,0.014,0,0,0
22,Private,37932,Assoc-acdm,12,Never-married,Exec-managerial,Not-in-family,White,Male,0,0,35,England,<=50K,0,test,0.107,0,0,0
20,Private,191948,HS-grad,9,Married-civ-spouse,Other-service,Other-relative,White,Female,0,0,40,United-States,<=50K,0,train,0.06,0,0,0
62,Private,177493,12th,8,Married-civ-spouse,Exec-managerial,Husband,White,Male,0,0,30,United-States,<=50K,0,train,0.408,0,0,0
29,Private,108775,Bachelors,13,Married-civ-spouse,Exec-managerial,Husband,White,Male,0,0,50,United-States,>50K,1,train,0.757,1,1,1
45,State-gov,276157,Bachelors,13,Married-civ-spouse,Prof-specialty,Husband,White,Male,0,0,40,United-States,>50K,1,train,0.542,1,0,0
35,Private,334291,Bachelors,13,Married-civ-spouse,Exec-managerial,Husband,White,Male,0,0,45,United-States,<=50K,0,train,0.744,1,1,1
48,Private,153312,Some-college,10,Married-civ-spouse,Sales,Husband,Black,Male,0,0,60,United-States,>50K,1,train,0.572,1,0,1
67,Self-emp-inc,51415,Some-college,10,Married-civ-spouse,Sales,Husband,White,Male,0,0,40,United-States,<=50K,0,train,0.464,0,0,0
49,Private,186256,Prof-school,15,Married-civ-spouse,Sales,Husband,White,Male,0,0,40,United-States,>50K,1,test,0.729,1,1,1
25,Private,245121,HS-grad,9,Married-civ-spouse,Other-service,Wife,Black,Female,0,0,40,United-States,<=50K,0,train,0.109,0,0,0
38,Private,191137,10th,6,Married-civ-spouse,Other-service,Husband,White,Male,0,0,40,United-States,<=50K,0,train,0.047,0,0,0
18,,243203,Some-college,10,Never-married,,Own-child,White,Male,0,0,40,Puerto-Rico,<=50K,0,train,0.005,0,0,0
45,Local-gov,181964,Some-college,10,Married-civ-spouse,Prof-specialty,Husband,White,Male,0,1887,47,United-States,>50K,1,test,0.625,1,1,1
37,Private,385330,7th-8th,4,Separated,Other-service,Unmarried,Black,Male,0,0,40,United-States,<=50K,0,train,0.003,0,0,0
18,,35855,11th,7,Never-married,,Own-child,White,Male,0,0,30,United-States,<=50K,0,train,0.003,0,0,0
26,Private,60726,Masters,14,Never-married,Exec-managerial,Not-in-family,Black,Male,6849,0,50,United-States,<=50K,0,train,0.593,1,1,1
63,,107085,HS-grad,9,Widowed,,Not-in-family,White,Female,0,0,7,United-States,<=50K,0,test,0.017,0,0,0
58,Private,218312,HS-grad,9,Divorced,Sales,Not-in-family,White,Male,0,0,40,United-States,<=50K,0,train,0.05,0,0,0
48,,117054,5th-6th,3,Divorced,,Not-in-family,White,Male,0,0,99,United-States,<=50K,0,train,0.047,0,0,0
44,Private,238574,Prof-school,15,Married-civ-spouse,Prof-specialty,Husband,White,Male,0,0,50,United-States,>50K,1,train,0.827,1,1,1
19,Private,291181,9th,5,Never-married,Other-service,Own-child,White,Female,0,0,50,Mexico,<=50K,0,test,0.001,0,0,0
65,Federal-gov,200764,HS-grad,9,Widowed,Adm-clerical,Not-in-family,White,Female,0,0,40,United-States,<=50K,0,test,0.054,0,0,0
48,Private,224393,Assoc-voc,11,Married-civ-spouse,Adm-clerical,Husband,White,Male,0,0,40,United-States,>50K,1,train,0.376,0,0,0
35,Private,108140,Masters,14,Married-civ-spouse,Exec-managerial,Husband,White,Male,0,0,50,United-States,>50K,1,train,0.819,1,1,1
28,Private,632733,Masters,14,Married-civ-spouse,Sales,Husband,White,Male,0,0,60,United-States,>50K,1,test,0.742,1,1,1
58,Private,132704,Bachelors,13,Divorced,Adm-clerical,Not-in-family,White,Male,3325,0,40,United-States,<=50K,0,test,0.208,0,0,0
49,Private,248145,HS-grad,9,Married-civ-spouse,Craft-repair,Other-relative,White,Male,0,0,40,Nicaragua,<=50K,0,train,0.146,0,0,0
42,Self-emp-inc,188738,Bachelors,13,Married-civ-spouse,Exec-managerial,Husband,White,Male,7688,0,40,United-States,>50K,1,train,0.954,1,1,1
27,,60726,Bachelors,13,Never-married,,Not-in-family,Black,Male,0,0,45,United-States,<=50K,0,train,0.054,0,0,0
44,Local-gov,64632,Bachelors,13,Never-married,Prof-specialty,Not-in-family,White,Male,0,0,55,United-States,<=50K,0,train,0.136,0,0,0
35,Private,228881,HS-grad,9,Never-married,Craft-repair,Other-relative,Other,Male,0,0,40,Puerto-Rico,<=50K,0,train,0.013,0,0,0
38,Private,452353,Some-college,10,Divorced,Adm-clerical,Unmarried,White,Female,0,0,40,United-States,<=50K,0,train,0.036,0,0,0
19,Private,223669,11th,7,Never-married,Other-service,Own-child,White,Male,0,0,20,United-States,<=50K,0,train,0.001,0,0,0
43,Private,398959,Some-college,10,Married-civ-spouse,Craft-repair,Husband,White,Male,0,0,40,United-States,<=50K,0,test,0.328,0,0,0
32,Private,149368,Bachelors,13,Married-civ-spouse,Prof-specialty,Husband,White,Male,0,0,40,United-States,>50K,1,train,0.619,1,1,1
27,Private,57092,HS-grad,9,Divorced,Craft-repair,Not-in-family,White,Male,0,0,45,United-States,<=50K,0,train,0.029,0,0,0
46,Private,274200,HS-grad,9,Divorced,Farming-fishing,Not-in-family,White,Male,0,0,50,United-States,<=50K,0,train,0.027,0,0,0
48,Private,154430,Bachelors,13,Never-married,Exec-managerial,Not-in-family,White,Female,0,0,35,United-States,<=50K,0,train,0.13,0,0,0
47,Self-emp-inc,308241,HS-grad,9,Married-civ-spouse,Sales,Wife,White,Female,0,0,40,United-States,<=50K,0,train,0.392,0,1,0
23,Private,298623,HS-grad,9,Never-married,Transport-moving,Own-child,Black,Male,0,0,40,United-States,<=50K,0,train,0.005,0,0,0
39,Local-gov,100011,Assoc-acdm,12,Never-married,Tech-support,Not-in-family,White,Female,0,0,38,United-States,<=50K,0,train,0.046,0,0,0
44,Private,231793,HS-grad,9,Never-married,Exec-managerial,Not-in-family,White,Female,0,0,52,United-States,<=50K,0,train,0.077,0,0,0
20,Private,139715,HS-grad,9,Never-married,Craft-repair,Unmarried,Black,Female,0,0,40,United-States,<=50K,0,test,0.016,0,0,0
26,Private,263444,Assoc-voc,11,Never-married,Tech-support,Not-in-family,White,Male,14344,0,40,United-States,>50K,1,train,0.653,1,1,1
46,Local-gov,66934,Bachelors,13,Divorced,Prof-specialty,Unmarried,White,Female,0,0,45,United-States,<=50K,0,test,0.159,0,0,0
27,Private,213921,Some-college,10,Never-married,Handlers-cleaners,Other-relative,White,Male,0,0,30,Mexico,<=50K,0,train,0.013,0,0,0
18,Private,187221,HS-grad,9,Never-married,Other-service,Other-relative,White,Female,0,0,12,El-Salvador,<=50K,0,train,0.001,0,0,0
25,Private,274228,HS-grad,9,Never-married,Other-service,Not-in-family,White,Male,0,0,65,United-States,<=50K,0,test,0.012,0,0,0
75,,226593,HS-grad,9,Widowed,,Not-in-family,White,Female,0,0,20,United-States,<=50K,0,train,0.032,0,0,0
38,Self-emp-inc,116608,Some-college,10,Married-civ-spouse,Other-service,Wife,White,Female,0,0,20,United-States,>50K,1,train,0.086,0,0,0
18,Private,222851,11th,7,Never-married,Sales,Own-child,White,Female,0,0,10,United-States,<=50K,0,train,0.002,0,0,0
57,Private,255406,HS-grad,9,Divorced,Craft-repair,Not-in-family,White,Female,0,1980,44,United-States,<=50K,0,train,0.08,0,0,0
41,Local-gov,231348,Bachelors,13,Married-civ-spouse,Sales,Husband,White,Male,0,0,40,United-States,<=50K,0,train,0.529,1,0,0
61,Private,32209,9th,5,Married-civ-spouse,Machine-op-inspct,Husband,White,Male,0,2051,40,United-States,<=50K,0,train,0.181,0,0,0
23,Private,133515,Bachelors,13,Never-married,Sales,Unmarried,White,Female,0,0,20,United-States,<=50K,0,train,0.032,0,0,0
25,Private,202033,Masters,14,Never-married,Exec-managerial,Not-in-family,White,Male,0,0,45,United-States,<=50K,0,train,0.159,0,0,0
38,Private,110167,Masters,14,Divorced,Exec-managerial,Not-in-family,White,Female,0,0,40,United-States,<=50K,0,test,0.228,0,0,0
37,Private,105044,Bachelors,13,Married-civ-spouse,Prof-specialty,Husband,White,Male,0,0,40,United-States,>50K,1,train,0.638,1,1,1
47,Private,145636,HS-grad,9,Married-civ-spouse,Machine-op-inspct,Husband,White,Male,0,0,40,United-States,>50K,1,test,0.215,0,0,0
85,Self-emp-inc,155981,Bachelors,13,Widowed,Exec-managerial,Not-in-family,White,Male,0,0,40,United-States,>50K,1,test,0.357,0,0,0
39,State-gov,105803,Masters,14,Married-civ-spouse,Prof-specialty,Husband,White,Male,0,0,48,United-States,>50K,1,train,0.649,1,1,1
36,Private,220696,HS-grad,9,Married-civ-spouse,Machine-op-inspct,Husband,White,Male,0,0,40,United-States,>50K,1,train,0.187,0,0,0
34,Private,223212,Bachelors,13,Married-civ-spouse,Prof-specialty,Husband,White,Male,0,0,45,Peru,<=50K,0,train,0.434,0,0,0
35,Private,106471,Bachelors,13,Never-married,Craft-repair,Not-in-family,White,Male,0,0,35,United-States,<=50K,0,test,0.046,0,0,0
51,Local-gov,289390,Masters,14,Married-civ-spouse,Prof-specialty,Husband,White,Male,7298,0,40,United-States,>50K,1,test,0.945,1,1,1
57,Self-emp-inc,249072,Some-college,10,Married-civ-spouse,Exec-managerial,Husband,White,Male,99999,0,60,United-States,>50K,1,test,1.0,1,1,1
28,Private,25955,Assoc-voc,11,Never-married,Prof-specialty,Unmarried,Amer-Indian-Eskimo,Male,0,0,40,United-States,<=50K,0,train,0.054,0,0,0
27,Private,344094,HS-grad,9,Never-married,Craft-repair,Own-child,White,Male,0,0,40,United-States,<=50K,0,test,0.007,0,0,0
36,,103886,HS-grad,9,Married-civ-spouse,,Husband,White,Male,0,0,15,United-States,<=50K,0,test,0.122,0,0,0
17,Private,36801,10th,6,Never-married,Other-service,Own-child,White,Female,0,0,18,United-States,<=50K,0,test,0.0,0,0,0
27,State-gov,162312,Some-college,10,Never-married,Other-service,Not-in-family,Asian-Pac-Islander,Male,0,0,50,South,<=50K,0,test,0.002,0,0,0
27,Private,299536,Some-college,10,Married-civ-spouse,Adm-clerical,Wife,White,Female,0,0,55,United-States,<=50K,0,train,0.423,0,1,0
51,Self-emp-not-inc,67198,Assoc-acdm,12,Widowed,Prof-specialty,Unmarried,White,Female,0,0,50,United-States,<=50K,0,train,0.138,0,0,0
29,,212588,Bachelors,13,Never-married,,Not-in-family,White,Male,0,0,53,United-States,<=50K,0,train,0.072,0,0,0
21,Private,249150,HS-grad,9,Never-married,Sales,Own-child,White,Female,0,0,24,United-States,<=50K,0,train,0.005,0,0,0
37,Private,194820,HS-grad,9,Separated,Craft-repair,Unmarried,White,Female,0,0,42,United-States,<=50K,0,test,0.035,0,0,0
55,Private,180497,Assoc-acdm,12,Divorced,Other-service,Not-in-family,White,Female,0,0,52,United-States,<=50K,0,train,0.042,0,0,0
55,Self-emp-not-inc,218456,Masters,14,Divorced,Exec-managerial,Not-in-family,White,Female,0,0,50,Hungary,<=50K,0,test,0.188,0,0,0
24,Private,163053,11th,7,Never-married,Sales,Not-in-family,White,Female,0,0,36,United-States,<=50K,0,test,0.01,0,0,0
52,Private,176124,HS-grad,9,Married-civ-spouse,Tech-support,Husband,White,Male,0,0,40,United-States,>50K,1,train,0.368,0,0,0
29,State-gov,108432,Masters,14,Never-married,Prof-specialty,Not-in-family,White,Male,0,0,40,United-States,<=50K,0,train,0.066,0,0,0
45,Private,54098,HS-grad,9,Married-civ-spouse,Exec-managerial,Husband,White,Male,0,0,45,United-States,>50K,1,test,0.534,1,0,0
29,Private,255476,5th-6th,3,Never-married,Other-service,Other-relative,White,Male,0,0,35,Mexico,<=50K,0,train,0.001,0,0,0
58,Private,168887,HS-grad,9,Married-civ-spouse,Handlers-cleaners,Husband,White,Male,0,0,40,United-States,>50K,1,train,0.371,0,0,0
35,Private,107164,Bachelors,13,Married-civ-spouse,Exec-managerial,Husband,White,Male,0,0,50,United-States,>50K,1,test,0.775,1,1,1
58,,99131,HS-grad,9,Married-civ-spouse,,Wife,White,Female,7298,0,40,United-States,>50K,1,train,0.818,1,1,1
44,Private,141131,12th,8,Divorced,Machine-op-inspct,Unmarried,Asian-Pac-Islander,Female,0,0,40,South,<=50K,0,train,0.007,0,0,0
53,State-gov,21412,Some-college,10,Married-civ-spouse,Other-service,Husband,White,Male,0,0,40,United-States,<=50K,0,test,0.1,0,0,0
17,Private,355850,11th,7,Never-married,Transport-moving,Own-child,White,Male,0,1602,15,United-States,<=50K,0,train,0.002,0,0,0
38,Private,59660,Assoc-voc,11,Married-civ-spouse,Tech-support,Husband,White,Male,0,0,50,United-States,>50K,1,train,0.53,1,0,0
50,Private,134680,HS-grad,9,Never-married,Other-service,Not-in-family,White,Male,0,0,40,United-States,<=50K,0,train,0.008,0,0,0
25,State-gov,319303,Some-college,10,Divorced,Other-service,Unmarried,White,Male,0,2472,40,United-States,>50K,1,test,0.015,0,0,0
24,Private,125010,Bachelors,13,Never-married,Adm-clerical,Own-child,White,Female,0,0,45,United-States,<=50K,0,train,0.021,0,0,0
18,,311863,HS-grad,9,Never-married,,Own-child,White,Male,0,0,40,United-States,<=50K,0,train,0.006,0,0,0
30,State-gov,123253,Bachelors,13,Married-civ-spouse,Prof-specialty,Husband,White,Male,0,0,45,United-States,<=50K,0,test,0.524,1,0,0
50,Private,62593,Assoc-voc,11,Married-civ-spouse,Farming-fishing,Husband,Asian-Pac-Islander,Male,0,0,40,United-States,>50K,1,train,0.291,0,0,0
64,Private,344014,Some-college,10,Divorced,Tech-support,Unmarried,Black,Female,0,1741,40,United-States,<=50K,0,train,0.133,0,0,0
27,Private,445365,Bachelors,13,Never-married,Adm-clerical,Not-in-family,White,Male,0,0,40,United-States,<=50K,0,train,0.041,0,0,0
40,Private,227466,HS-grad,9,Married-civ-spouse,Transport-moving,Husband,Black,Male,0,0,50,United-States,<=50K,0,test,0.253,0,0,0
21,Private,376393,HS-grad,9,Never-married,Adm-clerical,Own-child,White,Female,0,0,25,United-States,<=50K,0,train,0.003,0,0,0
34,Self-emp-not-inc,48935,Some-college,10,Married-civ-spouse,Farming-fishing,Wife,White,Female,0,0,30,United-States,<=50K,0,test,0.117,0,0,0
19,Private,163015,Some-college,10,Never-married,Machine-op-inspct,Own-child,White,Female,0,0,20,United-States,<=50K,0,test,0.003,0,0,0
44,Private,185602,Assoc-voc,11,Divorced,Exec-managerial,Unmarried,White,Female,0,0,40,United-States,<=50K,0,train,0.136,0,0,0
64,Self-emp-not-inc,234192,7th-8th,4,Married-civ-spouse,Farming-fishing,Husband,White,Male,0,0,80,United-States,<=50K,0,test,0.146,0,0,0
63,Local-gov,80655,Some-college,10,Divorced,Adm-clerical,Not-in-family,White,Female,0,0,40,United-States,<=50K,0,test,0.04,0,0,0
43,Private,103759,HS-grad,9,Married-civ-spouse,Transport-moving,Husband,White,Male,0,0,40,United-States,<=50K,0,train,0.202,0,0,0
25,Private,152165,Bachelors,13,Never-married,Sales,Not-in-family,White,Female,0,0,40,United-States,<=50K,0,test,0.058,0,0,0
44,Private,120277,HS-grad,9,Divorced,Transport-moving,Not-in-family,White,Male,0,0,45,United-States,<=50K,0,train,0.026,0,0,0
37,Private,32528,Bachelors,13,Married-civ-spouse,Sales,Husband,White,Male,0,0,50,United-States,<=50K,0,train,0.644,1,1,1
65,Federal-gov,44807,Some-college,10,Married-civ-spouse,Adm-clerical,Husband,White,Male,0,0,48,United-States,>50K,1,train,0.478,0,0,0
48,Private,129777,HS-grad,9,Widowed,Adm-clerical,Unmarried,White,Female,0,0,40,United-States,<=50K,0,train,0.04,0,0,0
42,Private,144594,HS-grad,9,Married-civ-spouse,Craft-repair,Husband,White,Male,0,0,40,United-States,>50K,1,train,0.268,0,0,0
44,Private,167333,HS-grad,9,Never-married,Other-service,Own-child,White,Male,0,0,40,United-States,<=50K,0,test,0.003,0,0,0
58,Private,71283,HS-grad,9,Married-civ-spouse,Transport-moving,Husband,White,Male,0,0,38,United-States,>50K,1,test,0.231,0,0,0
39,Private,52870,HS-grad,9,Married-civ-spouse,Exec-managerial,Husband,White,Male,0,0,30,United-States,<=50K,0,train,0.385,0,0,0
68,,150250,Masters,14,Married-civ-spouse,,Husband,White,Male,0,1510,30,United-States,<=50K,0,train,0.708,1,1,1
31,Self-emp-inc,183125,Prof-school,15,Married-civ-spouse,Prof-specialty,Wife,White,Female,0,0,99,United-States,>50K,1,test,0.963,1,1,1
50,Private,181585,Some-college,10,Separated,Sales,Unmarried,White,Female,0,0,40,United-States,<=50K,0,train,0.066,0,0,0
23,Private,142566,HS-grad,9,Never-married,Craft-repair,Own-child,White,Male,0,0,40,United-States,<=50K,0,test,0.007,0,0,0
62,Private,77884,1st-4th,2,Married-civ-spouse,Other-service,Husband,Asian-Pac-Islander,Male,0,0,40,Philippines,<=50K,0,train,0.045,0,0,0
37,Private,186934,Masters,14,Married-civ-spouse,Sales,Husband,White,Male,0,0,50,United-States,>50K,1,train,0.703,1,1,1
29,Self-emp-not-inc,100368,9th,5,Widowed,Other-service,Unmarried,White,Female,0,0,27,United-States,<=50K,0,test,0.001,0,0,0
21,Private,328906,Some-college,10,Never-married,Other-service,Own-child,White,Male,0,0,30,United-States,<=50K,0,test,0.002,0,0,0
29,Private,221428,12th,8,Married-civ-spouse,Sales,Own-child,Other,Male,0,0,35,United-States,<=50K,0,train,0.061,0,0,0
75,,33673,Masters,14,Widowed,,Not-in-family,Amer-Indian-Eskimo,Male,0,0,26,United-States,<=50K,0,test,0.137,0,0,0
27,Private,211215,HS-grad,9,Never-married,Adm-clerical,Not-in-family,White,Male,0,0,50,United-States,<=50K,0,train,0.02,0,0,0
34,Private,185820,HS-grad,9,Married-civ-spouse,Sales,Wife,Black,Female,0,0,40,United-States,<=50K,0,train,0.358,0,1,0
25,Private,264136,Bachelors,13,Never-married,Prof-specialty,Not-in-family,White,Male,0,0,60,United-States,<=50K,0,train,0.143,0,0,0
39,Private,103323,Bachelors,13,Never-married,Exec-managerial,Not-in-family,White,Male,0,1669,40,United-States,<=50K,0,train,0.205,0,0,0
28,,45613,Some-college,10,Never-married,,Not-in-family,White,Female,0,0,40,United-States,<=50K,0,train,0.021,0,0,0
21,Private,472861,11th,7,Never-married,Handlers-cleaners,Own-child,Black,Male,0,0,40,United-States,<=50K,0,test,0.005,0,0,0
60,Self-emp-not-inc,285365,Some-college,10,Married-civ-spouse,Other-service,Wife,Black,Female,0,0,50,United-States,<=50K,0,train,0.186,0,0,0
39,Private,172571,Some-college,10,Divorced,Machine-op-inspct,Not-in-family,White,Male,0,0,40,United-States,<=50K,0,test,0.027,0,0,0
33,Local-gov,184440,12th,8,Never-married,Machine-op-inspct,Not-in-family,White,Male,0,0,36,United-States,<=50K,0,train,0.007,0,0,0
36,Private,251091,Bachelors,13,Married-civ-spouse,Prof-specialty,Husband,White,Male,0,0,60,United-States,>50K,1,test,0.774,1,1,1
46,Local-gov,88564,Some-college,10,Married-civ-spouse,Handlers-cleaners,Husband,White,Male,0,0,40,United-States,<=50K,0,test,0.343,0,0,0
44,Private,324311,5th-6th,3,Married-civ-spouse,Machine-op-inspct,Husband,White,Male,0,0,32,Mexico,<=50K,0,train,0.02,0,0,0
37,Self-emp-inc,154410,HS-grad,9,Married-civ-spouse,Craft-repair,Husband,White,Male,0,0,60,United-States,>50K,1,test,0.385,0,0,0
25,,40915,Bachelors,13,Married-spouse-absent,,Not-in-family,White,Female,0,0,15,United-States,<=50K,0,test,0.031,0,0,0
23,Private,97054,HS-grad,9,Married-civ-spouse,Exec-managerial,Husband,White,Male,0,0,55,United-States,<=50K,0,test,0.531,1,0,0
34,Private,378723,10th,6,Separated,Exec-managerial,Unmarried,White,Female,0,0,45,United-States,<=50K,0,test,0.041,0,0,0
23,Private,209955,Some-college,10,Never-married,Sales,Own-child,White,Male,0,0,40,United-States,<=50K,0,test,0.011,0,0,0
36,Private,73023,HS-grad,9,Divorced,Machine-op-inspct,Not-in-family,White,Male,2202,0,40,United-States,<=50K,0,train,0.035,0,0,0
41,Private,116493,Some-college,10,Divorced,Sales,Not-in-family,White,Male,0,0,52,United-States,<=50K,0,train,0.074,0,0,0
17,Private,91931,11th,7,Never-married,Sales,Own-child,White,Female,0,0,23,United-States,<=50K,0,train,0.003,0,0,0
19,Private,111232,Some-college,10,Never-married,Handlers-cleaners,Not-in-family,White,Male,0,0,30,United-States,<=50K,0,test,0.017,0,0,0
36,Private,157184,HS-grad,9,Married-civ-spouse,Craft-repair,Husband,Other,Male,0,0,40,United-States,>50K,1,train,0.25,0,0,0
18,Private,126913,Some-college,10,Never-married,Other-service,Own-child,White,Female,0,0,12,United-States,<=50K,0,train,0.001,0,0,0
53,Private,173754,HS-grad,9,Married-civ-spouse,Handlers-cleaners,Husband,White,Male,0,0,40,United-States,>50K,1,train,0.352,0,0,0
25,,420081,Assoc-acdm,12,Never-married,,Own-child,White,Male,0,0,20,United-States,<=50K,0,train,0.008,0,0,0
23,Private,314823,Some-college,10,Never-married,Adm-clerical,Own-child,White,Male,0,0,24,United-States,<=50K,0,test,0.005,0,0,0
50,,313445,HS-grad,9,Separated,,Unmarried,Asian-Pac-Islander,Female,0,0,40,Philippines,<=50K,0,train,0.073,0,0,0
57,Self-emp-not-inc,112772,HS-grad,9,Married-civ-spouse,Craft-repair,Husband,White,Male,0,0,60,United-States,<=50K,0,test,0.346,0,0,0
35,Private,187711,HS-grad,9,Divorced,Machine-op-inspct,Not-in-family,White,Male,0,0,40,United-States,<=50K,0,train,0.019,0,0,0
21,Self-emp-not-inc,87169,HS-grad,9,Never-married,Farming-fishing,Own-child,Asian-Pac-Islander,Male,0,0,35,United-States,<=50K,0,test,0.002,0,0,0
38,Private,186376,Bachelors,13,Married-civ-spouse,Adm-clerical,Husband,Asian-Pac-Islander,Male,0,0,42,United-States,>50K,1,train,0.486,0,0,0
35,Private,208259,10th,6,Married-civ-spouse,Adm-clerical,Wife,White,Female,0,0,36,United-States,<=50K,0,train,0.129,0,0,0
27,Private,279580,Masters,14,Never-married,Sales,Not-in-family,White,Male,0,0,42,Mexico,<=50K,0,train,0.045,0,0,0
54,Private,64421,Some-college,10,Widowed,Tech-support,Unmarried,White,Female,0,0,40,United-States,<=50K,0,train,0.086,0,0,0
17,Private,67444,11th,7,Never-married,Other-service,Other-relative,Black,Male,0,0,20,United-States,<=50K,0,test,0.002,0,0,0
45,,177775,Assoc-voc,11,Never-married,,Other-relative,White,Female,0,0,32,United-States,<=50K,0,test,0.034,0,0,0
42,Private,152889,7th-8th,4,Married-civ-spouse,Craft-repair,Husband,White,Male,4386,0,50,United-States,>50K,1,train,0.302,0,0,0
41,Private,240124,Bachelors,13,Married-civ-spouse,Exec-managerial,Husband,White,Male,0,0,50,United-States,>50K,1,test,0.791,1,1,1
44,Private,244522,HS-grad,9,Divorced,Craft-repair,Not-in-family,White,Male,0,0,45,United-States,<=50K,0,train,0.038,0,0,0
48,Private,113211,Bachelors,13,Married-civ-spouse,Craft-repair,Husband,White,Male,99999,0,40,United-States,>50K,1,test,1.0,1,1,1
23,Private,50411,HS-grad,9,Never-married,Craft-repair,Own-child,White,Male,0,0,40,United-States,<=50K,0,train,0.007,0,0,0
29,Private,53448,12th,8,Married-civ-spouse,Other-service,Husband,Asian-Pac-Islander,Male,0,0,50,China,<=50K,0,train,0.023,0,0,0
40,Self-emp-inc,189941,Bachelors,13,Married-civ-spouse,Prof-specialty,Husband,White,Male,3103,0,60,United-States,>50K,1,train,0.888,1,1,1
31,Private,234537,HS-grad,9,Never-married,Handlers-cleaners,Not-in-family,White,Male,0,0,60,United-States,<=50K,0,train,0.042,0,0,0
41,Federal-gov,333070,Some-college,10,Married-civ-spouse,Craft-repair,Husband,Black,Male,0,0,35,United-States,<=50K,0,test,0.316,0,0,0
23,Private,149574,Some-college,10,Married-spouse-absent,Other-service,Not-in-family,White,Male,0,0,45,United-States,<=50K,0,test,0.013,0,0,0
43,Private,134120,HS-grad,9,Divorced,Sales,Other-relative,White,Female,0,0,46,United-States,<=50K,0,train,0.059,0,0,0
26,Private,201663,Masters,14,Never-married,Prof-specialty,Not-in-family,Black,Male,0,0,40,United-States,<=50K,0,train,0.102,0,0,0
51,Private,153064,HS-grad,9,Married-civ-spouse,Transport-moving,Husband,White,Male,5013,0,40,United-States,<=50K,0,test,0.527,1,0,0
46,Private,245724,Bachelors,13,Married-civ-spouse,Exec-managerial,Husband,White,Male,3818,0,44,United-States,<=50K,0,train,0.904,1,1,1
44,Self-emp-inc,63503,Bachelors,13,Married-civ-spouse,Sales,Husband,White,Male,0,0,60,Greece,>50K,1,train,0.715,1,1,1
55,Private,200453,Some-college,10,Married-civ-spouse,Tech-support,Husband,White,Male,0,0,40,United-States,<=50K,0,test,0.445,0,0,0
60,Private,108969,10th,6,Married-civ-spouse,Craft-repair,Husband,White,Male,0,0,50,United-States,<=50K,0,train,0.233,0,0,0
17,Private,127366,10th,6,Never-married,Other-service,Own-child,White,Female,0,0,20,United-States,<=50K,0,train,0.0,0,0,0
32,Private,100734,HS-grad,9,Never-married,Exec-managerial,Not-in-family,White,Female,0,0,50,United-States,<=50K,0,test,0.061,0,0,0
35,Private,187625,Some-college,10,Married-civ-spouse,Sales,Wife,White,Female,0,0,40,United-States,>50K,1,train,0.426,0,1,0
24,Private,376755,Some-college,10,Never-married,Other-service,Unmarried,White,Female,0,0,20,United-States,<=50K,0,test,0.004,0,0,0
33,Private,104620,Masters,14,Married-civ-spouse,Tech-support,Wife,White,Female,0,0,15,United-States,<=50K,0,train,0.491,0,1,1
53,Federal-gov,141340,HS-grad,9,Married-civ-spouse,Transport-moving,Husband,White,Male,0,0,40,United-States,>50K,1,train,0.255,0,0,0
51,Self-emp-not-inc,181139,Some-college,10,Married-civ-spouse,Sales,Husband,White,Male,0,0,40,United-States,>50K,1,train,0.29,0,0,0
34,Private,87218,Bachelors,13,Married-civ-spouse,Prof-specialty,Husband,White,Male,0,0,45,United-States,>50K,1,train,0.665,1,1,1
28,Private,219863,Assoc-acdm,12,Married-civ-spouse,Machine-op-inspct,Husband,White,Male,0,0,40,United-States,<=50K,0,train,0.314,0,0,0
45,Self-emp-not-inc,87490,Prof-school,15,Married-civ-spouse,Prof-specialty,Husband,White,Male,0,1977,50,United-States,>50K,1,train,0.839,1,1,1
52,Private,89041,Bachelors,13,Married-civ-spouse,Sales,Husband,White,Male,0,0,40,United-States,>50K,1,train,0.621,1,1,1
17,Private,188949,11th,7,Never-married,Transport-moving,Not-in-family,White,Male,0,0,40,United-States,<=50K,0,test,0.006,0,0,0
45,Private,160428,Assoc-acdm,12,Divorced,Prof-specialty,Unmarried,White,Female,0,0,43,United-States,<=50K,0,test,0.139,0,0,0
48,Self-emp-not-inc,56841,Some-college,10,Divorced,Transport-moving,Not-in-family,White,Male,0,0,40,United-States,<=50K,0,test,0.018,0,0,0
36,Private,128516,HS-grad,9,Divorced,Other-service,Not-in-family,White,Female,0,0,20,United-States,<=50K,0,test,0.005,0,0,0
33,Private,119017,Some-college,10,Divorced,Adm-clerical,Unmarried,White,Female,0,0,50,United-States,<=50K,0,train,0.046,0,0,0
18,Private,115815,Some-college,10,Never-married,Other-service,Own-child,White,Male,0,0,20,England,<=50K,0,train,0.002,0,0,0
33,Private,255004,HS-grad,9,Never-married,Transport-moving,Not-in-family,White,Male,2354,0,61,United-States,<=50K,0,train,0.046,0,0,0
69,Self-emp-not-inc,505365,Some-college,10,Married-civ-spouse,Sales,Husband,White,Male,6514,0,45,United-States,>50K,1,train,0.791,1,1,1
50,Private,170326,HS-grad,9,Divorced,Machine-op-inspct,Not-in-family,White,Female,0,0,40,United-States,<=50K,0,train,0.025,0,0,0
46,Private,95864,Some-college,10,Divorced,Other-service,Unmarried,White,Female,0,0,40,United-States,<=50K,0,train,0.016,0,0,0
30,Private,143540,9th,5,Married-civ-spouse,Farming-fishing,Husband,White,Male,0,0,40,United-States,<=50K,0,train,0.055,0,0,0
37,Private,261241,Some-college,10,Married-civ-spouse,Tech-support,Husband,White,Male,0,1485,50,United-States,<=50K,0,test,0.574,1,0,1
36,Private,151029,7th-8th,4,Married-civ-spouse,Farming-fishing,Husband,White,Male,0,0,55,United-States,<=50K,0,train,0.075,0,0,0
62,Private,155915,10th,6,Married-civ-spouse,Machine-op-inspct,Husband,White,Male,0,0,40,United-States,<=50K,0,test,0.134,0,0,0
37,Private,139684,HS-grad,9,Divorced,Machine-op-inspct,Not-in-family,White,Male,0,0,45,United-States,<=50K,0,test,0.024,0,0,0
61,Self-emp-inc,190610,Bachelors,13,Married-civ-spouse,Sales,Husband,White,Male,0,0,45,United-States,>50K,1,train,0.678,1,1,1
32,Private,250853,Assoc-voc,11,Divorced,Adm-clerical,Not-in-family,White,Male,0,0,40,United-States,<=50K,0,train,0.039,0,0,0
59,State-gov,100270,Masters,14,Divorced,Prof-specialty,Not-in-family,White,Female,0,0,60,United-States,<=50K,0,train,0.251,0,0,0
22,,145964,HS-grad,9,Never-married,,Unmarried,White,Male,0,0,40,United-States,<=50K,0,train,0.016,0,0,0
21,Private,135267,Assoc-acdm,12,Never-married,Prof-specialty,Not-in-family,White,Female,0,0,36,United-States,<=50K,0,train,0.05,0,0,0
66,Private,97847,Assoc-voc,11,Married-civ-spouse,Craft-repair,Husband,White,Male,0,0,38,United-States,<=50K,0,test,0.465,0,0,0
42,Private,225193,Bachelors,13,Married-civ-spouse,Exec-managerial,Husband,White,Male,0,0,40,United-States,<=50K,0,train,0.733,1,1,1
34,Private,162604,HS-grad,9,Never-married,Craft-repair,Other-relative,Black,Male,0,0,40,United-States,<=50K,0,test,0.023,0,0,0
26,Private,140446,HS-grad,9,Married-civ-spouse,Handlers-cleaners,Wife,White,Female,0,0,40,United-States,<=50K,0,test,0.322,0,0,0
50,Local-gov,68898,Doctorate,16,Married-civ-spouse,Exec-managerial,Husband,White,Male,0,0,55,United-States,>50K,1,test,0.906,1,1,1
48,Private,210369,HS-grad,9,Never-married,Craft-repair,Own-child,White,Male,0,0,40,United-States,<=50K,0,train,0.01,0,0,0
30,Private,175690,Some-college,10,Never-married,Adm-clerical,Unmarried,Black,Female,0,0,40,United-States,<=50K,0,train,0.021,0,0,0
36,Self-emp-not-inc,184435,11th,7,Never-married,Transport-moving,Not-in-family,Black,Male,0,0,40,United-States,<=50K,0,train,0.004,0,0,0
48,Local-gov,186172,Assoc-acdm,12,Married-civ-spouse,Protective-serv,Husband,White,Male,0,0,40,United-States,>50K,1,train,0.721,1,1,1
56,Local-gov,203250,Some-college,10,Married-civ-spouse,Protective-serv,Husband,White,Male,0,0,40,United-States,<=50K,0,train,0.63,1,1,1
51,Private,155983,HS-grad,9,Married-civ-spouse,Craft-repair,Husband,White,Male,0,0,50,United-States,<=50K,0,train,0.373,0,0,0
44,Private,211351,Some-college,10,Married-civ-spouse,Sales,Wife,White,Female,4386,0,40,United-States,>50K,1,train,0.738,1,1,1
19,,155863,Some-college,10,Never-married,,Own-child,White,Female,0,1602,30,United-States,<=50K,0,train,0.01,0,0,0
33,Private,388672,Assoc-voc,11,Married-civ-spouse,Craft-repair,Husband,White,Male,0,0,60,United-States,<=50K,0,train,0.519,1,0,0
27,Private,197918,11th,7,Never-married,Craft-repair,Unmarried,Black,Male,0,0,47,United-States,<=50K,0,test,0.013,0,0,0
50,Self-emp-not-inc,118058,Bachelors,13,Married-civ-spouse,Exec-managerial,Husband,White,Male,15024,0,55,United-States,>50K,1,test,0.994,1,1,1
22,Private,263398,Some-college,10,Never-married,Tech-support,Not-in-family,White,Male,0,0,50,United-States,<=50K,0,test,0.037,0,0,0
38,Private,268893,Assoc-voc,11,Married-civ-spouse,Transport-moving,Husband,White,Male,0,0,70,United-States,<=50K,0,test,0.527,1,0,0
23,Private,117767,HS-grad,9,Never-married,Adm-clerical,Own-child,White,Male,0,0,36,United-States,<=50K,0,train,0.005,0,0,0
28,Private,289991,HS-grad,9,Married-civ-spouse,Craft-repair,Husband,White,Male,0,0,40,United-States,>50K,1,test,0.226,0,0,0
28,Private,360224,HS-grad,9,Married-civ-spouse,Transport-moving,Husband,White,Male,0,0,50,United-States,<=50K,0,train,0.218,0,0,0
35,Local-gov,182074,HS-grad,9,Separated,Protective-serv,Not-in-family,White,Male,0,0,42,United-States,<=50K,0,test,0.083,0,0,0
58,Private,32365,Some-college,10,Married-civ-spouse,Craft-repair,Husband,White,Male,0,0,50,United-States,<=50K,0,train,0.466,0,0,0
20,Private,39477,Some-college,10,Never-married,Sales,Own-child,White,Female,0,0,20,United-States,<=50K,0,train,0.006,0,0,0
70,Private,117464,HS-grad,9,Married-civ-spouse,Other-service,Husband,White,Male,0,0,16,United-States,<=50K,0,train,0.077,0,0,0
21,Private,154964,HS-grad,9,Divorced,Machine-op-inspct,Other-relative,Black,Female,0,0,40,United-States,<=50K,0,train,0.019,0,0,0
24,Private,42100,Some-college,10,Never-married,Adm-clerical,Unmarried,White,Female,0,0,20,United-States,<=50K,0,train,0.01,0,0,0
19,Private,179422,HS-grad,9,Never-married,Other-service,Not-in-family,White,Female,0,0,35,United-States,<=50K,0,train,0.004,0,0,0
46,Private,266860,Assoc-acdm,12,Married-civ-spouse,Exec-managerial,Husband,White,Male,0,0,60,United-States,>50K,1,test,0.814,1,1,1
52,Private,24740,HS-grad,9,Married-civ-spouse,Transport-moving,Husband,White,Male,0,1740,55,United-States,<=50K,0,train,0.457,0,0,0
62,Private,256723,Some-college,10,Divorced,Farming-fishing,Not-in-family,White,Male,0,0,40,United-States,<=50K,0,test,0.032,0,0,0
59,Private,33725,9th,5,Married-civ-spouse,Exec-managerial,Husband,White,Male,0,0,40,United-States,>50K,1,train,0.29,0,0,0
39,,265685,Some-college,10,Divorced,,Not-in-family,White,Male,0,0,65,Puerto-Rico,<=50K,0,train,0.049,0,0,0
43,Private,214541,Masters,14,Divorced,Prof-specialty,Not-in-family,White,Male,0,0,40,Canada,<=50K,0,train,0.167,0,0,0
35,Private,167691,HS-grad,9,Never-married,Handlers-cleaners,Own-child,White,Female,0,0,20,United-States,<=50K,0,train,0.005,0,0,0
24,Private,161092,Bachelors,13,Never-married,Exec-managerial,Not-in-family,White,Male,0,0,40,United-States,<=50K,0,train,0.107,0,0,0
18,State-gov,352317,Some-college,10,Never-married,Other-service,Own-child,White,Female,0,0,20,United-States,<=50K,0,train,0.001,0,0,0
33,Private,114691,HS-grad,9,Married-civ-spouse,Craft-repair,Husband,White,Male,0,0,50,United-States,<=50K,0,train,0.308,0,0,0
29,Private,195557,Assoc-acdm,12,Divorced,Handlers-cleaners,Not-in-family,White,Female,0,0,40,United-States,<=50K,0,test,0.068,0,0,0
47,Self-emp-not-inc,173938,Prof-school,15,Never-married,Prof-specialty,Not-in-family,White,Male,0,2258,20,United-States,<=50K,0,train,0.11,0,0,0
37,Private,86308,Bachelors,13,Married-civ-spouse,Prof-specialty,Wife,Asian-Pac-Islander,Female,0,0,40,Philippines,>50K,1,test,0.821,1,1,1
25,Private,197036,Some-college,10,Married-civ-spouse,Sales,Husband,White,Male,0,0,50,United-States,<=50K,0,test,0.397,0,0,0
35,Private,150057,HS-grad,9,Married-civ-spouse,Machine-op-inspct,Husband,White,Male,4386,0,48,United-States,<=50K,0,test,0.493,0,0,0
50,Private,99316,HS-grad,9,Divorced,Transport-moving,Not-in-family,White,Male,0,0,50,United-States,<=50K,0,test,0.034,0,0,0
23,Private,496856,Assoc-acdm,12,Never-married,Sales,Own-child,White,Female,0,0,35,United-States,<=50K,0,train,0.016,0,0,0
42,Private,89226,Assoc-voc,11,Married-civ-spouse,Transport-moving,Husband,White,Male,0,0,45,United-States,>50K,1,train,0.337,0,0,0
38,Self-emp-not-inc,589838,HS-grad,9,Married-civ-spouse,Craft-repair,Husband,White,Male,0,0,47,United-States,<=50K,0,train,0.2,0,0,0
30,Private,415266,HS-grad,9,Married-civ-spouse,Tech-support,Husband,White,Male,0,0,40,United-States,>50K,1,train,0.29,0,0,0
52,Private,234286,Some-college,10,Divorced,Transport-moving,Not-in-family,White,Male,0,0,84,United-States,<=50K,0,train,0.13,0,0,0
27,Private,108574,HS-grad,9,Never-married,Other-service,Own-child,White,Female,0,0,40,United-States,<=50K,0,train,0.002,0,0,0
44,Local-gov,282069,Assoc-voc,11,Married-civ-spouse,Farming-fishing,Husband,White,Male,0,0,40,United-States,<=50K,0,train,0.234,0,0,0
40,Private,171424,Masters,14,Never-married,Prof-specialty,Not-in-family,White,Male,0,0,50,United-States,<=50K,0,test,0.166,0,0,0
30,Self-emp-not-inc,164461,11th,7,Divorced,Sales,Unmarried,White,Male,0,653,40,United-States,<=50K,0,train,0.015,0,0,0
49,Private,558752,Some-college,10,Divorced,Adm-clerical,Not-in-family,White,Female,3674,0,40,United-States,<=50K,0,train,0.099,0,0,0
20,Private,273147,HS-grad,9,Never-married,Machine-op-inspct,Own-child,Black,Male,0,0,40,United-States,<=50K,0,train,0.004,0,0,0
20,Private,169188,Some-college,10,Never-married,Other-service,Not-in-family,White,Female,0,0,30,United-States,<=50K,0,train,0.005,0,0,0
38,Self-emp-not-inc,374983,Some-college,10,Married-civ-spouse,Craft-repair,Husband,White,Male,0,0,55,United-States,<=50K,0,train,0.301,0,0,0
26,Private,195994,Bachelors,13,Separated,Sales,Not-in-family,White,Female,0,0,40,United-States,<=50K,0,test,0.09,0,0,0
20,Private,259788,HS-grad,9,Never-married,Handlers-cleaners,Own-child,Black,Male,0,0,40,United-States,<=50K,0,train,0.008,0,0,0
58,Self-emp-not-inc,216948,10th,6,Separated,Sales,Other-relative,Other,Male,0,0,40,Cuba,<=50K,0,test,0.013,0,0,0
42,State-gov,884434,Some-college,10,Separated,Prof-specialty,Unmarried,Black,Female,0,0,40,United-States,<=50K,0,train,0.047,0,0,0
63,Self-emp-not-inc,22228,HS-grad,9,Married-civ-spouse,Other-service,Husband,White,Male,0,0,40,United-States,>50K,1,train,0.088,0,0,0
48,Private,126441,1st-4th,2,Married-civ-spouse,Other-service,Husband,Asian-Pac-Islander,Male,0,0,45,China,<=50K,0,test,0.005,0,0,0
22,Private,234970,Some-college,10,Never-married,Other-service,Own-child,Black,Female,0,0,40,,<=50K,0,test,0.002,0,0,0
51,Self-emp-not-inc,123011,HS-grad,9,Divorced,Craft-repair,Own-child,White,Male,0,0,40,United-States,<=50K,0,test,0.009,0,0,0
45,Self-emp-not-inc,29019,HS-grad,9,Married-civ-spouse,Other-service,Wife,White,Female,0,0,55,United-States,<=50K,0,train,0.139,0,0,0
38,Private,179481,HS-grad,9,Married-civ-spouse,Machine-op-inspct,Husband,White,Male,0,0,40,Poland,<=50K,0,test,0.125,0,0,0
46,Private,33084,HS-grad,9,Divorced,Craft-repair,Not-in-family,White,Male,0,0,40,United-States,<=50K,0,train,0.033,0,0,0
67,Private,283416,Masters,14,Never-married,Prof-specialty,Not-in-family,White,Male,0,0,40,United-States,<=50K,0,train,0.18,0,0,0
32,Private,211239,Some-college,10,Married-AF-spouse,Exec-managerial,Wife,White,Female,0,0,40,United-States,>50K,1,test,0.214,0,0,0
52,Local-gov,71489,HS-grad,9,Married-civ-spouse,Craft-repair,Husband,White,Male,0,1579,40,United-States,<=50K,0,test,0.367,0,0,0
41,Self-emp-not-inc,200479,HS-grad,9,Never-married,Craft-repair,Not-in-family,White,Male,0,0,48,United-States,<=50K,0,train,0.016,0,0,0
22,Private,21154,HS-grad,9,Never-married,Other-service,Not-in-family,White,Female,0,1590,32,United-States,<=50K,0,train,0.006,0,0,0
21,Private,280081,Some-college,10,Never-married,Sales,Own-child,White,Female,0,0,40,United-States,<=50K,0,train,0.011,0,0,0
35,Local-gov,191779,Some-college,10,Married-civ-spouse,Craft-repair,Husband,White,Male,0,0,40,United-States,>50K,1,train,0.261,0,0,0
31,,212529,Some-college,10,Never-married,,Own-child,Black,Male,0,0,40,United-States,<=50K,0,test,0.01,0,0,0
23,Private,437940,HS-grad,9,Married-civ-spouse,Machine-op-inspct,Husband,White,Male,0,0,40,United-States,<=50K,0,train,0.157,0,0,0
47,Self-emp-inc,193960,Some-college,10,Married-civ-spouse,Sales,Husband,White,Male,7298,0,45,United-States,>50K,1,train,0.843,1,1,1
57,Local-gov,317690,Masters,14,Married-civ-spouse,Exec-managerial,Husband,White,Male,7688,0,60,United-States,>50K,1,train,0.983,1,1,1
18,Private,170094,HS-grad,9,Never-married,Handlers-cleaners,Own-child,White,Female,0,0,20,United-States,<=50K,0,test,0.004,0,0,0
41,Private,190786,Assoc-voc,11,Married-civ-spouse,Adm-clerical,Husband,White,Male,7298,0,40,United-States,>50K,1,train,0.795,1,1,1
76,Private,328227,Bachelors,13,Married-civ-spouse,Adm-clerical,Husband,White,Male,5556,0,13,United-States,>50K,1,train,0.746,1,1,1
72,Self-emp-not-inc,336423,5th-6th,3,Married-civ-spouse,Farming-fishing,Husband,White,Male,0,0,40,United-States,<=50K,0,train,0.037,0,0,0
67,Private,113323,Masters,14,Divorced,Adm-clerical,Unmarried,White,Male,0,0,41,United-States,<=50K,0,test,0.155,0,0,0
45,Private,124973,Some-college,10,Married-civ-spouse,Craft-repair,Husband,White,Male,0,0,30,United-States,<=50K,0,train,0.264,0,0,0
37,Private,73199,HS-grad,9,Married-civ-spouse,Handlers-cleaners,Husband,Asian-Pac-Islander,Male,0,0,40,United-States,>50K,1,train,0.296,0,0,0
56,Private,33115,HS-grad,9,Divorced,Other-service,Unmarried,White,Female,0,0,40,United-States,<=50K,0,train,0.014,0,0,0
33,Self-emp-not-inc,398874,Bachelors,13,Never-married,Tech-support,Own-child,White,Male,0,0,40,United-States,<=50K,0,train,0.018,0,0,0
24,Self-emp-inc,158950,Bachelors,13,Married-civ-spouse,Sales,Husband,White,Male,0,0,45,United-States,<=50K,0,train,0.537,1,0,0
24,Private,376474,HS-grad,9,Married-civ-spouse,Handlers-cleaners,Husband,White,Male,0,0,65,United-States,<=50K,0,train,0.443,0,0,0
38,Private,171150,7th-8th,4,Married-civ-spouse,Craft-repair,Husband,White,Male,3781,0,78,United-States,<=50K,0,train,0.471,0,0,0
53,Private,261207,HS-grad,9,Married-civ-spouse,Other-service,Husband,White,Male,0,0,40,Peru,<=50K,0,train,0.052,0,0,0
26,Private,38257,HS-grad,9,Never-married,Other-service,Unmarried,White,Female,0,0,20,United-States,<=50K,0,train,0.003,0,0,0
66,Self-emp-not-inc,439777,10th,6,Married-civ-spouse,Craft-repair,Husband,White,Male,0,0,25,United-States,<=50K,0,train,0.076,0,0,0
27,Private,1490400,Some-college,10,Married-civ-spouse,Exec-managerial,Husband,White,Male,0,0,40,United-States,<=50K,0,train,0.487,0,0,0
54,Private,105638,9th,5,Married-civ-spouse,Craft-repair,Husband,White,Male,0,0,40,United-States,<=50K,0,test,0.13,0,0,0
37,Private,111129,Assoc-voc,11,Married-civ-spouse,Craft-repair,Husband,White,Male,0,0,39,United-States,<=50K,0,train,0.36,0,0,0
31,Private,307543,10th,6,Never-married,Transport-moving,Own-child,White,Male,0,0,99,Cuba,<=50K,0,test,0.013,0,0,0
36,Private,115336,Assoc-voc,11,Married-civ-spouse,Prof-specialty,Wife,White,Female,0,0,50,United-States,>50K,1,train,0.656,1,1,1
31,Local-gov,201697,Bachelors,13,Married-civ-spouse,Prof-specialty,Wife,White,Female,0,0,40,United-States,>50K,1,train,0.639,1,1,1
54,Private,85423,HS-grad,9,Married-civ-spouse,Transport-moving,Husband,White,Male,0,0,40,United-States,>50K,1,train,0.232,0,0,0
17,Private,154337,11th,7,Never-married,Other-service,Own-child,White,Female,0,0,13,United-States,<=50K,0,train,0.0,0,0,0
30,Private,171483,HS-grad,9,Never-married,Craft-repair,Own-child,White,Male,0,0,38,United-States,<=50K,0,test,0.007,0,0,0
52,Local-gov,140027,HS-grad,9,Widowed,Other-service,Not-in-family,White,Female,0,0,20,United-States,<=50K,0,test,0.006,0,0,0
32,Private,96016,Bachelors,13,Never-married,Prof-specialty,Not-in-family,White,Male,0,0,40,United-States,<=50K,0,test,0.087,0,0,0
26,Private,196866,HS-grad,9,Never-married,Sales,Not-in-family,White,Female,0,0,38,United-States,<=50K,0,train,0.019,0,0,0
32,Local-gov,349148,Assoc-acdm,12,Married-civ-spouse,Craft-repair,Husband,White,Male,0,0,40,United-States,>50K,1,train,0.367,0,0,0
24,Private,117222,HS-grad,9,Divorced,Handlers-cleaners,Own-child,White,Male,0,0,40,United-States,<=50K,0,test,0.013,0,0,0
45,Private,169324,9th,5,Divorced,Other-service,Unmarried,Black,Female,0,0,40,Haiti,<=50K,0,train,0.003,0,0,0
26,Private,114483,HS-grad,9,Never-married,Craft-repair,Own-child,White,Male,0,0,40,United-States,<=50K,0,train,0.007,0,0,0
68,Local-gov,159643,HS-grad,9,Married-civ-spouse,Adm-clerical,Husband,White,Male,0,0,15,United-States,<=50K,0,test,0.145,0,0,0
42,Private,191149,HS-grad,9,Married-civ-spouse,Sales,Wife,White,Female,0,0,40,United-States,>50K,1,test,0.388,0,1,0
81,Private,39667,HS-grad,9,Married-civ-spouse,Transport-moving,Husband,Black,Male,0,0,20,United-States,<=50K,0,train,0.191,0,0,0
47,,80451,7th-8th,4,Married-civ-spouse,,Husband,White,Male,0,0,40,United-States,<=50K,0,train,0.09,0,0,0
28,Private,106141,HS-grad,9,Married-civ-spouse,Craft-repair,Husband,White,Male,99999,0,40,United-States,>50K,1,train,1.0,1,1,1
46,Private,168441,Some-college,10,Married-civ-spouse,Craft-repair,Husband,White,Male,0,0,45,United-States,>50K,1,test,0.378,0,0,0
53,Private,203967,HS-grad,9,Never-married,Adm-clerical,Not-in-family,White,Male,0,0,40,United-States,<=50K,0,test,0.022,0,0,0
23,Private,34431,HS-grad,9,Never-married,Machine-op-inspct,Not-in-family,White,Female,0,0,40,United-States,<=50K,0,test,0.011,0,0,0
21,Private,227307,HS-grad,9,Married-civ-spouse,Adm-clerical,Wife,White,Female,0,0,43,United-States,>50K,1,test,0.252,0,0,0
63,Private,252457,HS-grad,9,Widowed,Exec-managerial,Not-in-family,White,Male,0,0,40,United-States,<=50K,0,test,0.123,0,0,0
33,Private,249438,HS-grad,9,Never-married,Other-service,Own-child,Black,Female,0,0,40,United-States,<=50K,0,test,0.003,0,0,0
28,Private,209301,HS-grad,9,Married-civ-spouse,Transport-moving,Husband,White,Male,0,1848,40,United-States,>50K,1,test,0.262,0,0,0
67,State-gov,173623,Bachelors,13,Married-civ-spouse,Prof-specialty,Husband,White,Male,4931,0,30,United-States,<=50K,0,train,0.82,1,1,1
30,Private,206923,Assoc-acdm,12,Married-civ-spouse,Exec-managerial,Wife,Other,Female,0,1977,40,United-States,>50K,1,train,0.812,1,1,1
29,Private,190303,Bachelors,13,Divorced,Prof-specialty,Not-in-family,White,Male,2463,0,15,United-States,<=50K,0,train,0.101,0,0,0
53,Private,96062,9th,5,Divorced,Craft-repair,Not-in-family,White,Male,0,0,50,United-States,<=50K,0,test,0.018,0,0,0
54,Private,96678,HS-grad,9,Married-civ-spouse,Craft-repair,Husband,White,Male,0,0,45,United-States,<=50K,0,test,0.345,0,0,0
51,Self-emp-inc,126850,HS-grad,9,Married-civ-spouse,Transport-moving,Husband,White,Male,0,0,65,United-States,<=50K,0,train,0.387,0,0,0
37,Federal-gov,243177,Some-college,10,Never-married,Adm-clerical,Not-in-family,Black,Female,0,0,40,United-States,<=50K,0,test,0.025,0,0,0
36,Private,307520,Bachelors,13,Married-civ-spouse,Exec-managerial,Wife,Asian-Pac-Islander,Female,0,0,40,Philippines,>50K,1,train,0.866,1,1,1
35,Private,415167,Bachelors,13,Married-civ-spouse,Exec-managerial,Husband,White,Male,0,0,60,United-States,>50K,1,train,0.828,1,1,1
43,Private,211518,HS-grad,9,Divorced,Adm-clerical,Own-child,White,Female,0,0,40,United-States,<=50K,0,train,0.012,0,0,0
34,Private,154120,Masters,14,Married-civ-spouse,Exec-managerial,Husband,White,Male,15024,0,60,United-States,>50K,1,test,0.997,1,1,1
35,State-gov,227128,HS-grad,9,Divorced,Craft-repair,Own-child,White,Male,0,0,40,United-States,<=50K,0,train,0.007,0,0,0
40,Private,77313,Bachelors,13,Never-married,Exec-managerial,Not-in-family,White,Female,0,0,60,United-States,>50K,1,train,0.234,0,0,0
21,Private,565313,HS-grad,9,Never-married,Other-service,Own-child,Black,Male,0,0,40,United-States,<=50K,0,train,0.002,0,0,0
53,Private,241141,Some-college,10,Divorced,Adm-clerical,Unmarried,White,Female,0,0,40,,<=50K,0,test,0.028,0,0,0
53,Private,350510,5th-6th,3,Married-civ-spouse,Transport-moving,Husband,White,Male,0,0,40,United-States,<=50K,0,test,0.055,0,0,0
17,Private,153542,10th,6,Never-married,Sales,Own-child,White,Female,0,0,20,United-States,<=50K,0,train,0.002,0,0,0
38,Private,206951,Some-college,10,Never-married,Craft-repair,Own-child,White,Male,0,0,40,United-States,<=50K,0,test,0.011,0,0,0
31,Private,188798,Masters,14,Married-civ-spouse,Exec-managerial,Wife,White,Female,0,0,40,United-States,>50K,1,train,0.802,1,1,1
40,Private,197609,Some-college,10,Never-married,Exec-managerial,Not-in-family,White,Female,0,1340,40,United-States,<=50K,0,train,0.095,0,0,0
29,State-gov,160731,Masters,14,Married-civ-spouse,Tech-support,Husband,White,Male,0,0,50,Germany,<=50K,0,test,0.544,1,0,0
54,Private,230919,HS-grad,9,Married-civ-spouse,Transport-moving,Husband,White,Male,7688,0,60,United-States,>50K,1,train,0.827,1,1,1
37,Private,172927,Some-college,10,Divorced,Transport-moving,Not-in-family,White,Male,0,1741,70,United-States,<=50K,0,train,0.112,0,0,0
40,State-gov,255824,Masters,14,Married-civ-spouse,Protective-serv,Husband,White,Male,0,0,40,United-States,>50K,1,test,0.738,1,1,1
54,Private,145419,Bachelors,13,Married-civ-spouse,Sales,Husband,White,Male,0,0,60,United-States,>50K,1,train,0.769,1,1,1
29,Private,394927,10th,6,Married-civ-spouse,Transport-moving,Husband,White,Male,0,0,45,United-States,>50K,1,test,0.096,0,0,0
66,Self-emp-not-inc,99927,HS-grad,9,Widowed,Tech-support,Not-in-family,White,Female,0,0,45,United-States,<=50K,0,test,0.051,0,0,0
29,Private,296450,7th-8th,4,Never-married,Craft-repair,Not-in-family,White,Male,0,0,40,United-States,<=50K,0,test,0.004,0,0,0
55,Private,100821,HS-grad,9,Married-spouse-absent,Priv-house-serv,Not-in-family,Black,Female,0,0,36,United-States,<=50K,0,test,0.035,0,0,0
19,Private,96705,Some-college,10,Never-married,Sales,Own-child,White,Female,0,0,14,United-States,<=50K,0,test,0.004,0,0,0
38,Private,38145,HS-grad,9,Married-civ-spouse,Sales,Husband,White,Male,0,0,44,United-States,<=50K,0,train,0.335,0,0,0
44,Private,318046,Some-college,10,Married-civ-spouse,Sales,Husband,White,Male,0,0,35,United-States,>50K,1,test,0.349,0,0,0
21,Private,113106,HS-grad,9,Never-married,Sales,Other-relative,White,Female,0,0,19,United-States,<=50K,0,train,0.012,0,0,0
18,Self-emp-not-inc,58700,9th,5,Never-married,Farming-fishing,Other-relative,Other,Female,0,0,40,Mexico,<=50K,0,train,0.001,0,0,0
27,Private,100079,HS-grad,9,Never-married,Other-service,Not-in-family,Asian-Pac-Islander,Male,0,0,60,China,<=50K,0,train,0.002,0,0,0
68,Self-emp-not-inc,35468,Masters,14,Married-civ-spouse,Prof-specialty,Husband,White,Male,0,0,24,United-States,<=50K,0,train,0.56,1,0,0
65,Self-emp-not-inc,538099,Bachelors,13,Married-civ-spouse,Farming-fishing,Husband,White,Male,0,0,30,United-States,<=50K,0,test,0.269,0,0,0
29,Private,162257,Bachelors,13,Married-civ-spouse,Adm-clerical,Husband,White,Male,0,0,40,United-States,<=50K,0,test,0.433,0,0,0
39,Private,159168,Assoc-voc,11,Widowed,Exec-managerial,Unmarried,White,Female,0,3004,40,United-States,>50K,1,train,0.316,0,0,0
38,Private,425502,9th,5,Married-civ-spouse,Craft-repair,Husband,White,Male,0,0,40,United-States,>50K,1,train,0.104,0,0,0
17,Private,110916,11th,7,Never-married,Sales,Own-child,White,Female,0,0,10,United-States,<=50K,0,train,0.002,0,0,0
54,Private,221336,HS-grad,9,Widowed,Other-service,Unmarried,Asian-Pac-Islander,Female,0,0,40,Philippines,<=50K,0,train,0.032,0,0,0
37,Private,185068,Bachelors,13,Never-married,Other-service,Not-in-family,White,Male,0,0,20,Puerto-Rico,<=50K,0,train,0.006,0,0,0
29,Private,161615,HS-grad,9,Never-married,Handlers-cleaners,Not-in-family,White,Male,0,0,40,United-States,<=50K,0,train,0.021,0,0,0
56,Private,246687,Some-college,10,Divorced,Adm-clerical,Not-in-family,White,Female,0,0,40,United-States,<=50K,0,train,0.044,0,0,0
64,Self-emp-not-inc,187793,11th,7,Married-civ-spouse,Craft-repair,Husband,White,Male,0,0,40,United-States,<=50K,0,test,0.148,0,0,0
38,Self-emp-inc,298539,HS-grad,9,Never-married,Exec-managerial,Not-in-family,White,Male,0,0,50,United-States,<=50K,0,test,0.063,0,0,0
71,,78786,7th-8th,4,Married-civ-spouse,,Husband,White,Male,0,2149,24,United-States,<=50K,0,train,0.143,0,0,0
33,Self-emp-not-inc,190027,Masters,14,Never-married,Exec-managerial,Not-in-family,Black,Female,0,0,70,United-States,>50K,1,train,0.224,0,0,0
33,Private,361280,Doctorate,16,Married-civ-spouse,Tech-support,Husband,Asian-Pac-Islander,Male,0,0,40,Japan,<=50K,0,train,0.62,1,1,1
52,Private,186826,Prof-school,15,Never-married,Prof-specialty,Not-in-family,White,Male,0,1564,40,United-States,>50K,1,test,0.27,0,0,0
40,Private,300195,Some-college,10,Divorced,Tech-support,Unmarried,Black,Female,0,0,40,United-States,<=50K,0,train,0.057,0,0,0
60,Private,125832,HS-grad,9,Divorced,Prof-specialty,Not-in-family,White,Female,0,0,72,Canada,<=50K,0,train,0.167,0,0,0
59,Private,47534,Masters,14,Divorced,Exec-managerial,Not-in-family,White,Female,0,0,45,United-States,>50K,1,train,0.329,0,0,0
31,Private,140559,HS-grad,9,Married-civ-spouse,Other-service,Husband,Black,Male,0,0,40,United-States,<=50K,0,train,0.091,0,0,0
54,Self-emp-inc,151580,Bachelors,13,Married-civ-spouse,Tech-support,Husband,White,Male,0,0,40,United-States,>50K,1,train,0.627,1,1,1
49,Private,140826,Masters,14,Married-civ-spouse,Exec-managerial,Husband,Asian-Pac-Islander,Male,99999,0,50,,>50K,1,train,1.0,1,1,1
23,Private,33021,HS-grad,9,Married-civ-spouse,Machine-op-inspct,Husband,White,Male,0,0,40,United-States,<=50K,0,train,0.157,0,0,0
24,Private,132247,HS-grad,9,Married-civ-spouse,Other-service,Wife,White,Female,0,0,24,United-States,<=50K,0,train,0.066,0,0,0
49,Self-emp-inc,106169,Some-college,10,Divorced,Sales,Not-in-family,White,Female,0,0,40,United-States,<=50K,0,train,0.054,0,0,0
31,Private,203463,Masters,14,Never-married,Exec-managerial,Not-in-family,White,Female,99999,0,40,United-States,>50K,1,test,1.0,1,1,1
33,Private,399531,Bachelors,13,Married-civ-spouse,Craft-repair,Husband,Black,Male,0,0,40,United-States,<=50K,0,train,0.485,0,0,0
31,Self-emp-not-inc,404062,10th,6,Married-civ-spouse,Farming-fishing,Husband,White,Male,0,0,55,Portugal,>50K,1,train,0.098,0,0,0
24,Private,175778,Bachelors,13,Never-married,Exec-managerial,Not-in-family,White,Female,0,0,40,United-States,<=50K,0,train,0.107,0,0,0
42,,85995,HS-grad,9,Married-civ-spouse,,Husband,White,Male,0,0,52,United-States,<=50K,0,test,0.349,0,0,0
44,Private,191196,Some-college,10,Married-civ-spouse,Prof-specialty,Husband,White,Male,0,0,35,United-States,>50K,1,train,0.424,0,0,0
64,Private,298546,HS-grad,9,Married-civ-spouse,Farming-fishing,Husband,White,Male,0,0,70,United-States,<=50K,0,train,0.452,0,0,0
28,Private,118089,HS-grad,9,Married-civ-spouse,Exec-managerial,Husband,White,Male,4386,0,45,United-States,>50K,1,train,0.741,1,1,1
41,Private,482677,10th,6,Married-civ-spouse,Adm-clerical,Wife,White,Female,0,0,30,United-States,<=50K,0,train,0.117,0,0,0
21,Private,303187,Some-college,10,Never-married,Handlers-cleaners,Own-child,Asian-Pac-Islander,Male,0,0,40,Philippines,<=50K,0,test,0.02,0,0,0
62,Private,202958,Some-college,10,Married-civ-spouse,Machine-op-inspct,Husband,White,Male,0,0,40,United-States,<=50K,0,train,0.315,0,0,0
27,Private,54897,HS-grad,9,Married-civ-spouse,Handlers-cleaners,Husband,White,Male,0,0,40,United-States,<=50K,0,test,0.264,0,0,0
38,Private,95647,HS-grad,9,Never-married,Adm-clerical,Own-child,Asian-Pac-Islander,Male,0,0,30,United-States,<=50K,0,train,0.005,0,0,0
23,Private,239539,HS-grad,9,Never-married,Machine-op-inspct,Own-child,Asian-Pac-Islander,Male,0,0,40,Philippines,<=50K,0,test,0.009,0,0,0
18,Private,263656,11th,7,Never-married,Sales,Own-child,Black,Male,0,0,25,United-States,<=50K,0,train,0.003,0,0,0
45,Self-emp-not-inc,181307,Doctorate,16,Separated,Prof-specialty,Not-in-family,White,Male,0,1408,40,United-States,<=50K,0,train,0.271,0,0,0
41,Local-gov,113324,Assoc-acdm,12,Married-civ-spouse,Adm-clerical,Husband,White,Male,0,0,40,United-States,<=50K,0,train,0.367,0,0,0
26,Private,313473,Some-college,10,Never-married,Other-service,Not-in-family,White,Male,0,0,30,United-States,<=50K,0,train,0.005,0,0,0
31,Private,209529,11th,7,Married-civ-spouse,Adm-clerical,Husband,White,Male,0,0,40,Puerto-Rico,<=50K,0,train,0.081,0,0,0
34,Private,90409,Some-college,10,Never-married,Other-service,Own-child,White,Male,0,0,40,United-States,<=50K,0,test,0.003,0,0,0
46,Self-emp-not-inc,65535,Bachelors,13,Married-civ-spouse,Farming-fishing,Husband,White,Male,0,0,60,United-States,<=50K,0,train,0.428,0,0,0
47,Private,158685,12th,8,Divorced,Other-service,Not-in-family,White,Female,0,0,48,United-States,<=50K,0,train,0.011,0,0,0
37,Private,78374,HS-grad,9,Married-civ-spouse,Adm-clerical,Wife,Asian-Pac-Islander,Female,0,0,38,Japan,<=50K,0,train,0.173,0,0,0
23,Private,224217,11th,7,Never-married,Transport-moving,Not-in-family,White,Male,0,0,40,Puerto-Rico,<=50K,0,test,0.004,0,0,0
53,Private,77462,Some-college,10,Separated,Prof-specialty,Not-in-family,White,Male,0,0,60,United-States,<=50K,0,train,0.154,0,0,0
38,Private,79483,HS-grad,9,Divorced,Adm-clerical,Not-in-family,White,Female,0,0,45,United-States,<=50K,0,test,0.03,0,0,0
35,Self-emp-inc,49020,Assoc-acdm,12,Never-married,Farming-fishing,Own-child,White,Male,0,0,35,United-States,<=50K,0,test,0.008,0,0,0
38,Private,274907,Assoc-acdm,12,Never-married,Prof-specialty,Not-in-family,White,Male,0,0,35,United-States,<=50K,0,train,0.063,0,0,0
63,Private,123157,HS-grad,9,Married-civ-spouse,Handlers-cleaners,Husband,White,Male,0,0,40,United-States,<=50K,0,train,0.39,0,0,0
63,State-gov,89451,Prof-school,15,Married-civ-spouse,Prof-specialty,Husband,White,Male,0,0,40,United-States,>50K,1,train,0.731,1,1,1
37,Private,175232,Bachelors,13,Married-civ-spouse,Prof-specialty,Husband,White,Male,0,0,40,United-States,>50K,1,train,0.638,1,1,1
27,Private,110073,Bachelors,13,Never-married,Tech-support,Not-in-family,White,Male,0,0,40,England,>50K,1,test,0.098,0,0,0
28,Private,181008,Bachelors,13,Married-civ-spouse,Exec-managerial,Husband,White,Male,0,0,50,England,>50K,1,train,0.832,1,1,1
26,Private,210521,HS-grad,9,Married-civ-spouse,Craft-repair,Husband,White,Male,0,0,42,United-States,>50K,1,train,0.233,0,0,0
38,Federal-gov,290624,Assoc-voc,11,Never-married,Adm-clerical,Not-in-family,White,Female,0,0,40,United-States,<=50K,0,train,0.033,0,0,0
45,Private,71145,Bachelors,13,Divorced,Exec-managerial,Unmarried,White,Male,0,0,45,United-States,>50K,1,train,0.246,0,0,0
20,Private,132139,10th,6,Never-married,Handlers-cleaners,Own-child,White,Male,0,0,30,United-States,<=50K,0,test,0.003,0,0,0
22,Private,284895,Some-college,10,Married-civ-spouse,Exec-managerial,Husband,White,Male,0,0,55,United-States,<=50K,0,train,0.594,1,1,1
42,State-gov,178897,Masters,14,Divorced,Prof-specialty,Unmarried,White,Female,1151,0,40,United-States,<=50K,0,train,0.162,0,0,0
36,Private,89202,Assoc-voc,11,Married-civ-spouse,Exec-managerial,Husband,White,Male,0,0,50,United-States,>50K,1,train,0.67,1,1,1
39,Private,172571,Masters,14,Married-civ-spouse,Exec-managerial,Husband,White,Male,0,0,45,United-States,>50K,1,train,0.802,1,1,1
20,Private,221955,5th-6th,3,Never-married,Craft-repair,Other-relative,White,Male,0,0,40,Mexico,<=50K,0,train,0.002,0,0,0
35,Private,174077,Some-college,10,Divorced,Tech-support,Unmarried,White,Female,0,0,32,United-States,<=50K,0,train,0.041,0,0,0
20,Private,350824,Some-college,10,Never-married,Sales,Own-child,White,Female,0,0,20,United-States,<=50K,0,train,0.006,0,0,0
18,Private,169882,11th,7,Never-married,Handlers-cleaners,Own-child,White,Female,0,0,12,United-States,<=50K,0,train,0.002,0,0,0
20,Private,182615,HS-grad,9,Never-married,Handlers-cleaners,Own-child,White,Male,0,0,40,United-States,<=50K,0,test,0.008,0,0,0
22,Private,247734,HS-grad,9,Never-married,Sales,Own-child,White,Male,0,0,40,United-States,<=50K,0,test,0.009,0,0,0
30,Private,176064,HS-grad,9,Divorced,Craft-repair,Unmarried,White,Male,0,0,55,United-States,<=50K,0,train,0.046,0,0,0
38,Private,175665,Some-college,10,Married-civ-spouse,Prof-specialty,Wife,White,Female,0,0,40,United-States,<=50K,0,test,0.516,1,1,0
33,Private,233149,12th,8,Divorced,Machine-op-inspct,Own-child,White,Male,0,0,40,United-States,<=50K,0,train,0.006,0,0,0
30,Private,139838,10th,6,Separated,Other-service,Not-in-family,Black,Male,0,0,40,United-States,<=50K,0,test,0.004,0,0,0
33,Private,104509,Bachelors,13,Never-married,Prof-specialty,Unmarried,White,Female,0,0,40,United-States,<=50K,0,test,0.096,0,0,0
30,Private,156464,HS-grad,9,Never-married,Sales,Own-child,White,Male,0,0,40,Germany,<=50K,0,train,0.009,0,0,0
24,Private,215890,HS-grad,9,Married-civ-spouse,Adm-clerical,Husband,White,Male,0,0,40,United-States,<=50K,0,test,0.192,0,0,0
35,Private,176544,Some-college,10,Divorced,Sales,Not-in-family,White,Male,0,1741,50,United-States,<=50K,0,test,0.105,0,0,0
30,Private,83066,HS-grad,9,Married-civ-spouse,Transport-moving,Husband,Black,Male,0,0,30,United-States,<=50K,0,train,0.127,0,0,0
46,Self-emp-inc,222829,Masters,14,Married-civ-spouse,Exec-managerial,Husband,White,Male,0,0,60,United-States,>50K,1,train,0.877,1,1,1
49,Self-emp-inc,172246,Bachelors,13,Married-civ-spouse,Sales,Husband,White,Male,99999,0,40,United-States,>50K,1,test,1.0,1,1,1
62,Private,134779,Some-college,10,Divorced,Prof-specialty,Not-in-family,White,Female,4650,0,40,United-States,<=50K,0,train,0.264,0,0,0
36,Private,679853,HS-grad,9,Married-civ-spouse,Craft-repair,Husband,Black,Male,0,0,40,Dominican-Republic,<=50K,0,train,0.164,0,0,0
29,Private,148069,Assoc-voc,11,Never-married,Adm-clerical,Not-in-family,White,Female,0,0,40,United-States,<=50K,0,test,0.025,0,0,0
42,Private,297266,Some-college,10,Married-civ-spouse,Sales,Husband,White,Male,0,0,90,United-States,>50K,1,train,0.771,1,1,1
67,Private,127921,HS-grad,9,Married-civ-spouse,Exec-managerial,Husband,White,Male,9386,0,40,United-States,>50K,1,train,0.946,1,1,1
47,Private,158924,Bachelors,13,Married-civ-spouse,Exec-managerial,Wife,White,Female,0,0,40,United-States,>50K,1,train,0.8,1,1,1
18,,28132,12th,8,Never-married,,Own-child,White,Female,0,0,40,United-States,<=50K,0,train,0.005,0,0,0
31,Private,101562,Some-college,10,Divorced,Other-service,Own-child,White,Female,0,0,35,United-States,<=50K,0,train,0.004,0,0,0
28,State-gov,134813,Bachelors,13,Never-married,Prof-specialty,Not-in-family,White,Male,0,0,65,United-States,>50K,1,train,0.11,0,0,0
36,Private,116546,HS-grad,9,Married-civ-spouse,Other-service,Husband,White,Male,0,0,40,United-States,<=50K,0,test,0.098,0,0,0
31,Private,143083,Masters,14,Married-civ-spouse,Exec-managerial,Wife,White,Female,0,0,40,United-States,>50K,1,train,0.802,1,1,1
30,Private,196963,Assoc-acdm,12,Never-married,Tech-support,Own-child,White,Female,0,0,15,United-States,<=50K,0,test,0.01,0,0,0
37,Private,116960,HS-grad,9,Married-civ-spouse,Protective-serv,Husband,White,Male,0,0,40,United-States,>50K,1,train,0.538,1,0,0
46,Federal-gov,362835,Assoc-acdm,12,Married-civ-spouse,Prof-specialty,Husband,White,Male,0,0,40,Germany,>50K,1,train,0.622,1,1,1
43,State-gov,118544,Masters,14,Married-civ-spouse,Exec-managerial,Husband,White,Male,0,0,50,United-States,>50K,1,train,0.752,1,1,1
29,Private,438429,HS-grad,9,Never-married,Adm-clerical,Unmarried,White,Female,0,0,40,United-States,<=50K,0,test,0.016,0,0,0
38,Private,248011,11th,7,Divorced,Transport-moving,Unmarried,White,Male,0,0,55,United-States,<=50K,0,train,0.021,0,0,0
62,Private,84784,HS-grad,9,Divorced,Machine-op-inspct,Unmarried,White,Male,0,1741,40,United-States,<=50K,0,test,0.055,0,0,0
72,Self-emp-inc,149689,Prof-school,15,Married-civ-spouse,Prof-specialty,Husband,White,Male,20051,0,48,United-States,>50K,1,train,0.999,1,1,1
72,Private,75594,Some-college,10,Married-civ-spouse,Craft-repair,Husband,White,Male,2653,0,40,United-States,<=50K,0,test,0.615,1,1,1
22,Private,376393,HS-grad,9,Married-civ-spouse,Adm-clerical,Wife,White,Female,0,0,30,United-States,<=50K,0,test,0.181,0,0,0
27,Private,311446,Some-college,10,Never-married,Adm-clerical,Not-in-family,White,Female,0,0,60,Germany,<=50K,0,train,0.033,0,0,0
67,Self-emp-not-inc,221252,Masters,14,Divorced,Sales,Not-in-family,Other,Male,0,0,40,United-States,<=50K,0,train,0.121,0,0,0
39,Private,184659,HS-grad,9,Married-civ-spouse,Machine-op-inspct,Husband,White,Male,0,0,40,United-States,<=50K,0,train,0.195,0,0,0
46,Local-gov,149551,HS-grad,9,Married-civ-spouse,Protective-serv,Husband,White,Male,5013,0,50,United-States,<=50K,0,test,0.858,1,1,1
27,Private,152951,HS-grad,9,Never-married,Machine-op-inspct,Own-child,White,Male,0,0,40,United-States,<=50K,0,train,0.005,0,0,0
41,Private,173307,HS-grad,9,Married-civ-spouse,Craft-repair,Husband,White,Male,0,0,40,United-States,>50K,1,train,0.265,0,0,0
27,Private,309463,9th,5,Never-married,Handlers-cleaners,Not-in-family,White,Male,0,0,10,United-States,<=50K,0,train,0.003,0,0,0
28,State-gov,319027,HS-grad,9,Never-married,Prof-specialty,Not-in-family,Black,Female,0,0,40,United-States,<=50K,0,train,0.017,0,0,0
66,Private,133884,HS-grad,9,Widowed,Craft-repair,Not-in-family,White,Male,0,0,40,United-States,<=50K,0,test,0.055,0,0,0
38,Private,322092,HS-grad,9,Divorced,Handlers-cleaners,Not-in-family,White,Male,0,0,40,United-States,<=50K,0,train,0.036,0,0,0
40,Federal-gov,179717,HS-grad,9,Married-civ-spouse,Adm-clerical,Husband,White,Male,7298,0,50,United-States,>50K,1,train,0.782,1,1,1
32,Private,303692,Doctorate,16,Divorced,Prof-specialty,Not-in-family,White,Male,0,0,40,United-States,>50K,1,train,0.243,0,0,0
43,Private,55764,Some-college,10,Never-married,Handlers-cleaners,Unmarried,Black,Male,0,0,40,United-States,<=50K,0,train,0.037,0,0,0
17,Private,507492,11th,7,Never-married,Sales,Own-child,White,Female,0,0,15,Guatemala,<=50K,0,test,0.001,0,0,0
76,,84737,Bachelors,13,Widowed,,Other-relative,Asian-Pac-Islander,Male,0,0,32,China,<=50K,0,train,0.04,0,0,0
51,State-gov,250807,Some-college,10,Never-married,Exec-managerial,Not-in-family,White,Male,0,0,40,United-States,<=50K,0,train,0.046,0,0,0
21,,108670,Some-college,10,Never-married,,Own-child,White,Female,0,0,40,United-States,<=50K,0,train,0.008,0,0,0
49,,178341,HS-grad,9,Married-civ-spouse,,Husband,White,Male,7688,0,50,United-States,>50K,1,train,0.818,1,1,1
45,Private,92374,Some-college,10,Never-married,Exec-managerial,Not-in-family,Other,Male,13550,0,60,India,>50K,1,train,0.853,1,1,1
24,Private,278391,HS-grad,9,Never-married,Adm-clerical,Unmarried,White,Male,0,0,50,United-States,<=50K,0,train,0.021,0,0,0
32,Self-emp-not-inc,68879,Bachelors,13,Married-civ-spouse,Exec-managerial,Husband,White,Male,0,0,50,United-States,>50K,1,train,0.653,1,1,1
21,Private,204160,Some-college,10,Never-married,Sales,Own-child,White,Female,0,0,13,United-States,<=50K,0,train,0.004,0,0,0
26,Private,282643,HS-grad,9,Never-married,Adm-clerical,Own-child,White,Female,0,0,40,United-States,<=50K,0,train,0.006,0,0,0
38,Private,186191,HS-grad,9,Divorced,Sales,Not-in-family,White,Male,0,0,60,United-States,<=50K,0,train,0.071,0,0,0
47,Private,159399,Prof-school,15,Married-civ-spouse,Prof-specialty,Husband,White,Male,0,0,55,United-States,>50K,1,test,0.856,1,1,1
29,Private,262758,Assoc-acdm,12,Never-married,Other-service,Unmarried,Black,Male,0,625,60,United-States,<=50K,0,test,0.033,0,0,0
58,Private,111209,HS-grad,9,Married-civ-spouse,Farming-fishing,Husband,White,Male,0,0,45,United-States,<=50K,0,test,0.243,0,0,0
24,Private,123226,Bachelors,13,Never-married,Prof-specialty,Not-in-family,White,Male,0,0,40,United-States,<=50K,0,test,0.077,0,0,0
31,Private,114937,HS-grad,9,Married-civ-spouse,Craft-repair,Husband,White,Male,0,0,40,United-States,<=50K,0,test,0.235,0,0,0
41,Self-emp-not-inc,51494,Some-college,10,Married-civ-spouse,Craft-repair,Husband,White,Male,0,0,40,United-States,<=50K,0,test,0.214,0,0,0
40,Private,243580,Bachelors,13,Married-civ-spouse,Exec-managerial,Husband,White,Male,0,0,44,United-States,>50K,1,test,0.752,1,1,1
63,Private,298699,Assoc-acdm,12,Married-civ-spouse,Exec-managerial,Husband,White,Male,0,0,40,United-States,>50K,1,test,0.745,1,1,1
44,Private,321824,Doctorate,16,Married-civ-spouse,Prof-specialty,Husband,White,Male,0,0,20,United-States,<=50K,0,train,0.693,1,1,1
34,Private,302570,HS-grad,9,Married-civ-spouse,Other-service,Husband,Black,Male,0,0,36,United-States,<=50K,0,train,0.084,0,0,0
31,Private,246439,Assoc-acdm,12,Never-married,Tech-support,Own-child,White,Male,0,0,45,United-States,<=50K,0,test,0.028,0,0,0
29,Private,102875,11th,7,Married-civ-spouse,Handlers-cleaners,Own-child,Black,Male,0,0,20,United-States,<=50K,0,train,0.028,0,0,0
25,State-gov,154610,Bachelors,13,Married-spouse-absent,Handlers-cleaners,Not-in-family,White,Female,0,1719,15,United-States,<=50K,0,test,0.04,0,0,0
33,Private,179336,Masters,14,Never-married,Adm-clerical,Not-in-family,White,Female,0,0,40,United-States,<=50K,0,train,0.059,0,0,0
24,Private,30656,Some-college,10,Never-married,Other-service,Not-in-family,White,Male,0,0,24,United-States,<=50K,0,train,0.004,0,0,0
51,Private,123429,HS-grad,9,Married-civ-spouse,Handlers-cleaners,Husband,White,Male,0,0,40,United-States,<=50K,0,test,0.345,0,0,0
21,Private,270043,Some-college,10,Never-married,Tech-support,Own-child,White,Female,0,0,25,United-States,<=50K,0,train,0.007,0,0,0
25,Private,197403,Assoc-voc,11,Never-married,Craft-repair,Own-child,White,Male,0,0,40,United-States,<=50K,0,train,0.012,0,0,0
28,Private,244650,HS-grad,9,Never-married,Machine-op-inspct,Own-child,Black,Female,0,1602,25,United-States,<=50K,0,train,0.005,0,0,0
36,Private,199217,HS-grad,9,Divorced,Handlers-cleaners,Not-in-family,White,Male,0,0,40,Mexico,<=50K,0,train,0.019,0,0,0
23,Private,180339,HS-grad,9,Separated,Other-service,Unmarried,White,Female,0,0,40,United-States,<=50K,0,train,0.009,0,0,0
34,Private,287168,Some-college,10,Divorced,Adm-clerical,Unmarried,White,Male,0,0,40,United-States,<=50K,0,train,0.034,0,0,0
51,Private,202752,12th,8,Separated,Transport-moving,Not-in-family,Black,Male,0,0,40,United-States,<=50K,0,train,0.02,0,0,0
43,Private,163831,Some-college,10,Never-married,Other-service,Not-in-family,White,Male,0,0,40,United-States,<=50K,0,train,0.009,0,0,0
37,Self-emp-inc,199816,Prof-school,15,Married-civ-spouse,Prof-specialty,Husband,White,Male,0,0,50,United-States,>50K,1,train,0.8,1,1,1
51,Private,186299,Preschool,1,Never-married,Machine-op-inspct,Not-in-family,White,Male,0,0,30,United-States,<=50K,0,train,0.001,0,0,0
33,Private,348152,Some-college,10,Never-married,Adm-clerical,Not-in-family,White,Male,0,0,40,United-States,<=50K,0,train,0.021,0,0,0
62,,128230,Masters,14,Married-civ-spouse,,Husband,White,Male,0,0,48,United-States,>50K,1,train,0.715,1,1,1
36,Private,294760,Assoc-voc,11,Married-civ-spouse,Tech-support,Husband,White,Male,0,0,50,United-States,<=50K,0,train,0.522,1,0,0
54,Private,141272,HS-grad,9,Married-civ-spouse,Adm-clerical,Wife,White,Female,0,0,40,United-States,>50K,1,train,0.342,0,1,0
34,Private,173854,Masters,14,Divorced,Exec-managerial,Not-in-family,White,Male,27828,0,60,United-States,>50K,1,train,0.999,1,1,1
51,Private,114758,11th,7,Married-civ-spouse,Machine-op-inspct,Husband,White,Male,0,0,48,United-States,>50K,1,train,0.182,0,0,0
49,Private,118520,HS-grad,9,Divorced,Adm-clerical,Not-in-family,White,Female,0,0,45,United-States,<=50K,0,train,0.035,0,0,0
54,Private,105428,HS-grad,9,Divorced,Craft-repair,Not-in-family,White,Male,0,1741,40,United-States,<=50K,0,test,0.063,0,0,0
21,,171156,Some-college,10,Never-married,,Not-in-family,White,Female,0,0,40,United-States,<=50K,0,train,0.019,0,0,0
57,Private,181242,Bachelors,13,Married-civ-spouse,Exec-managerial,Husband,White,Male,0,0,40,United-States,>50K,1,test,0.777,1,1,1
32,Private,308365,HS-grad,9,Never-married,Craft-repair,Other-relative,Black,Male,0,0,38,United-States,<=50K,0,train,0.021,0,0,0
26,Private,57593,11th,7,Married-civ-spouse,Craft-repair,Husband,White,Male,0,0,40,United-States,<=50K,0,train,0.141,0,0,0
29,Private,168479,Masters,14,Never-married,Sales,Not-in-family,White,Male,0,0,40,United-States,<=50K,0,train,0.08,0,0,0
27,Private,336162,Some-college,10,Never-married,Adm-clerical,Other-relative,White,Female,0,0,40,United-States,<=50K,0,train,0.023,0,0,0
20,,358355,12th,8,Never-married,,Unmarried,White,Female,0,0,35,United-States,<=50K,0,train,0.01,0,0,0
40,State-gov,132125,Some-college,10,Married-civ-spouse,Adm-clerical,Husband,White,Male,0,0,40,United-States,<=50K,0,train,0.192,0,0,0
38,Private,170783,Assoc-voc,11,Divorced,Other-service,Own-child,White,Male,0,0,25,United-States,<=50K,0,train,0.004,0,0,0
26,Self-emp-not-inc,192652,Some-college,10,Never-married,Exec-managerial,Unmarried,White,Male,0,0,15,United-States,<=50K,0,train,0.015,0,0,0
29,Private,255187,Some-college,10,Never-married,Tech-support,Unmarried,Black,Female,0,0,40,United-States,<=50K,0,train,0.033,0,0,0
25,Private,150804,HS-grad,9,Never-married,Transport-moving,Not-in-family,Asian-Pac-Islander,Male,0,0,40,Vietnam,<=50K,0,train,0.007,0,0,0
53,Private,177727,Some-college,10,Married-civ-spouse,Exec-managerial,Husband,White,Male,0,0,50,United-States,>50K,1,train,0.67,1,1,1
32,Private,100904,Some-college,10,Separated,Other-service,Unmarried,Other,Female,0,0,70,United-States,<=50K,0,train,0.036,0,0,0
33,Private,229051,Bachelors,13,Married-civ-spouse,Exec-managerial,Husband,White,Male,0,1902,45,United-States,>50K,1,train,0.836,1,1,1
58,State-gov,312351,Bachelors,13,Married-civ-spouse,Prof-specialty,Husband,White,Male,0,0,40,United-States,>50K,1,train,0.593,1,1,1
19,Private,232261,9th,5,Never-married,Other-service,Own-child,White,Male,0,0,40,United-States,<=50K,0,train,0.001,0,0,0
39,Private,126569,Bachelors,13,Never-married,Transport-moving,Not-in-family,White,Male,0,0,40,,<=50K,0,train,0.024,0,0,0
57,Private,335605,Some-college,10,Married-civ-spouse,Prof-specialty,Husband,White,Male,0,0,40,United-States,>50K,1,train,0.518,1,0,0
55,Private,53481,Bachelors,13,Married-civ-spouse,Sales,Husband,White,Male,0,0,15,United-States,>50K,1,train,0.424,0,0,0
40,Private,184846,HS-grad,9,Married-civ-spouse,Prof-specialty,Wife,White,Female,5178,0,40,United-States,>50K,1,train,0.773,1,1,1
41,Private,182217,Some-college,10,Divorced,Tech-support,Unmarried,White,Female,0,0,30,United-States,<=50K,0,train,0.042,0,0,0
25,Private,216741,Bachelors,13,Never-married,Sales,Not-in-family,White,Female,0,0,45,United-States,<=50K,0,train,0.068,0,0,0
36,Self-emp-not-inc,66883,Some-college,10,Married-civ-spouse,Craft-repair,Husband,White,Male,0,0,60,United-States,<=50K,0,train,0.331,0,0,0
47,Private,349151,Assoc-voc,11,Married-civ-spouse,Machine-op-inspct,Husband,White,Male,0,0,45,United-States,>50K,1,train,0.359,0,0,0
37,,111268,Assoc-voc,11,Never-married,,Own-child,White,Female,0,0,32,United-States,<=50K,0,train,0.011,0,0,0
23,Private,37514,Some-college,10,Never-married,Sales,Not-in-family,White,Male,0,0,55,United-States,<=50K,0,train,0.042,0,0,0
27,Federal-gov,182637,Prof-school,15,Married-civ-spouse,Prof-specialty,Husband,White,Male,0,0,45,,>50K,1,train,0.68,1,1,1
56,Private,157786,HS-grad,9,Married-civ-spouse,Transport-moving,Husband,White,Male,0,0,48,United-States,>50K,1,train,0.29,0,0,0
31,,170513,HS-grad,9,Divorced,,Not-in-family,White,Female,0,0,99,United-States,<=50K,0,test,0.162,0,0,0
25,Private,235218,Some-college,10,Never-married,Adm-clerical,Not-in-family,White,Female,0,0,40,United-States,<=50K,0,train,0.018,0,0,0
30,Private,111567,HS-grad,9,Married-civ-spouse,Tech-support,Husband,White,Male,0,0,40,United-States,<=50K,0,train,0.29,0,0,0
18,Private,146225,10th,6,Never-married,Other-service,Own-child,Amer-Indian-Eskimo,Female,0,0,40,United-States,<=50K,0,train,0.001,0,0,0
34,Federal-gov,168931,Bachelors,13,Married-civ-spouse,Exec-managerial,Wife,Other,Female,0,0,40,United-States,>50K,1,test,0.79,1,1,1
45,Local-gov,198759,HS-grad,9,Married-civ-spouse,Exec-managerial,Husband,White,Male,0,1848,40,United-States,>50K,1,train,0.587,1,1,1
80,Self-emp-inc,120796,HS-grad,9,Married-civ-spouse,Exec-managerial,Husband,White,Male,0,0,40,United-States,<=50K,0,test,0.615,1,1,1
22,Private,293136,Some-college,10,Never-married,Other-service,Own-child,White,Female,0,0,30,United-States,<=50K,0,test,0.002,0,0,0
19,,372665,Some-college,10,Never-married,,Own-child,White,Male,0,0,40,United-States,<=50K,0,test,0.008,0,0,0
56,Private,100285,Some-college,10,Married-civ-spouse,Tech-support,Husband,White,Male,0,0,45,United-States,<=50K,0,train,0.492,0,0,0
25,Private,310545,Some-college,10,Never-married,Protective-serv,Own-child,White,Male,0,0,30,El-Salvador,<=50K,0,train,0.013,0,0,0
31,Private,178664,Some-college,10,Divorced,Other-service,Not-in-family,White,Female,0,0,30,United-States,<=50K,0,test,0.008,0,0,0
19,,331702,HS-grad,9,Never-married,,Own-child,White,Male,0,0,40,United-States,<=50K,0,train,0.006,0,0,0
54,Private,205337,HS-grad,9,Married-civ-spouse,Machine-op-inspct,Husband,White,Male,0,0,45,United-States,<=50K,0,train,0.267,0,0,0
46,Private,186539,HS-grad,9,Divorced,Craft-repair,Other-relative,White,Male,0,0,48,United-States,>50K,1,test,0.052,0,0,0
22,,118910,Some-college,10,Never-married,,Not-in-family,White,Male,0,0,43,United-States,<=50K,0,train,0.021,0,0,0
44,Private,185832,HS-grad,9,Married-civ-spouse,Machine-op-inspct,Husband,White,Male,7298,0,40,United-States,>50K,1,train,0.654,1,1,1
66,Self-emp-inc,45702,10th,6,Married-civ-spouse,Farming-fishing,Husband,White,Male,0,0,50,United-States,<=50K,0,train,0.152,0,0,0
31,Private,328199,HS-grad,9,Never-married,Tech-support,Not-in-family,White,Female,2354,0,40,United-States,<=50K,0,test,0.044,0,0,0
44,Self-emp-not-inc,180096,Masters,14,Divorced,Exec-managerial,Not-in-family,White,Male,0,0,20,United-States,<=50K,0,train,0.086,0,0,0
56,Self-emp-not-inc,206149,7th-8th,4,Never-married,Other-service,Unmarried,Black,Female,0,0,58,United-States,<=50K,0,test,0.003,0,0,0
26,Private,236242,Assoc-voc,11,Never-married,Adm-clerical,Not-in-family,White,Female,0,1590,40,United-States,<=50K,0,train,0.039,0,0,0
36,State-gov,21798,Bachelors,13,Married-civ-spouse,Protective-serv,Husband,White,Male,15024,0,40,Germany,>50K,1,train,0.991,1,1,1
34,Private,118710,HS-grad,9,Never-married,Handlers-cleaners,Not-in-family,White,Male,0,0,40,United-States,<=50K,0,train,0.023,0,0,0
27,Federal-gov,96219,HS-grad,9,Never-married,Tech-support,Own-child,White,Female,0,0,40,United-States,<=50K,0,train,0.011,0,0,0
40,Private,137304,Bachelors,13,Never-married,Adm-clerical,Unmarried,Black,Female,0,0,65,United-States,<=50K,0,train,0.12,0,0,0
21,Private,180690,Some-college,10,Never-married,Other-service,Own-child,White,Male,0,0,40,United-States,<=50K,0,train,0.003,0,0,0
55,Private,265579,Some-college,10,Widowed,Exec-managerial,Not-in-family,White,Female,2354,0,40,United-States,<=50K,0,test,0.234,0,0,0
36,Private,303187,Some-college,10,Married-civ-spouse,Machine-op-inspct,Husband,Asian-Pac-Islander,Male,0,0,44,,>50K,1,test,0.172,0,0,0
19,Private,253529,12th,8,Never-married,Adm-clerical,Own-child,White,Male,0,0,9,United-States,<=50K,0,train,0.001,0,0,0
41,Private,200479,HS-grad,9,Married-civ-spouse,Transport-moving,Husband,White,Male,0,0,40,United-States,<=50K,0,train,0.197,0,0,0
29,Private,410216,HS-grad,9,Married-civ-spouse,Sales,Husband,White,Male,0,0,40,United-States,<=50K,0,train,0.276,0,0,0
23,Private,241752,HS-grad,9,Married-civ-spouse,Craft-repair,Husband,White,Male,0,0,40,United-States,<=50K,0,train,0.213,0,0,0
48,Local-gov,121179,Some-college,10,Divorced,Exec-managerial,Not-in-family,White,Female,0,0,52,United-States,<=50K,0,train,0.126,0,0,0
57,Private,138777,Bachelors,13,Married-civ-spouse,Protective-serv,Wife,White,Female,0,0,45,Germany,>50K,1,train,0.875,1,1,1
37,Private,54159,HS-grad,9,Never-married,Farming-fishing,Not-in-family,White,Male,0,0,45,United-States,<=50K,0,train,0.013,0,0,0
35,Private,100375,Assoc-acdm,12,Married-civ-spouse,Sales,Husband,White,Male,0,1887,45,United-States,>50K,1,test,0.671,1,1,1
41,Private,24273,HS-grad,9,Married-civ-spouse,Other-service,Wife,White,Female,0,0,40,United-States,<=50K,0,train,0.137,0,0,0
38,Self-emp-inc,222532,Prof-school,15,Never-married,Sales,Not-in-family,White,Female,0,0,45,United-States,<=50K,0,test,0.128,0,0,0
36,Private,397877,HS-grad,9,Married-civ-spouse,Craft-repair,Husband,White,Male,5013,0,30,United-States,<=50K,0,train,0.479,0,0,0
61,,108398,11th,7,Widowed,,Unmarried,Black,Female,0,0,9,United-States,<=50K,0,test,0.011,0,0,0
46,Private,72896,Assoc-acdm,12,Married-civ-spouse,Craft-repair,Husband,White,Male,0,0,45,United-States,<=50K,0,train,0.512,1,0,0
36,Private,372525,Some-college,10,Married-civ-spouse,Sales,Husband,White,Male,0,0,48,United-States,<=50K,0,train,0.423,0,0,0
33,,212491,HS-grad,9,Divorced,,Not-in-family,Black,Female,0,0,40,United-States,<=50K,0,test,0.026,0,0,0
31,Private,161765,HS-grad,9,Never-married,Machine-op-inspct,Not-in-family,White,Male,0,0,50,United-States,<=50K,0,train,0.017,0,0,0
29,Private,211331,HS-grad,9,Never-married,Exec-managerial,Not-in-family,White,Male,0,0,50,Mexico,<=50K,0,test,0.031,0,0,0
38,Self-emp-inc,85566,Some-college,10,Never-married,Sales,Not-in-family,White,Male,0,0,65,United-States,<=50K,0,train,0.069,0,0,0
47,State-gov,142287,Bachelors,13,Married-civ-spouse,Prof-specialty,Husband,White,Male,0,0,35,United-States,>50K,1,train,0.508,1,0,0
55,Local-gov,227386,Bachelors,13,Married-civ-spouse,Prof-specialty,Husband,White,Male,0,0,40,United-States,>50K,1,train,0.659,1,1,1
52,Private,174452,Some-college,10,Never-married,Sales,Not-in-family,White,Female,0,0,40,United-States,<=50K,0,train,0.041,0,0,0
22,Private,535027,Some-college,10,Never-married,Transport-moving,Unmarried,Black,Male,0,0,15,United-States,<=50K,0,test,0.006,0,0,0
65,Self-emp-inc,150095,HS-grad,9,Married-civ-spouse,Transport-moving,Husband,White,Male,0,0,40,United-States,<=50K,0,train,0.253,0,0,0
30,Private,232766,HS-grad,9,Divorced,Other-service,Unmarried,White,Female,0,0,40,United-States,<=50K,0,train,0.009,0,0,0
45,Self-emp-not-inc,240786,Bachelors,13,Married-civ-spouse,Craft-repair,Husband,White,Male,0,0,40,United-States,>50K,1,train,0.396,0,0,0
35,Private,144401,Bachelors,13,Married-civ-spouse,Prof-specialty,Wife,Asian-Pac-Islander,Female,0,0,40,Philippines,>50K,1,train,0.816,1,1,1
31,Private,185216,Bachelors,13,Married-civ-spouse,Exec-managerial,Husband,White,Male,0,0,40,United-States,>50K,1,train,0.696,1,1,1
33,Private,127651,Bachelors,13,Married-civ-spouse,Exec-managerial,Husband,White,Male,0,0,55,United-States,>50K,1,train,0.798,1,1,1
26,Local-gov,314798,Some-college,10,Never-married,Protective-serv,Not-in-family,White,Male,0,0,60,United-States,>50K,1,train,0.108,0,0,0
41,Private,165815,HS-grad,9,Married-civ-spouse,Craft-repair,Husband,White,Male,0,0,40,United-States,>50K,1,train,0.265,0,0,0
47,Self-emp-inc,77660,Some-college,10,Married-civ-spouse,Exec-managerial,Husband,White,Male,15024,0,50,United-States,>50K,1,train,0.99,1,1,1
35,Private,238802,HS-grad,9,Never-married,Other-service,Own-child,White,Male,0,0,20,United-States,<=50K,0,test,0.001,0,0,0
30,Private,473133,Some-college,10,Married-civ-spouse,Sales,Husband,White,Male,0,0,50,United-States,<=50K,0,test,0.416,0,0,0
44,Private,335223,HS-grad,9,Married-civ-spouse,Handlers-cleaners,Husband,White,Male,0,0,40,United-States,>50K,1,train,0.32,0,0,0
26,Private,108822,HS-grad,9,Never-married,Transport-moving,Unmarried,White,Male,0,0,40,United-States,<=50K,0,train,0.012,0,0,0
24,Private,396099,Some-college,10,Never-married,Adm-clerical,Not-in-family,White,Female,0,0,40,United-States,<=50K,0,train,0.018,0,0,0
42,,191149,Bachelors,13,Married-civ-spouse,,Wife,White,Female,0,0,28,United-States,>50K,1,train,0.487,0,1,1
37,Private,22245,Some-college,10,Divorced,Sales,Not-in-family,White,Male,0,0,40,Outlying-US(Guam-USVI-etc),<=50K,0,test,0.034,0,0,0
22,Private,289982,11th,7,Never-married,Other-service,Not-in-family,White,Female,0,0,40,United-States,<=50K,0,train,0.003,0,0,0
64,Private,285610,11th,7,Divorced,Machine-op-inspct,Not-in-family,White,Female,0,0,40,United-States,<=50K,0,train,0.018,0,0,0
75,Private,71385,HS-grad,9,Divorced,Handlers-cleaners,Not-in-family,White,Female,0,0,20,United-States,<=50K,0,train,0.033,0,0,0
31,Private,152109,HS-grad,9,Never-married,Exec-managerial,Not-in-family,White,Male,0,0,50,United-States,<=50K,0,train,0.06,0,0,0
21,Private,136440,Some-college,10,Never-married,Sales,Own-child,Asian-Pac-Islander,Female,0,0,15,South,<=50K,0,test,0.002,0,0,0
52,Private,113843,Some-college,10,Divorced,Other-service,Unmarried,White,Female,0,0,45,United-States,<=50K,0,train,0.021,0,0,0
25,Local-gov,270379,HS-grad,9,Never-married,Adm-clerical,Not-in-family,Black,Female,0,0,40,United-States,<=50K,0,train,0.011,0,0,0
27,Private,165412,HS-grad,9,Never-married,Adm-clerical,Own-child,White,Male,0,0,20,United-States,<=50K,0,train,0.003,0,0,0
36,Private,168747,Bachelors,13,Never-married,Transport-moving,Not-in-family,White,Male,0,0,40,United-States,<=50K,0,train,0.038,0,0,0
20,Private,161962,Some-college,10,Never-married,Adm-clerical,Own-child,White,Female,0,0,16,United-States,<=50K,0,train,0.003,0,0,0
34,Private,177437,10th,6,Married-civ-spouse,Transport-moving,Husband,White,Male,0,0,60,United-States,<=50K,0,train,0.16,0,0,0
23,Private,237811,Some-college,10,Never-married,Adm-clerical,Unmarried,Black,Female,0,0,40,Trinadad&Tobago,<=50K,0,train,0.034,0,0,0
55,Local-gov,258121,Prof-school,15,Married-civ-spouse,Prof-specialty,Husband,White,Male,0,1902,40,United-States,>50K,1,train,0.858,1,1,1
24,Private,205883,HS-grad,9,Never-married,Adm-clerical,Unmarried,Black,Female,0,0,40,United-States,<=50K,0,train,0.015,0,0,0
49,Self-emp-inc,77132,HS-grad,9,Married-civ-spouse,Exec-managerial,Husband,White,Male,0,0,40,Canada,>50K,1,train,0.466,0,0,0
39,Private,215419,Bachelors,13,Divorced,Prof-specialty,Not-in-family,White,Female,0,0,36,United-States,<=50K,0,train,0.122,0,0,0
40,Private,193524,Doctorate,16,Married-civ-spouse,Prof-specialty,Husband,White,Male,0,0,60,United-States,>50K,1,train,0.892,1,1,1
21,Private,197200,Some-college,10,Never-married,Machine-op-inspct,Own-child,White,Male,0,0,40,United-States,<=50K,0,train,0.006,0,0,0
30,Private,117747,HS-grad,9,Married-civ-spouse,Sales,Wife,Asian-Pac-Islander,Female,0,1573,35,,<=50K,0,train,0.303,0,0,0
38,Private,65324,Prof-school,15,Married-civ-spouse,Prof-specialty,Husband,White,Male,0,0,40,United-States,>50K,1,test,0.755,1,1,1
30,Private,77143,Bachelors,13,Never-married,Exec-managerial,Own-child,Black,Male,0,0,40,Germany,<=50K,0,train,0.05,0,0,0
19,,170653,HS-grad,9,Never-married,,Own-child,White,Male,0,0,40,Italy,<=50K,0,train,0.004,0,0,0
35,Private,153790,Some-college,10,Never-married,Sales,Not-in-family,Amer-Indian-Eskimo,Female,0,0,40,United-States,<=50K,0,test,0.031,0,0,0
90,Private,51744,HS-grad,9,Never-married,Other-service,Not-in-family,Black,Male,0,2206,40,United-States,<=50K,0,test,0.029,0,0,0
34,Private,175413,Assoc-acdm,12,Divorced,Sales,Unmarried,Black,Female,0,0,45,United-States,<=50K,0,test,0.096,0,0,0
57,Federal-gov,425161,Masters,14,Married-civ-spouse,Sales,Husband,White,Male,15024,0,40,United-States,>50K,1,train,0.994,1,1,1
48,Private,146268,Bachelors,13,Married-civ-spouse,Adm-clerical,Husband,White,Male,7688,0,40,United-States,>50K,1,train,0.893,1,1,1
56,Private,101128,Assoc-acdm,12,Married-spouse-absent,Other-service,Not-in-family,White,Male,0,0,25,Iran,<=50K,0,train,0.01,0,0,0
65,Private,161400,11th,7,Widowed,Other-service,Unmarried,Other,Male,0,0,40,United-States,<=50K,0,train,0.012,0,0,0
41,Private,445382,Masters,14,Married-civ-spouse,Exec-managerial,Husband,White,Male,0,1977,65,United-States,>50K,1,train,0.939,1,1,1
42,Local-gov,340148,Some-college,10,Married-civ-spouse,Adm-clerical,Wife,White,Female,0,0,40,United-States,<=50K,0,train,0.315,0,1,0
59,Local-gov,286967,HS-grad,9,Married-civ-spouse,Transport-moving,Husband,White,Male,0,0,45,United-States,<=50K,0,train,0.241,0,0,0
38,Self-emp-inc,99146,Bachelors,13,Married-civ-spouse,Exec-managerial,Husband,White,Male,15024,0,80,United-States,>50K,1,train,0.998,1,1,1
35,Private,229328,HS-grad,9,Married-civ-spouse,Machine-op-inspct,Wife,Black,Female,0,0,40,United-States,<=50K,0,test,0.234,0,0,0
47,Private,87490,Masters,14,Divorced,Exec-managerial,Unmarried,White,Male,0,0,42,United-States,<=50K,0,train,0.285,0,0,0
65,,195733,Some-college,10,Married-civ-spouse,,Husband,White,Male,0,0,30,United-States,>50K,1,train,0.325,0,0,0
21,Private,160968,Some-college,10,Never-married,Handlers-cleaners,Own-child,White,Male,0,0,40,United-States,<=50K,0,train,0.011,0,0,0
50,Self-emp-inc,219420,HS-grad,9,Married-civ-spouse,Sales,Husband,White,Male,0,0,50,United-States,>50K,1,train,0.413,0,0,0
31,Private,223212,HS-grad,9,Married-civ-spouse,Other-service,Husband,White,Male,0,0,40,Mexico,<=50K,0,train,0.05,0,0,0
49,Private,38563,Bachelors,13,Never-married,Exec-managerial,Not-in-family,White,Female,0,0,56,United-States,>50K,1,test,0.236,0,0,0
63,,149698,Some-college,10,Married-civ-spouse,,Husband,White,Male,0,0,15,United-States,<=50K,0,train,0.219,0,0,0
42,Self-emp-not-inc,177307,Prof-school,15,Married-civ-spouse,Farming-fishing,Husband,White,Male,0,0,65,United-States,>50K,1,train,0.589,1,1,1
21,Private,186648,Some-college,10,Never-married,Other-service,Own-child,White,Male,0,0,20,United-States,<=50K,0,train,0.001,0,0,0
22,Private,91842,Some-college,10,Never-married,Sales,Not-in-family,White,Female,0,0,42,United-States,<=50K,0,train,0.027,0,0,0
22,Private,284317,Assoc-acdm,12,Never-married,Adm-clerical,Not-in-family,White,Female,0,0,40,United-States,<=50K,0,test,0.03,0,0,0
60,Self-emp-not-inc,154474,HS-grad,9,Never-married,Farming-fishing,Unmarried,White,Male,0,0,42,United-States,<=50K,0,train,0.011,0,0,0
24,Private,34446,Some-college,10,Never-married,Tech-support,Not-in-family,White,Female,0,0,37,United-States,<=50K,0,train,0.025,0,0,0
43,Private,173728,Bachelors,13,Separated,Prof-specialty,Unmarried,White,Female,0,0,40,United-States,<=50K,0,train,0.162,0,0,0
38,Private,412296,HS-grad,9,Divorced,Craft-repair,Own-child,White,Male,0,0,28,United-States,<=50K,0,train,0.009,0,0,0
62,Private,92178,10th,6,Married-civ-spouse,Machine-op-inspct,Husband,White,Male,0,0,40,United-States,<=50K,0,test,0.134,0,0,0
53,Private,288020,Bachelors,13,Married-civ-spouse,Prof-specialty,Husband,Asian-Pac-Islander,Male,0,0,40,Japan,<=50K,0,train,0.563,1,1,0
19,Private,194608,Some-college,10,Never-married,Other-service,Own-child,White,Female,0,0,20,United-States,<=50K,0,train,0.001,0,0,0
47,Private,183013,HS-grad,9,Married-civ-spouse,Other-service,Husband,White,Male,0,0,40,United-States,<=50K,0,train,0.115,0,0,0
49,Local-gov,116892,Bachelors,13,Divorced,Prof-specialty,Not-in-family,Black,Female,0,0,40,United-States,<=50K,0,train,0.133,0,0,0
37,Private,387430,Some-college,10,Married-civ-spouse,Adm-clerical,Husband,White,Male,0,0,37,United-States,<=50K,0,test,0.258,0,0,0
67,Private,171584,Bachelors,13,Married-civ-spouse,Protective-serv,Husband,White,Male,6514,0,7,United-States,>50K,1,test,0.914,1,1,1
42,Federal-gov,158926,Assoc-acdm,12,Divorced,Prof-specialty,Unmarried,Asian-Pac-Islander,Female,0,0,40,Philippines,>50K,1,train,0.237,0,0,0
65,,36039,HS-grad,9,Married-civ-spouse,,Husband,White,Male,0,0,40,United-States,>50K,1,train,0.34,0,0,0
30,Private,209103,Assoc-voc,11,Married-civ-spouse,Exec-managerial,Husband,White,Male,0,0,48,United-States,<=50K,0,train,0.632,1,1,1
45,Federal-gov,283037,Bachelors,13,Married-civ-spouse,Exec-managerial,Husband,White,Male,0,0,40,United-States,<=50K,0,train,0.769,1,1,1
25,Private,188488,HS-grad,9,Never-married,Machine-op-inspct,Other-relative,White,Male,0,0,40,United-States,<=50K,0,train,0.014,0,0,0
32,Private,86723,HS-grad,9,Never-married,Other-service,Not-in-family,White,Male,0,0,52,United-States,<=50K,0,train,0.009,0,0,0
19,,172582,Some-college,10,Never-married,,Own-child,White,Male,0,0,50,United-States,<=50K,0,test,0.011,0,0,0
53,Federal-gov,130703,HS-grad,9,Married-civ-spouse,Adm-clerical,Husband,Black,Male,0,0,40,United-States,<=50K,0,train,0.304,0,0,0
39,Private,297847,9th,5,Married-civ-spouse,Other-service,Wife,Black,Female,3411,0,34,United-States,<=50K,0,train,0.096,0,0,0
41,Self-emp-not-inc,141327,Masters,14,Divorced,Prof-specialty,Unmarried,White,Female,0,0,35,United-States,<=50K,0,train,0.103,0,0,0
24,Private,42706,Assoc-voc,11,Never-married,Protective-serv,Not-in-family,White,Male,0,0,60,United-States,<=50K,0,train,0.158,0,0,0
43,Local-gov,293535,Bachelors,13,Married-civ-spouse,Prof-specialty,Husband,Black,Male,0,0,40,United-States,>50K,1,test,0.614,1,1,1
53,State-gov,156877,HS-grad,9,Married-civ-spouse,Adm-clerical,Husband,White,Male,15024,0,35,United-States,>50K,1,test,0.917,1,1,1
48,Private,176026,HS-grad,9,Married-civ-spouse,Machine-op-inspct,Husband,White,Male,0,0,40,United-States,<=50K,0,train,0.218,0,0,0
25,Private,352057,HS-grad,9,Never-married,Transport-moving,Not-in-family,White,Male,0,0,65,United-States,<=50K,0,test,0.025,0,0,0
67,Private,318533,HS-grad,9,Married-civ-spouse,Adm-clerical,Husband,White,Male,0,0,35,United-States,<=50K,0,train,0.286,0,0,0
52,Private,147876,Bachelors,13,Married-civ-spouse,Sales,Wife,White,Female,15024,0,60,United-States,>50K,1,train,0.996,1,1,1
36,Self-emp-not-inc,136028,9th,5,Married-civ-spouse,Craft-repair,Husband,White,Male,0,0,30,United-States,<=50K,0,train,0.044,0,0,0
37,Private,166744,HS-grad,9,Divorced,Other-service,Unmarried,White,Female,0,0,12,United-States,<=50K,0,train,0.004,0,0,0
44,Private,202565,HS-grad,9,Divorced,Craft-repair,Not-in-family,White,Male,0,0,45,United-States,<=50K,0,test,0.038,0,0,0
25,Private,282063,7th-8th,4,Married-civ-spouse,Handlers-cleaners,Husband,White,Male,0,0,40,Mexico,<=50K,0,train,0.045,0,0,0
70,Private,30713,HS-grad,9,Married-civ-spouse,Farming-fishing,Husband,White,Male,0,0,30,United-States,<=50K,0,train,0.189,0,0,0
23,Private,156807,9th,5,Never-married,Handlers-cleaners,Own-child,Black,Male,0,0,36,United-States,<=50K,0,train,0.002,0,0,0
38,Local-gov,72338,HS-grad,9,Married-civ-spouse,Protective-serv,Husband,Asian-Pac-Islander,Male,0,0,54,United-States,>50K,1,train,0.61,1,1,1
44,Private,144778,Some-college,10,Separated,Exec-managerial,Not-in-family,White,Male,0,0,45,United-States,>50K,1,test,0.119,0,0,0
62,Private,149617,Some-college,10,Widowed,Exec-managerial,Not-in-family,White,Female,0,0,16,United-States,<=50K,0,train,0.074,0,0,0
28,Local-gov,218990,Assoc-voc,11,Married-civ-spouse,Protective-serv,Husband,Black,Male,0,0,46,United-States,<=50K,0,train,0.636,1,1,1
32,Private,120426,HS-grad,9,Separated,Adm-clerical,Unmarried,White,Female,0,0,40,United-States,<=50K,0,test,0.026,0,0,0
50,Private,176924,10th,6,Married-civ-spouse,Craft-repair,Husband,White,Male,0,0,38,United-States,<=50K,0,train,0.147,0,0,0
47,State-gov,224149,Bachelors,13,Divorced,Exec-managerial,Not-in-family,White,Female,0,0,40,United-States,>50K,1,train,0.133,0,0,0
47,Private,185254,5th-6th,3,Never-married,Priv-house-serv,Own-child,White,Female,0,0,40,El-Salvador,<=50K,0,test,0.001,0,0,0
50,Private,137253,Bachelors,13,Married-civ-spouse,Adm-clerical,Wife,White,Female,0,0,40,United-States,>50K,1,train,0.591,1,1,1
34,Self-emp-not-inc,306982,Bachelors,13,Married-civ-spouse,Sales,Husband,Asian-Pac-Islander,Male,0,0,60,South,<=50K,0,test,0.346,0,0,0
53,Private,227602,HS-grad,9,Divorced,Sales,Not-in-family,White,Female,0,0,37,Mexico,<=50K,0,train,0.023,0,0,0
57,State-gov,39380,HS-grad,9,Separated,Other-service,Not-in-family,White,Female,0,0,35,United-States,<=50K,0,train,0.007,0,0,0
38,Local-gov,123983,Bachelors,13,Never-married,Exec-managerial,Unmarried,Asian-Pac-Islander,Male,0,1741,40,Vietnam,<=50K,0,train,0.129,0,0,0
46,Local-gov,216214,Bachelors,13,Married-civ-spouse,Prof-specialty,Husband,White,Male,0,0,35,United-States,>50K,1,train,0.585,1,1,1
20,Private,217807,Some-college,10,Never-married,Handlers-cleaners,Own-child,White,Male,0,0,35,United-States,<=50K,0,train,0.009,0,0,0
31,Private,220066,Bachelors,13,Never-married,Exec-managerial,Not-in-family,White,Female,14344,0,50,United-States,>50K,1,train,0.902,1,1,1
47,Private,481987,HS-grad,9,Married-civ-spouse,Other-service,Husband,White,Male,0,0,40,United-States,>50K,1,train,0.115,0,0,0
43,Private,129573,HS-grad,9,Never-married,Sales,Not-in-family,Black,Female,0,0,44,United-States,<=50K,0,train,0.031,0,0,0
57,Private,346963,Bachelors,13,Married-civ-spouse,Exec-managerial,Husband,White,Male,0,0,40,United-States,>50K,1,test,0.777,1,1,1
41,Private,154194,HS-grad,9,Never-married,Sales,Own-child,White,Female,0,0,40,United-States,<=50K,0,test,0.012,0,0,0
26,Private,44308,Bachelors,13,Never-married,Tech-support,Not-in-family,White,Male,0,0,40,United-States,<=50K,0,train,0.062,0,0,0
50,Private,88842,Bachelors,13,Married-civ-spouse,Transport-moving,Husband,White,Male,7298,0,40,United-States,>50K,1,test,0.858,1,1,1
47,Private,277545,Bachelors,13,Married-civ-spouse,Adm-clerical,Husband,Asian-Pac-Islander,Male,0,0,40,,>50K,1,train,0.38,0,0,0
43,Private,149670,Some-college,10,Married-civ-spouse,Adm-clerical,Wife,White,Female,4064,0,15,United-States,<=50K,0,test,0.423,0,1,0
54,,124993,HS-grad,9,Married-civ-spouse,,Husband,White,Male,0,0,40,United-States,>50K,1,train,0.302,0,0,0
39,Private,315776,Masters,14,Never-married,Exec-managerial,Not-in-family,Black,Male,8614,0,52,United-States,>50K,1,train,0.756,1,1,1
21,,34443,Some-college,10,Never-married,,Own-child,White,Male,0,0,50,United-States,<=50K,0,train,0.012,0,0,0
32,Private,194426,Bachelors,13,Married-civ-spouse,Tech-support,Husband,White,Male,15024,0,40,United-States,>50K,1,test,0.987,1,1,1
45,Local-gov,224474,Bachelors,13,Divorced,Prof-specialty,Unmarried,White,Female,4934,0,50,United-States,>50K,1,train,0.456,0,1,1
26,Private,188767,Bachelors,13,Never-married,Sales,Own-child,White,Male,0,0,40,United-States,<=50K,0,train,0.027,0,0,0
55,Private,92215,HS-grad,9,Divorced,Adm-clerical,Not-in-family,White,Female,0,0,40,United-States,<=50K,0,train,0.033,0,0,0
36,Private,209609,Bachelors,13,Married-civ-spouse,Prof-specialty,Husband,White,Male,0,0,38,United-States,<=50K,0,train,0.618,1,1,1
47,Private,168283,Bachelors,13,Married-civ-spouse,Prof-specialty,Husband,White,Male,0,0,40,United-States,>50K,1,test,0.674,1,1,1
44,Private,75227,Prof-school,15,Never-married,Prof-specialty,Not-in-family,White,Male,14084,0,40,United-States,>50K,1,test,0.9,1,1,1
47,Private,102308,Masters,14,Married-civ-spouse,Sales,Husband,White,Male,0,0,40,United-States,>50K,1,train,0.665,1,1,1
28,Private,335357,HS-grad,9,Never-married,Handlers-cleaners,Own-child,Black,Male,0,0,40,United-States,<=50K,0,train,0.009,0,0,0
35,Private,173858,HS-grad,9,Married-spouse-absent,Craft-repair,Not-in-family,Asian-Pac-Islander,Male,0,0,40,,<=50K,0,train,0.018,0,0,0
52,Private,91048,HS-grad,9,Divorced,Machine-op-inspct,Own-child,Black,Female,0,0,35,United-States,<=50K,0,train,0.009,0,0,0
28,State-gov,107218,Bachelors,13,Never-married,Tech-support,Own-child,Asian-Pac-Islander,Male,0,0,20,United-States,<=50K,0,train,0.009,0,0,0
23,Private,161708,Bachelors,13,Never-married,Other-service,Own-child,White,Female,0,0,30,United-States,<=50K,0,train,0.005,0,0,0
38,Private,34996,Some-college,10,Separated,Other-service,Unmarried,White,Female,0,0,40,United-States,<=50K,0,train,0.015,0,0,0
25,,237865,Some-college,10,Never-married,,Own-child,Black,Male,0,0,40,,<=50K,0,test,0.005,0,0,0
58,Private,235624,Assoc-voc,11,Married-civ-spouse,Exec-managerial,Husband,White,Male,0,0,40,Germany,>50K,1,train,0.654,1,1,1
59,Private,283005,11th,7,Divorced,Adm-clerical,Unmarried,White,Female,0,0,40,United-States,<=50K,0,train,0.023,0,0,0
46,Self-emp-inc,278322,Bachelors,13,Married-civ-spouse,Sales,Husband,White,Male,0,0,45,United-States,<=50K,0,train,0.623,1,1,1
26,Private,108658,HS-grad,9,Never-married,Craft-repair,Not-in-family,White,Male,0,0,40,United-States,<=50K,0,test,0.016,0,0,0
27,Private,386036,Some-college,10,Never-married,Transport-moving,Not-in-family,White,Male,0,0,48,United-States,<=50K,0,test,0.019,0,0,0
61,Private,92691,HS-grad,9,Married-civ-spouse,Adm-clerical,Husband,White,Male,0,0,3,United-States,<=50K,0,train,0.109,0,0,0
47,Private,664821,Bachelors,13,Married-civ-spouse,Other-service,Husband,White,Male,0,0,40,El-Salvador,<=50K,0,train,0.179,0,0,0
26,Private,179633,HS-grad,9,Never-married,Tech-support,Other-relative,White,Male,0,0,40,United-States,<=50K,0,train,0.027,0,0,0
79,,144533,HS-grad,9,Widowed,,Not-in-family,Black,Female,0,0,30,United-States,<=50K,0,train,0.047,0,0,0
31,Private,83446,HS-grad,9,Widowed,Craft-repair,Unmarried,White,Female,0,0,40,United-States,<=50K,0,test,0.035,0,0,0
57,Local-gov,268252,HS-grad,9,Divorced,Adm-clerical,Unmarried,White,Female,0,0,62,United-States,<=50K,0,test,0.063,0,0,0
61,Private,149653,HS-grad,9,Married-civ-spouse,Exec-managerial,Husband,White,Male,0,0,50,United-States,<=50K,0,test,0.637,1,1,1
34,Private,173730,Bachelors,13,Married-civ-spouse,Exec-managerial,Husband,White,Male,0,0,50,United-States,>50K,1,train,0.772,1,1,1
35,Private,166235,Some-college,10,Never-married,Machine-op-inspct,Not-in-family,Black,Female,0,0,30,United-States,<=50K,0,test,0.012,0,0,0
46,Self-emp-inc,284799,Some-college,10,Married-civ-spouse,Sales,Husband,White,Male,0,0,60,United-States,<=50K,0,train,0.549,1,0,0
20,Private,179423,Some-college,10,Never-married,Transport-moving,Own-child,White,Female,0,0,40,United-States,<=50K,0,test,0.006,0,0,0
23,Self-emp-inc,214542,Some-college,10,Never-married,Prof-specialty,Not-in-family,White,Male,0,0,50,United-States,<=50K,0,train,0.046,0,0,0
28,Private,259351,10th,6,Never-married,Other-service,Other-relative,Amer-Indian-Eskimo,Male,0,0,40,Mexico,<=50K,0,train,0.002,0,0,0
49,Local-gov,249289,Bachelors,13,Divorced,Prof-specialty,Unmarried,Black,Female,0,0,40,United-States,<=50K,0,test,0.144,0,0,0
25,Local-gov,112835,Masters,14,Never-married,Protective-serv,Not-in-family,White,Male,0,0,40,United-States,<=50K,0,test,0.152,0,0,0
23,Private,60847,Assoc-voc,11,Never-married,Sales,Unmarried,White,Female,0,0,60,United-States,<=50K,0,train,0.07,0,0,0
67,Self-emp-not-inc,116057,HS-grad,9,Divorced,Exec-managerial,Not-in-family,White,Female,3273,0,16,United-States,<=50K,0,train,0.069,0,0,0
51,Private,159910,Bachelors,13,Divorced,Exec-managerial,Not-in-family,Black,Male,10520,0,40,United-States,>50K,1,train,0.827,1,1,1
34,Private,157165,Some-college,10,Divorced,Other-service,Unmarried,White,Female,0,0,40,United-States,<=50K,0,train,0.013,0,0,0
57,Private,257200,HS-grad,9,Married-civ-spouse,Machine-op-inspct,Husband,White,Male,0,0,40,United-States,<=50K,0,train,0.244,0,0,0
63,Private,106023,HS-grad,9,Married-civ-spouse,Craft-repair,Husband,White,Male,0,0,40,United-States,>50K,1,test,0.339,0,0,0
52,Private,363405,HS-grad,9,Separated,Adm-clerical,Other-relative,White,Female,0,0,40,United-States,<=50K,0,test,0.04,0,0,0
27,Private,194472,HS-grad,9,Never-married,Priv-house-serv,Not-in-family,White,Female,0,0,60,United-States,<=50K,0,train,0.032,0,0,0
32,Private,130304,HS-grad,9,Married-civ-spouse,Prof-specialty,Husband,White,Male,0,1485,48,United-States,<=50K,0,train,0.534,1,0,0
31,State-gov,33308,Assoc-voc,11,Married-civ-spouse,Craft-repair,Husband,White,Male,0,0,40,United-States,<=50K,0,train,0.238,0,0,0
53,Private,166386,Bachelors,13,Married-civ-spouse,Machine-op-inspct,Wife,Asian-Pac-Islander,Female,0,0,40,China,<=50K,0,train,0.214,0,0,0
31,Self-emp-not-inc,181485,Bachelors,13,Never-married,Sales,Not-in-family,Black,Male,0,0,40,United-States,>50K,1,test,0.038,0,0,0
37,Local-gov,31023,Some-college,10,Married-civ-spouse,Other-service,Husband,White,Male,0,0,40,United-States,<=50K,0,test,0.106,0,0,0
37,Local-gov,244341,Some-college,10,Never-married,Adm-clerical,Unmarried,Black,Female,0,0,40,United-States,<=50K,0,test,0.02,0,0,0
49,Private,185859,HS-grad,9,Married-civ-spouse,Craft-repair,Husband,White,Male,0,0,43,United-States,<=50K,0,test,0.312,0,0,0
40,Private,71738,Masters,14,Married-civ-spouse,Exec-managerial,Husband,White,Male,0,0,46,United-States,>50K,1,train,0.81,1,1,1
43,State-gov,199806,Bachelors,13,Married-civ-spouse,Adm-clerical,Husband,White,Male,0,0,40,United-States,>50K,1,train,0.361,0,0,0
29,Private,57596,Some-college,10,Divorced,Adm-clerical,Not-in-family,White,Female,0,0,40,United-States,<=50K,0,train,0.029,0,0,0
22,,306031,Some-college,10,Never-married,,Own-child,White,Male,0,0,40,United-States,<=50K,0,train,0.009,0,0,0
51,Self-emp-inc,166459,Assoc-voc,11,Married-civ-spouse,Exec-managerial,Husband,White,Male,0,0,40,United-States,<=50K,0,train,0.633,1,1,1
39,Private,191807,HS-grad,9,Married-civ-spouse,Sales,Husband,White,Male,15024,0,50,United-States,>50K,1,train,0.973,1,1,1
28,Private,247445,HS-grad,9,Never-married,Adm-clerical,Not-in-family,White,Male,0,0,40,United-States,<=50K,0,train,0.015,0,0,0
57,Private,108426,HS-grad,9,Married-civ-spouse,Other-service,Husband,Black,Male,0,0,48,England,<=50K,0,train,0.243,0,0,0
39,Private,191841,Assoc-acdm,12,Separated,Prof-specialty,Not-in-family,White,Female,0,0,30,United-States,<=50K,0,test,0.083,0,0,0
44,Private,286750,Some-college,10,Married-civ-spouse,Transport-moving,Husband,Black,Male,0,0,40,United-States,<=50K,0,train,0.252,0,0,0
39,Private,746786,Bachelors,13,Married-civ-spouse,Prof-specialty,Husband,White,Male,0,0,55,United-States,>50K,1,train,0.752,1,1,1
27,Private,125298,Some-college,10,Never-married,Adm-clerical,Unmarried,White,Female,0,0,50,United-States,<=50K,0,train,0.029,0,0,0
35,Local-gov,190226,HS-grad,9,Never-married,Protective-serv,Own-child,White,Male,0,0,40,United-States,<=50K,0,train,0.023,0,0,0
36,Private,183612,HS-grad,9,Married-civ-spouse,Prof-specialty,Husband,White,Male,0,1977,40,United-States,>50K,1,test,0.521,1,0,0
29,Self-emp-not-inc,227890,Bachelors,13,Never-married,Prof-specialty,Not-in-family,Black,Male,0,0,40,United-States,<=50K,0,train,0.049,0,0,0
90,,256514,Bachelors,13,Widowed,,Other-relative,White,Female,991,0,10,United-States,<=50K,0,train,0.126,0,0,0
40,Self-emp-inc,37997,Some-college,10,Married-civ-spouse,Farming-fishing,Husband,White,Male,0,0,50,United-States,<=50K,0,train,0.26,0,0,0
22,Private,244366,Bachelors,13,Never-married,Prof-specialty,Own-child,White,Male,0,0,40,United-States,<=50K,0,train,0.034,0,0,0
21,Private,243842,HS-grad,9,Married-civ-spouse,Farming-fishing,Husband,White,Male,0,0,40,United-States,<=50K,0,train,0.13,0,0,0
34,Private,62165,Some-college,10,Never-married,Sales,Other-relative,Black,Male,0,0,30,United-States,<=50K,0,test,0.027,0,0,0
27,Self-emp-not-inc,37302,Assoc-acdm,12,Married-civ-spouse,Transport-moving,Husband,White,Male,7688,0,70,United-States,>50K,1,train,0.849,1,1,1
49,Private,176684,Assoc-voc,11,Never-married,Exec-managerial,Unmarried,White,Female,0,0,40,United-States,<=50K,0,train,0.102,0,0,0
20,,124242,Some-college,10,Never-married,,Own-child,White,Female,0,0,40,United-States,<=50K,0,test,0.008,0,0,0
68,Self-emp-not-inc,241174,7th-8th,4,Married-civ-spouse,Exec-managerial,Husband,White,Male,0,0,16,United-States,<=50K,0,train,0.084,0,0,0
50,Federal-gov,36489,Some-college,10,Divorced,Exec-managerial,Unmarried,White,Male,0,0,40,United-States,<=50K,0,test,0.132,0,0,0
42,Private,201785,Masters,14,Married-civ-spouse,Sales,Husband,White,Male,0,0,50,United-States,>50K,1,train,0.72,1,1,1
52,Private,117700,HS-grad,9,Divorced,Adm-clerical,Not-in-family,White,Female,0,0,40,United-States,<=50K,0,train,0.032,0,0,0
54,Private,282680,Bachelors,13,Never-married,Prof-specialty,Not-in-family,White,Female,0,0,50,United-States,<=50K,0,train,0.16,0,0,0
56,,128900,Some-college,10,Widowed,,Not-in-family,Black,Female,0,0,40,United-States,<=50K,0,train,0.06,0,0,0
40,Private,123557,Some-college,10,Married-civ-spouse,Sales,Husband,White,Male,0,0,40,United-States,<=50K,0,train,0.374,0,0,0
29,Private,107458,Bachelors,13,Never-married,Sales,Not-in-family,White,Male,0,0,50,United-States,<=50K,0,test,0.085,0,0,0
29,Private,36601,Bachelors,13,Never-married,Prof-specialty,Not-in-family,White,Female,0,0,50,United-States,<=50K,0,train,0.113,0,0,0
33,Private,235109,HS-grad,9,Never-married,Adm-clerical,Unmarried,White,Female,0,0,40,United-States,<=50K,0,train,0.017,0,0,0
42,Private,220049,HS-grad,9,Married-civ-spouse,Sales,Husband,Black,Male,0,0,40,United-States,>50K,1,train,0.32,0,0,0
29,Private,250679,HS-grad,9,Never-married,Craft-repair,Not-in-family,White,Male,0,0,40,United-States,<=50K,0,test,0.017,0,0,0
39,Private,173175,Bachelors,13,Married-civ-spouse,Exec-managerial,Husband,White,Male,15024,0,50,United-States,>50K,1,train,0.995,1,1,1
32,Local-gov,190228,HS-grad,9,Married-civ-spouse,Other-service,Husband,White,Male,0,0,40,United-States,<=50K,0,train,0.077,0,0,0
33,Private,135312,Bachelors,13,Never-married,Prof-specialty,Not-in-family,White,Male,0,0,40,United-States,>50K,1,test,0.088,0,0,0
47,Private,379118,7th-8th,4,Married-civ-spouse,Craft-repair,Husband,Black,Male,0,0,60,United-States,>50K,1,train,0.167,0,0,0
70,,173736,Bachelors,13,Married-civ-spouse,,Husband,White,Male,0,0,6,United-States,<=50K,0,train,0.344,0,0,0
46,Private,263568,HS-grad,9,Married-civ-spouse,Machine-op-inspct,Husband,White,Male,0,0,40,United-States,<=50K,0,test,0.213,0,0,0
34,Private,164190,Bachelors,13,Married-civ-spouse,Exec-managerial,Husband,White,Male,0,0,40,United-States,<=50K,0,train,0.707,1,1,1
24,Private,341294,HS-grad,9,Married-civ-spouse,Machine-op-inspct,Husband,White,Male,0,0,40,United-States,<=50K,0,train,0.159,0,0,0
53,Private,29658,HS-grad,9,Married-civ-spouse,Craft-repair,Husband,White,Male,0,0,40,United-States,>50K,1,test,0.304,0,0,0
60,Private,225526,HS-grad,9,Separated,Sales,Not-in-family,White,Female,0,0,32,United-States,<=50K,0,test,0.042,0,0,0
42,Self-emp-not-inc,174216,Prof-school,15,Married-civ-spouse,Prof-specialty,Husband,White,Male,0,0,38,United-States,>50K,1,train,0.638,1,1,1
46,Private,72619,Some-college,10,Married-civ-spouse,Exec-managerial,Wife,White,Female,0,0,40,United-States,>50K,1,train,0.635,1,1,1
26,Private,282304,Some-college,10,Never-married,Sales,Not-in-family,White,Male,0,0,45,United-States,<=50K,0,train,0.032,0,0,0
47,Private,30457,Assoc-voc,11,Married-civ-spouse,Other-service,Husband,White,Male,0,0,40,United-States,<=50K,0,train,0.183,0,0,0
45,Self-emp-not-inc,193451,Some-college,10,Married-civ-spouse,Transport-moving,Husband,White,Male,0,0,45,United-States,<=50K,0,test,0.189,0,0,0
26,Private,245880,HS-grad,9,Never-married,Adm-clerical,Not-in-family,White,Male,0,0,60,United-States,<=50K,0,train,0.027,0,0,0
33,State-gov,79440,Masters,14,Never-married,Prof-specialty,Not-in-family,Asian-Pac-Islander,Male,0,0,30,Japan,<=50K,0,train,0.029,0,0,0
53,State-gov,144586,Some-college,10,Never-married,Protective-serv,Not-in-family,White,Female,0,0,40,United-States,<=50K,0,train,0.064,0,0,0
53,Private,127671,7th-8th,4,Married-civ-spouse,Machine-op-inspct,Husband,White,Male,0,0,40,United-States,<=50K,0,test,0.072,0,0,0
52,Self-emp-not-inc,195462,HS-grad,9,Married-civ-spouse,Farming-fishing,Husband,White,Male,0,0,98,United-States,>50K,1,train,0.502,1,0,0
35,Private,170263,HS-grad,9,Divorced,Exec-managerial,Unmarried,White,Female,0,0,40,United-States,<=50K,0,train,0.073,0,0,0
20,Private,216972,HS-grad,9,Never-married,Sales,Not-in-family,White,Male,0,0,30,United-States,<=50K,0,test,0.014,0,0,0
41,Self-emp-not-inc,27305,HS-grad,9,Married-civ-spouse,Farming-fishing,Husband,White,Male,7688,0,40,United-States,>50K,1,test,0.486,0,0,0
49,Local-gov,349633,Masters,14,Married-civ-spouse,Prof-specialty,Wife,White,Female,0,0,50,United-States,>50K,1,test,0.813,1,1,1
18,Private,242893,11th,7,Never-married,Craft-repair,Own-child,White,Male,0,0,35,United-States,<=50K,0,test,0.003,0,0,0
42,Private,56483,Assoc-acdm,12,Divorced,Adm-clerical,Unmarried,White,Female,0,0,40,United-States,<=50K,0,train,0.064,0,0,0
20,State-gov,161978,Some-college,10,Married-civ-spouse,Other-service,Husband,White,Male,0,0,20,United-States,<=50K,0,train,0.032,0,0,0
49,Self-emp-inc,197332,Some-college,10,Married-civ-spouse,Sales,Husband,White,Male,0,0,60,United-States,<=50K,0,test,0.561,1,0,0
48,Federal-gov,94342,Bachelors,13,Divorced,Exec-managerial,Not-in-family,White,Male,0,0,45,United-States,<=50K,0,train,0.265,0,0,0
36,Local-gov,196529,Masters,14,Married-civ-spouse,Prof-specialty,Wife,White,Female,0,0,40,United-States,>50K,1,train,0.716,1,1,1
57,Private,20953,Some-college,10,Married-civ-spouse,Sales,Husband,White,Male,0,1902,40,United-States,>50K,1,test,0.588,1,1,1
20,Private,203003,HS-grad,9,Never-married,Transport-moving,Other-relative,White,Male,0,0,40,United-States,<=50K,0,train,0.012,0,0,0
32,Private,198068,HS-grad,9,Never-married,Transport-moving,Not-in-family,White,Male,0,0,60,United-States,<=50K,0,test,0.024,0,0,0
33,Private,100135,HS-grad,9,Married-civ-spouse,Adm-clerical,Wife,White,Female,0,1740,25,United-States,<=50K,0,test,0.278,0,0,0
24,,267955,9th,5,Never-married,,Own-child,White,Female,0,0,20,United-States,<=50K,0,test,0.001,0,0,0
35,Private,215310,11th,7,Divorced,Handlers-cleaners,Other-relative,White,Male,0,0,40,United-States,<=50K,0,test,0.025,0,0,0
74,,204840,5th-6th,3,Married-civ-spouse,,Husband,White,Male,0,0,56,Mexico,<=50K,0,train,0.096,0,0,0
49,Private,114797,Bachelors,13,Divorced,Exec-managerial,Unmarried,Black,Female,0,0,40,United-States,<=50K,0,test,0.227,0,0,0
28,Self-emp-not-inc,160786,HS-grad,9,Never-married,Craft-repair,Own-child,White,Male,0,0,40,United-States,<=50K,0,train,0.004,0,0,0
71,Local-gov,337064,Masters,14,Widowed,Prof-specialty,Not-in-family,White,Female,0,0,40,United-States,<=50K,0,test,0.262,0,0,0
33,State-gov,913447,Some-college,10,Divorced,Other-service,Unmarried,Black,Female,0,0,40,United-States,<=50K,0,train,0.008,0,0,0
56,State-gov,81954,HS-grad,9,Divorced,Adm-clerical,Not-in-family,White,Female,0,0,40,United-States,<=50K,0,train,0.02,0,0,0
44,Private,332401,Prof-school,15,Married-civ-spouse,Prof-specialty,Husband,White,Male,99999,0,65,United-States,>50K,1,test,1.0,1,1,1
22,Private,61850,HS-grad,9,Never-married,Other-service,Not-in-family,White,Female,0,0,40,United-States,<=50K,0,train,0.005,0,0,0
60,Private,63296,Masters,14,Divorced,Prof-specialty,Other-relative,Black,Male,0,0,40,United-States,<=50K,0,train,0.265,0,0,0
69,Private,108196,10th,6,Never-married,Craft-repair,Other-relative,White,Male,0,0,40,United-States,<=50K,0,train,0.018,0,0,0
39,Private,340091,Some-college,10,Separated,Other-service,Unmarried,White,Female,0,0,75,United-States,<=50K,0,train,0.047,0,0,0
44,State-gov,167265,Masters,14,Married-civ-spouse,Prof-specialty,Husband,White,Male,0,0,60,United-States,>50K,1,train,0.751,1,1,1
58,Private,127264,10th,6,Married-civ-spouse,Craft-repair,Husband,White,Male,0,0,50,United-States,<=50K,0,train,0.227,0,0,0
31,Private,34572,Assoc-voc,11,Married-civ-spouse,Handlers-cleaners,Husband,White,Male,0,0,45,United-States,<=50K,0,test,0.438,0,0,0
30,Self-emp-not-inc,257295,Some-college,10,Never-married,Sales,Other-relative,Asian-Pac-Islander,Male,0,2258,40,South,<=50K,0,train,0.016,0,0,0
24,Private,200997,HS-grad,9,Never-married,Handlers-cleaners,Own-child,White,Male,0,0,45,United-States,<=50K,0,train,0.01,0,0,0
30,Private,164190,HS-grad,9,Never-married,Adm-clerical,Not-in-family,White,Male,0,0,38,,<=50K,0,train,0.009,0,0,0
51,Private,300816,Bachelors,13,Never-married,Adm-clerical,Unmarried,White,Male,0,0,20,United-States,<=50K,0,train,0.034,0,0,0
41,Private,27444,Some-college,10,Married-civ-spouse,Adm-clerical,Husband,White,Male,0,0,46,United-States,>50K,1,test,0.334,0,0,0
20,Private,161978,HS-grad,9,Separated,Machine-op-inspct,Own-child,White,Male,0,0,40,United-States,<=50K,0,train,0.007,0,0,0
31,Private,273818,Some-college,10,Married-civ-spouse,Other-service,Husband,White,Male,0,0,55,Mexico,<=50K,0,train,0.104,0,0,0
49,Federal-gov,420282,Some-college,10,Never-married,Adm-clerical,Unmarried,Black,Female,0,0,40,United-States,<=50K,0,train,0.033,0,0,0
19,Private,415354,10th,6,Divorced,Other-service,Not-in-family,White,Female,0,0,40,United-States,<=50K,0,train,0.003,0,0,0
26,Private,128553,Some-college,10,Never-married,Exec-managerial,Own-child,Black,Female,0,0,40,United-States,<=50K,0,train,0.023,0,0,0
21,Private,192572,HS-grad,9,Never-married,Adm-clerical,Own-child,White,Female,0,0,45,United-States,<=50K,0,test,0.007,0,0,0
30,Local-gov,346122,Assoc-acdm,12,Married-civ-spouse,Protective-serv,Husband,White,Male,5013,0,45,United-States,<=50K,0,test,0.899,1,1,1
29,Private,38353,HS-grad,9,Married-civ-spouse,Craft-repair,Husband,White,Male,0,0,45,United-States,<=50K,0,train,0.261,0,0,0
29,Private,283760,Bachelors,13,Never-married,Exec-managerial,Not-in-family,White,Female,0,0,40,United-States,<=50K,0,test,0.115,0,0,0
29,Private,201454,Some-college,10,Never-married,Adm-clerical,Not-in-family,White,Female,0,0,40,United-States,<=50K,0,train,0.019,0,0,0
21,Private,90935,Assoc-voc,11,Never-married,Transport-moving,Own-child,White,Male,0,0,40,United-States,<=50K,0,train,0.008,0,0,0
64,Self-emp-inc,165667,Doctorate,16,Married-civ-spouse,Prof-specialty,Husband,White,Male,7688,0,60,Canada,>50K,1,test,0.988,1,1,1
53,Private,97411,5th-6th,3,Married-civ-spouse,Machine-op-inspct,Husband,Asian-Pac-Islander,Male,0,0,40,Laos,<=50K,0,train,0.04,0,0,0
26,Private,150361,Some-college,10,Never-married,Tech-support,Own-child,White,Female,0,0,40,United-States,<=50K,0,test,0.013,0,0,0
31,Self-emp-inc,133861,Assoc-voc,11,Divorced,Sales,Not-in-family,White,Male,0,0,40,United-States,<=50K,0,train,0.053,0,0,0
61,Self-emp-inc,227232,Bachelors,13,Separated,Sales,Not-in-family,White,Female,0,0,30,United-States,<=50K,0,train,0.104,0,0,0
41,Private,286970,Bachelors,13,Married-civ-spouse,Adm-clerical,Husband,White,Male,0,0,40,United-States,<=50K,0,train,0.481,0,0,0
42,Private,180032,Masters,14,Never-married,Prof-specialty,Not-in-family,White,Female,0,0,40,United-States,<=50K,0,test,0.128,0,0,0
31,Private,213750,Some-college,10,Never-married,Sales,Not-in-family,White,Male,0,0,45,United-States,<=50K,0,train,0.035,0,0,0
51,Private,138179,HS-grad,9,Separated,Machine-op-inspct,Not-in-family,White,Male,0,1876,40,United-States,<=50K,0,train,0.046,0,0,0
18,Self-emp-inc,38307,11th,7,Never-married,Farming-fishing,Own-child,White,Male,0,0,30,United-States,<=50K,0,train,0.001,0,0,0
41,Private,82049,HS-grad,9,Married-civ-spouse,Craft-repair,Husband,White,Male,0,0,40,United-States,>50K,1,train,0.265,0,0,0
38,Private,110607,HS-grad,9,Divorced,Other-service,Not-in-family,White,Male,0,0,32,United-States,<=50K,0,train,0.007,0,0,0
28,Local-gov,191177,Masters,14,Married-civ-spouse,Prof-specialty,Wife,White,Female,0,0,20,United-States,>50K,1,test,0.529,1,1,0
31,Self-emp-inc,83748,Some-college,10,Married-civ-spouse,Exec-managerial,Wife,Asian-Pac-Islander,Female,0,0,70,South,<=50K,0,train,0.576,1,1,1
40,Private,224232,Bachelors,13,Married-civ-spouse,Sales,Husband,White,Male,0,0,40,United-States,>50K,1,train,0.575,1,0,1
21,Private,337766,Some-college,10,Married-civ-spouse,Adm-clerical,Husband,White,Male,0,0,40,United-States,<=50K,0,train,0.229,0,0,0
37,Private,181705,Assoc-voc,11,Married-civ-spouse,Craft-repair,Husband,White,Male,0,0,40,United-States,<=50K,0,train,0.368,0,0,0
31,Private,137814,Some-college,10,Divorced,Sales,Own-child,White,Female,0,0,30,United-States,<=50K,0,train,0.014,0,0,0
22,Private,250647,Some-college,10,Never-married,Adm-clerical,Own-child,White,Male,0,0,12,United-States,<=50K,0,train,0.003,0,0,0
29,Private,221366,Bachelors,13,Married-civ-spouse,Prof-specialty,Husband,White,Male,5013,0,40,Germany,<=50K,0,test,0.847,1,1,1
35,Private,63509,Assoc-voc,11,Married-civ-spouse,Craft-repair,Husband,White,Male,0,0,50,United-States,<=50K,0,train,0.442,0,0,0
37,Private,305597,Bachelors,13,Married-civ-spouse,Prof-specialty,Husband,White,Male,0,0,45,United-States,>50K,1,train,0.676,1,1,1
17,Private,191260,11th,7,Never-married,Other-service,Own-child,White,Male,594,0,10,United-States,<=50K,0,test,0.0,0,0,0
60,Self-emp-not-inc,235535,HS-grad,9,Married-civ-spouse,Exec-managerial,Husband,White,Male,0,0,48,United-States,<=50K,0,test,0.481,0,0,0
55,Private,163083,Masters,14,Married-civ-spouse,Prof-specialty,Husband,White,Male,0,0,40,United-States,>50K,1,train,0.755,1,1,1
46,State-gov,353012,HS-grad,9,Married-civ-spouse,Transport-moving,Husband,White,Male,0,0,40,United-States,<=50K,0,train,0.135,0,0,0
30,Private,185336,Some-college,10,Divorced,Adm-clerical,Unmarried,Black,Female,0,0,37,United-States,<=50K,0,train,0.029,0,0,0
29,Private,110442,HS-grad,9,Married-civ-spouse,Handlers-cleaners,Husband,White,Male,0,0,45,United-States,<=50K,0,train,0.305,0,0,0
21,,170038,Some-college,10,Never-married,,Own-child,White,Female,0,0,40,United-States,<=50K,0,test,0.008,0,0,0
34,Private,39609,Assoc-voc,11,Divorced,Adm-clerical,Unmarried,White,Female,0,0,40,United-States,<=50K,0,train,0.044,0,0,0
44,Private,216116,HS-grad,9,Married-spouse-absent,Other-service,Not-in-family,Black,Female,0,0,40,Jamaica,<=50K,0,train,0.008,0,0,0
39,Private,182828,Masters,14,Never-married,Exec-managerial,Not-in-family,White,Female,0,0,45,United-States,<=50K,0,train,0.192,0,0,0
56,Self-emp-inc,70720,Masters,14,Divorced,Exec-managerial,Not-in-family,White,Male,27828,0,60,United-States,>50K,1,train,0.999,1,1,1
38,Private,190776,Assoc-acdm,12,Divorced,Craft-repair,Unmarried,White,Female,0,0,40,United-States,<=50K,0,train,0.069,0,0,0
57,Private,375868,Masters,14,Married-civ-spouse,Adm-clerical,Husband,White,Male,0,0,40,United-States,<=50K,0,test,0.612,1,1,1
28,Private,30070,Bachelors,13,Married-civ-spouse,Sales,Husband,White,Male,0,0,50,United-States,<=50K,0,train,0.61,1,1,1
61,Private,213321,Some-college,10,Married-civ-spouse,Exec-managerial,Husband,White,Male,0,1672,40,United-States,<=50K,0,train,0.736,1,1,1
21,Private,83033,Some-college,10,Never-married,Other-service,Not-in-family,White,Female,0,0,25,Germany,<=50K,0,train,0.004,0,0,0
29,State-gov,293287,Some-college,10,Never-married,Other-service,Unmarried,White,Female,0,0,40,United-States,<=50K,0,train,0.005,0,0,0
33,Local-gov,115488,Bachelors,13,Married-civ-spouse,Prof-specialty,Husband,White,Male,0,0,50,United-States,<=50K,0,train,0.655,1,1,1
26,Private,410240,11th,7,Never-married,Craft-repair,Not-in-family,White,Male,0,0,40,United-States,<=50K,0,test,0.01,0,0,0
56,Private,290641,Bachelors,13,Married-civ-spouse,Exec-managerial,Husband,White,Male,0,0,50,United-States,>50K,1,train,0.828,1,1,1
60,,124487,Some-college,10,Divorced,,Not-in-family,White,Female,0,0,40,United-States,>50K,1,train,0.052,0,0,0
46,Private,150499,Assoc-acdm,12,Married-civ-spouse,Craft-repair,Husband,White,Male,0,0,40,United-States,<=50K,0,test,0.469,0,0,0
45,Local-gov,55377,Bachelors,13,Married-civ-spouse,Prof-specialty,Husband,Black,Male,0,0,40,United-States,<=50K,0,test,0.622,1,1,1
32,Private,213887,Some-college,10,Divorced,Machine-op-inspct,Unmarried,White,Male,0,0,45,United-States,<=50K,0,train,0.031,0,0,0
47,Private,221666,Some-college,10,Divorced,Tech-support,Unmarried,White,Female,0,0,40,United-States,<=50K,0,test,0.063,0,0,0
56,Private,274111,Bachelors,13,Married-civ-spouse,Adm-clerical,Husband,White,Male,0,0,45,United-States,>50K,1,train,0.583,1,1,1
37,Private,120045,HS-grad,9,Divorced,Machine-op-inspct,Not-in-family,White,Female,0,0,56,United-States,<=50K,0,train,0.034,0,0,0
24,Private,209770,Bachelors,13,Never-married,Prof-specialty,Not-in-family,White,Female,0,0,8,United-States,<=50K,0,test,0.027,0,0,0
33,Private,345360,Some-college,10,Never-married,Sales,Not-in-family,White,Male,0,0,40,United-States,<=50K,0,test,0.03,0,0,0
29,Private,183009,Bachelors,13,Never-married,Prof-specialty,Not-in-family,Other,Female,0,1590,40,United-States,<=50K,0,test,0.13,0,0,0
48,Private,166929,Bachelors,13,Married-civ-spouse,Adm-clerical,Husband,White,Male,0,0,45,,>50K,1,test,0.425,0,0,0
28,Local-gov,125159,Some-college,10,Never-married,Adm-clerical,Other-relative,Black,Male,0,0,40,Haiti,<=50K,0,test,0.014,0,0,0
46,Private,324601,1st-4th,2,Separated,Machine-op-inspct,Own-child,White,Female,0,0,40,Guatemala,<=50K,0,train,0.001,0,0,0
49,Local-gov,276247,Some-college,10,Married-civ-spouse,Protective-serv,Husband,White,Male,0,0,40,United-States,<=50K,0,test,0.603,1,1,1
26,Private,276624,Some-college,10,Married-civ-spouse,Protective-serv,Husband,White,Male,0,0,40,United-States,<=50K,0,train,0.562,1,0,0
30,Self-emp-not-inc,176185,Assoc-acdm,12,Married-civ-spouse,Sales,Husband,White,Male,0,0,60,Iran,<=50K,0,train,0.339,0,0,0
48,Private,141483,Some-college,10,Divorced,Exec-managerial,Unmarried,White,Female,0,0,40,United-States,<=50K,0,train,0.113,0,0,0
36,Private,83089,5th-6th,3,Married-civ-spouse,Machine-op-inspct,Husband,White,Male,7298,0,40,Mexico,>50K,1,train,0.146,0,0,0
40,Private,48612,HS-grad,9,Never-married,Adm-clerical,Unmarried,Black,Female,0,0,35,United-States,<=50K,0,test,0.016,0,0,0
33,Private,278736,Assoc-voc,11,Married-civ-spouse,Machine-op-inspct,Husband,White,Male,0,0,50,United-States,<=50K,0,train,0.347,0,0,0
41,Private,204046,HS-grad,9,Married-civ-spouse,Craft-repair,Husband,White,Male,0,0,40,United-States,<=50K,0,train,0.265,0,0,0
74,Private,211075,HS-grad,9,Married-civ-spouse,Exec-managerial,Husband,White,Male,0,0,40,United-States,>50K,1,test,0.607,1,1,1
51,Local-gov,146325,Doctorate,16,Married-civ-spouse,Prof-specialty,Husband,White,Male,0,1887,40,United-States,>50K,1,train,0.881,1,1,1
33,Private,170769,Doctorate,16,Divorced,Sales,Not-in-family,White,Male,99999,0,60,United-States,>50K,1,train,1.0,1,1,1
27,Private,37754,Some-college,10,Married-civ-spouse,Farming-fishing,Husband,White,Male,0,0,80,United-States,<=50K,0,test,0.456,0,0,0
24,Private,33088,11th,7,Never-married,Handlers-cleaners,Not-in-family,White,Male,0,0,40,United-States,<=50K,0,test,0.011,0,0,0
31,Private,261943,Some-college,10,Married-civ-spouse,Exec-managerial,Husband,White,Male,0,0,40,United-States,<=50K,0,test,0.504,1,0,0
19,Private,175652,11th,7,Never-married,Other-service,Other-relative,White,Female,0,0,15,United-States,<=50K,0,train,0.001,0,0,0
49,Private,122177,HS-grad,9,Never-married,Handlers-cleaners,Own-child,White,Male,0,0,80,United-States,<=50K,0,train,0.048,0,0,0
60,State-gov,358893,Bachelors,13,Divorced,Prof-specialty,Not-in-family,White,Female,0,2339,40,United-States,<=50K,0,train,0.216,0,0,0
29,Private,198997,HS-grad,9,Married-civ-spouse,Adm-clerical,Wife,White,Female,0,0,20,United-States,<=50K,0,test,0.15,0,0,0
37,Private,215419,Assoc-acdm,12,Married-civ-spouse,Other-service,Wife,White,Female,0,0,25,United-States,<=50K,0,train,0.168,0,0,0
32,Private,209103,Some-college,10,Married-civ-spouse,Exec-managerial,Husband,White,Male,3464,0,40,United-States,<=50K,0,train,0.725,1,1,1
55,Private,127014,HS-grad,9,Married-civ-spouse,Other-service,Husband,White,Male,0,0,60,United-States,<=50K,0,test,0.225,0,0,0
21,Private,275421,Some-college,10,Never-married,Craft-repair,Own-child,White,Female,0,0,40,United-States,<=50K,0,train,0.009,0,0,0
41,Private,116493,HS-grad,9,Divorced,Craft-repair,Not-in-family,White,Male,13550,0,44,United-States,>50K,1,train,0.586,1,1,1
45,Local-gov,167159,Bachelors,13,Married-civ-spouse,Protective-serv,Husband,White,Male,0,0,50,United-States,>50K,1,test,0.819,1,1,1
38,Self-emp-not-inc,198867,11th,7,Married-civ-spouse,Craft-repair,Husband,White,Male,0,0,40,United-States,<=50K,0,train,0.103,0,0,0
37,Local-gov,174924,Some-college,10,Divorced,Protective-serv,Unmarried,White,Male,0,0,48,Germany,<=50K,0,train,0.126,0,0,0
29,,125159,Some-college,10,Never-married,,Not-in-family,Black,Male,0,0,36,,<=50K,0,train,0.012,0,0,0
33,Private,112115,Bachelors,13,Married-civ-spouse,Exec-managerial,Husband,White,Male,0,1902,45,United-States,>50K,1,train,0.836,1,1,1
32,Self-emp-not-inc,33417,Some-college,10,Married-civ-spouse,Craft-repair,Husband,White,Male,0,0,50,United-States,<=50K,0,train,0.248,0,0,0
29,Private,130620,Some-college,10,Married-spouse-absent,Sales,Own-child,Asian-Pac-Islander,Female,0,0,26,India,<=50K,0,train,0.012,0,0,0
20,Private,245297,Some-college,10,Never-married,Other-service,Not-in-family,White,Female,0,0,20,United-States,<=50K,0,train,0.003,0,0,0
52,Private,84451,Assoc-voc,11,Divorced,Other-service,Not-in-family,White,Male,0,0,32,United-States,<=50K,0,test,0.016,0,0,0
47,Private,214702,HS-grad,9,Divorced,Other-service,Unmarried,White,Female,0,0,37,Puerto-Rico,<=50K,0,train,0.006,0,0,0
31,Private,213002,12th,8,Never-married,Sales,Not-in-family,White,Male,4650,0,50,United-States,<=50K,0,train,0.08,0,0,0
34,Private,176469,Bachelors,13,Never-married,Sales,Not-in-family,White,Male,0,0,38,United-States,<=50K,0,train,0.063,0,0,0
19,Private,136866,HS-grad,9,Never-married,Craft-repair,Own-child,White,Male,0,0,45,United-States,<=50K,0,test,0.008,0,0,0
20,Private,47791,12th,8,Divorced,Other-service,Not-in-family,White,Female,0,0,10,United-States,<=50K,0,test,0.002,0,0,0
23,Private,199908,11th,7,Married-civ-spouse,Transport-moving,Husband,White,Male,0,0,50,United-States,<=50K,0,train,0.13,0,0,0
27,Private,357348,HS-grad,9,Separated,Other-service,Unmarried,White,Female,0,0,50,United-States,<=50K,0,test,0.013,0,0,0
19,Private,389755,HS-grad,9,Never-married,Handlers-cleaners,Own-child,White,Male,0,0,16,United-States,<=50K,0,test,0.004,0,0,0
29,State-gov,382272,Bachelors,13,Never-married,Craft-repair,Not-in-family,White,Male,0,0,40,United-States,<=50K,0,train,0.03,0,0,0
68,Private,224338,Assoc-voc,11,Widowed,Exec-managerial,Not-in-family,White,Female,0,0,40,United-States,<=50K,0,train,0.207,0,0,0
34,,353881,Assoc-voc,11,Married-civ-spouse,,Husband,White,Male,3103,0,60,United-States,>50K,1,train,0.712,1,1,1
29,Federal-gov,208534,Prof-school,15,Married-civ-spouse,Prof-specialty,Husband,White,Male,0,0,80,United-States,<=50K,0,train,0.923,1,1,1
19,Private,351040,Some-college,10,Never-married,Adm-clerical,Own-child,White,Female,0,0,40,Puerto-Rico,<=50K,0,test,0.004,0,0,0
43,Private,143582,5th-6th,3,Married-civ-spouse,Machine-op-inspct,Wife,Asian-Pac-Islander,Female,0,2129,72,,<=50K,0,train,0.191,0,0,0
47,Private,427055,Some-college,10,Married-civ-spouse,Adm-clerical,Husband,White,Male,0,0,45,Mexico,<=50K,0,train,0.22,0,0,0
25,Private,212800,Some-college,10,Never-married,Sales,Own-child,White,Female,0,0,40,United-States,<=50K,0,train,0.012,0,0,0
28,Private,203710,Bachelors,13,Never-married,Machine-op-inspct,Not-in-family,White,Male,0,0,40,United-States,<=50K,0,train,0.034,0,0,0
50,Self-emp-inc,119099,Some-college,10,Married-civ-spouse,Exec-managerial,Husband,White,Male,0,0,99,United-States,>50K,1,train,0.906,1,1,1
47,Self-emp-not-inc,173613,Some-college,10,Divorced,Exec-managerial,Not-in-family,White,Female,0,0,65,United-States,<=50K,0,test,0.133,0,0,0
21,Private,149224,Some-college,10,Never-married,Transport-moving,Own-child,White,Male,0,0,30,United-States,<=50K,0,test,0.004,0,0,0
30,Private,154950,Some-college,10,Married-civ-spouse,Exec-managerial,Husband,White,Male,15024,0,60,United-States,>50K,1,train,0.991,1,1,1
66,,107744,Some-college,10,Married-civ-spouse,,Husband,White,Male,0,0,40,United-States,<=50K,0,train,0.408,0,0,0
18,Private,141918,HS-grad,9,Never-married,Handlers-cleaners,Own-child,White,Male,0,0,22,United-States,<=50K,0,train,0.004,0,0,0
21,Private,107882,Assoc-acdm,12,Never-married,Other-service,Own-child,White,Female,0,0,9,United-States,<=50K,0,train,0.002,0,0,0
27,Private,330132,Bachelors,13,Married-civ-spouse,Tech-support,Wife,White,Female,0,0,40,United-States,>50K,1,train,0.61,1,1,0
42,Private,113770,HS-grad,9,Married-civ-spouse,Adm-clerical,Wife,White,Female,0,0,40,United-States,<=50K,0,train,0.3,0,0,0
21,Private,117210,Some-college,10,Never-married,Sales,Own-child,White,Male,0,0,45,United-States,<=50K,0,train,0.013,0,0,0
21,Private,73679,Some-college,10,Never-married,Exec-managerial,Own-child,White,Female,0,0,40,United-States,<=50K,0,train,0.021,0,0,0
31,Private,237824,HS-grad,9,Married-spouse-absent,Priv-house-serv,Other-relative,Black,Female,0,0,60,Jamaica,<=50K,0,test,0.048,0,0,0
32,Private,385959,HS-grad,9,Never-married,Craft-repair,Own-child,White,Male,0,0,50,United-States,<=50K,0,train,0.011,0,0,0
60,Private,141253,10th,6,Divorced,Farming-fishing,Not-in-family,White,Male,0,0,48,United-States,<=50K,0,test,0.014,0,0,0
36,Private,214604,Bachelors,13,Married-civ-spouse,Sales,Husband,White,Male,0,0,42,United-States,>50K,1,train,0.575,1,0,1
80,,29020,Prof-school,15,Married-civ-spouse,,Husband,White,Male,10605,0,10,United-States,>50K,1,test,0.955,1,1,1
44,Self-emp-not-inc,104973,Masters,14,Married-civ-spouse,Farming-fishing,Husband,White,Male,0,0,40,United-States,>50K,1,train,0.326,0,0,0
25,Private,179953,Masters,14,Never-married,Prof-specialty,Own-child,White,Female,2597,0,31,United-States,<=50K,0,train,0.067,0,0,0
42,Local-gov,176716,Masters,14,Divorced,Prof-specialty,Not-in-family,White,Male,0,0,40,United-States,<=50K,0,train,0.152,0,0,0
27,Local-gov,124680,Masters,14,Never-married,Prof-specialty,Not-in-family,White,Female,0,0,40,United-States,<=50K,0,train,0.086,0,0,0
42,Private,153160,HS-grad,9,Widowed,Other-service,Unmarried,White,Female,0,0,40,United-States,<=50K,0,test,0.014,0,0,0
31,Private,22201,HS-grad,9,Married-civ-spouse,Adm-clerical,Husband,Amer-Indian-Eskimo,Male,0,0,40,United-States,>50K,1,train,0.21,0,0,0
36,Private,194630,Some-college,10,Divorced,Sales,Unmarried,White,Female,0,0,40,United-States,<=50K,0,train,0.051,0,0,0
64,Private,103021,7th-8th,4,Married-civ-spouse,Craft-repair,Husband,White,Male,0,0,40,United-States,<=50K,0,train,0.118,0,0,0
39,Private,282153,Some-college,10,Never-married,Adm-clerical,Own-child,White,Female,0,0,20,United-States,<=50K,0,train,0.005,0,0,0
42,Private,162003,Doctorate,16,Never-married,Prof-specialty,Not-in-family,White,Male,0,0,36,United-States,>50K,1,test,0.181,0,0,0
26,Private,208122,Some-college,10,Divorced,Handlers-cleaners,Not-in-family,White,Male,0,0,45,United-States,<=50K,0,test,0.046,0,0,0
25,Private,135568,HS-grad,9,Married-civ-spouse,Handlers-cleaners,Husband,White,Male,0,0,40,United-States,<=50K,0,train,0.257,0,0,0
53,Private,196278,Some-college,10,Widowed,Sales,Not-in-family,White,Female,0,0,40,United-States,<=50K,0,train,0.074,0,0,0
63,Self-emp-inc,189253,Some-college,10,Married-civ-spouse,Exec-managerial,Husband,White,Male,0,0,45,United-States,>50K,1,train,0.654,1,1,1
25,Private,184698,10th,6,Never-married,Machine-op-inspct,Not-in-family,White,Male,0,0,40,Dominican-Republic,<=50K,0,train,0.003,0,0,0
40,Local-gov,269168,HS-grad,9,Married-civ-spouse,Other-service,Husband,Other,Male,0,0,40,,<=50K,0,train,0.054,0,0,0
37,Private,60722,Some-college,10,Divorced,Exec-managerial,Not-in-family,Asian-Pac-Islander,Female,0,0,40,Japan,>50K,1,train,0.052,0,0,0
50,Private,142073,HS-grad,9,Married-spouse-absent,Exec-managerial,Not-in-family,White,Female,0,0,55,United-States,<=50K,0,train,0.139,0,0,0
39,Self-emp-inc,216473,Bachelors,13,Married-civ-spouse,Exec-managerial,Husband,White,Male,0,0,60,United-States,>50K,1,train,0.829,1,1,1
21,Private,294295,HS-grad,9,Never-married,Adm-clerical,Unmarried,White,Male,0,0,40,United-States,<=50K,0,test,0.014,0,0,0
68,Private,193666,Doctorate,16,Married-civ-spouse,Prof-specialty,Husband,White,Male,20051,0,55,United-States,>50K,1,test,1.0,1,1,1
37,Private,218490,Masters,14,Married-civ-spouse,Exec-managerial,Husband,White,Male,0,0,55,El-Salvador,>50K,1,test,0.758,1,1,1
23,Private,235894,11th,7,Married-civ-spouse,Exec-managerial,Husband,White,Male,0,0,55,United-States,<=50K,0,train,0.396,0,0,0
21,Private,197182,Assoc-acdm,12,Never-married,Prof-specialty,Not-in-family,White,Female,0,0,40,United-States,<=50K,0,test,0.057,0,0,0
24,,283731,Bachelors,13,Never-married,,Own-child,White,Male,0,0,40,United-States,<=50K,0,train,0.02,0,0,0
34,Private,224358,10th,6,Never-married,Other-service,Unmarried,Black,Female,0,0,40,United-States,<=50K,0,train,0.003,0,0,0
48,Self-emp-not-inc,187454,Bachelors,13,Married-civ-spouse,Prof-specialty,Husband,White,Male,0,0,40,United-States,<=50K,0,train,0.547,1,0,0
26,Private,523067,Some-college,10,Never-married,Prof-specialty,Own-child,White,Male,0,0,3,El-Salvador,<=50K,0,test,0.003,0,0,0
43,Self-emp-not-inc,152958,HS-grad,9,Married-civ-spouse,Exec-managerial,Husband,White,Male,0,0,35,United-States,>50K,1,test,0.312,0,0,0
26,Private,149943,HS-grad,9,Never-married,Other-service,Other-relative,Asian-Pac-Islander,Male,0,0,60,,<=50K,0,train,0.008,0,0,0
52,Local-gov,246197,HS-grad,9,Married-civ-spouse,Craft-repair,Husband,White,Male,0,0,40,United-States,<=50K,0,train,0.261,0,0,0
17,Private,156736,10th,6,Never-married,Sales,Unmarried,White,Female,0,0,12,United-States,<=50K,0,train,0.003,0,0,0
64,Self-emp-not-inc,289741,Some-college,10,Married-civ-spouse,Sales,Husband,White,Male,0,0,20,United-States,<=50K,0,train,0.204,0,0,0
35,Private,186845,Prof-school,15,Married-civ-spouse,Prof-specialty,Husband,White,Male,0,0,45,United-States,>50K,1,train,0.777,1,1,1
52,Private,159908,12th,8,Never-married,Machine-op-inspct,Not-in-family,White,Male,0,0,40,United-States,<=50K,0,test,0.013,0,0,0
41,Private,162189,HS-grad,9,Never-married,Machine-op-inspct,Own-child,White,Female,1831,0,40,Peru,<=50K,0,train,0.004,0,0,0
21,Private,208503,Some-college,10,Never-married,Transport-moving,Own-child,White,Male,0,0,10,United-States,<=50K,0,train,0.002,0,0,0
27,Private,212041,HS-grad,9,Never-married,Craft-repair,Not-in-family,White,Male,0,0,50,United-States,<=50K,0,train,0.023,0,0,0
19,Private,97215,Some-college,10,Separated,Sales,Unmarried,White,Female,0,0,25,United-States,<=50K,0,train,0.025,0,0,0
45,Private,363087,HS-grad,9,Separated,Machine-op-inspct,Unmarried,Black,Female,0,0,40,United-States,<=50K,0,train,0.026,0,0,0
48,Private,102938,Bachelors,13,Never-married,Other-service,Unmarried,Asian-Pac-Islander,Female,0,0,40,Vietnam,<=50K,0,train,0.016,0,0,0
22,Private,416165,Some-college,10,Never-married,Sales,Unmarried,White,Female,0,0,32,United-States,<=50K,0,train,0.021,0,0,0
36,Self-emp-not-inc,285020,HS-grad,9,Married-civ-spouse,Craft-repair,Husband,White,Male,2885,0,40,United-States,<=50K,0,train,0.294,0,0,0
45,Private,188950,Masters,14,Married-civ-spouse,Exec-managerial,Husband,White,Male,0,0,50,United-States,>50K,1,test,0.841,1,1,1
50,Self-emp-inc,204447,Some-college,10,Divorced,Protective-serv,Not-in-family,White,Male,0,0,40,United-States,<=50K,0,test,0.134,0,0,0
56,State-gov,54260,Doctorate,16,Married-civ-spouse,Prof-specialty,Not-in-family,Asian-Pac-Islander,Male,2885,0,40,China,<=50K,0,train,0.49,0,1,0
23,Private,45317,Some-college,10,Separated,Sales,Own-child,White,Female,0,0,40,United-States,<=50K,0,test,0.018,0,0,0
18,Private,120691,Some-college,10,Never-married,Other-service,Own-child,Black,Male,0,0,35,,<=50K,0,test,0.001,0,0,0
34,Private,242460,Bachelors,13,Married-civ-spouse,Exec-managerial,Husband,White,Male,7688,0,40,United-States,>50K,1,test,0.951,1,1,1
42,Self-emp-not-inc,222978,Doctorate,16,Never-married,Prof-specialty,Not-in-family,White,Female,0,0,45,United-States,<=50K,0,train,0.147,0,0,0
51,Private,49017,HS-grad,9,Widowed,Other-service,Not-in-family,White,Female,0,0,24,United-States,<=50K,0,train,0.009,0,0,0
47,Private,151584,HS-grad,9,Divorced,Sales,Own-child,White,Male,0,1876,40,United-States,<=50K,0,train,0.034,0,0,0
45,Private,162494,HS-grad,9,Never-married,Sales,Own-child,White,Female,0,0,19,United-States,<=50K,0,train,0.006,0,0,0
33,Private,121904,Some-college,10,Never-married,Other-service,Not-in-family,White,Female,0,0,28,United-States,<=50K,0,train,0.005,0,0,0
29,Private,199499,Assoc-voc,11,Never-married,Other-service,Not-in-family,Black,Male,0,0,40,United-States,<=50K,0,train,0.01,0,0,0
39,State-gov,152307,Bachelors,13,Married-civ-spouse,Prof-specialty,Husband,White,Male,0,0,40,United-States,<=50K,0,test,0.518,1,0,0
34,Private,187215,Bachelors,13,Married-civ-spouse,Prof-specialty,Wife,White,Female,15024,0,36,United-States,>50K,1,test,0.991,1,1,1
37,Private,173968,HS-grad,9,Married-civ-spouse,Transport-moving,Husband,White,Male,0,0,40,United-States,<=50K,0,train,0.187,0,0,0
43,Private,228320,HS-grad,9,Married-civ-spouse,Exec-managerial,Husband,White,Male,0,0,40,United-States,<=50K,0,train,0.484,0,0,0
65,Private,183170,HS-grad,9,Divorced,Other-service,Not-in-family,White,Male,0,0,25,United-States,<=50K,0,test,0.009,0,0,0
28,Private,132078,Bachelors,13,Never-married,Prof-specialty,Not-in-family,White,Female,0,0,40,United-States,<=50K,0,test,0.082,0,0,0
68,Self-emp-inc,140852,HS-grad,9,Married-civ-spouse,Sales,Husband,White,Male,0,0,40,United-States,<=50K,0,train,0.401,0,0,0
42,Self-emp-not-inc,115323,Doctorate,16,Never-married,Prof-specialty,Not-in-family,White,Male,0,0,7,,<=50K,0,train,0.028,0,0,0
28,Private,394927,Some-college,10,Married-civ-spouse,Tech-support,Husband,White,Male,0,0,40,United-States,>50K,1,train,0.342,0,0,0
50,State-gov,307392,Masters,14,Divorced,Prof-specialty,Unmarried,White,Female,0,0,40,United-States,<=50K,0,train,0.139,0,0,0
39,Private,233428,HS-grad,9,Divorced,Exec-managerial,Other-relative,White,Female,0,0,40,United-States,<=50K,0,test,0.087,0,0,0
40,Self-emp-not-inc,284706,Prof-school,15,Married-civ-spouse,Prof-specialty,Husband,Amer-Indian-Eskimo,Male,0,1977,60,United-States,>50K,1,train,0.871,1,1,1
42,Private,340234,HS-grad,9,Married-civ-spouse,Tech-support,Husband,Asian-Pac-Islander,Male,15024,0,40,United-States,>50K,1,train,0.967,1,1,1
33,Self-emp-not-inc,249249,5th-6th,3,Married-civ-spouse,Craft-repair,Husband,White,Male,0,0,50,United-States,>50K,1,train,0.048,0,0,0
42,Private,77373,Some-college,10,Married-civ-spouse,Handlers-cleaners,Husband,White,Male,0,0,38,United-States,<=50K,0,test,0.358,0,0,0
19,Private,560804,Some-college,10,Never-married,Adm-clerical,Own-child,White,Female,0,0,30,United-States,<=50K,0,train,0.005,0,0,0
64,Private,379062,Some-college,10,Widowed,Adm-clerical,Unmarried,White,Female,0,0,12,United-States,<=50K,0,train,0.026,0,0,0
31,Private,131568,7th-8th,4,Divorced,Transport-moving,Unmarried,White,Male,0,0,20,United-States,<=50K,0,train,0.003,0,0,0
27,Private,200733,HS-grad,9,Married-civ-spouse,Machine-op-inspct,Husband,White,Male,0,0,55,United-States,<=50K,0,test,0.249,0,0,0
33,Private,125856,HS-grad,9,Married-civ-spouse,Craft-repair,Husband,White,Male,0,0,40,United-States,<=50K,0,train,0.241,0,0,0
51,Self-emp-not-inc,125417,Masters,14,Married-civ-spouse,Exec-managerial,Husband,White,Male,0,0,42,United-States,>50K,1,train,0.719,1,1,1
23,State-gov,103588,Some-college,10,Never-married,Adm-clerical,Own-child,White,Male,0,0,25,United-States,<=50K,0,train,0.003,0,0,0
38,Private,372559,Some-college,10,Married-civ-spouse,Craft-repair,Husband,Black,Male,0,0,40,United-States,<=50K,0,train,0.311,0,0,0
69,Local-gov,61958,HS-grad,9,Married-civ-spouse,Craft-repair,Husband,White,Male,1424,0,6,United-States,<=50K,0,test,0.177,0,0,0
48,Self-emp-inc,191277,Assoc-voc,11,Married-civ-spouse,Exec-managerial,Husband,White,Male,0,0,50,United-States,>50K,1,test,0.698,1,1,1
45,Private,235646,Bachelors,13,Married-civ-spouse,Exec-managerial,Husband,White,Male,0,0,40,United-States,>50K,1,train,0.742,1,1,1
38,Private,295127,Some-college,10,Married-civ-spouse,Machine-op-inspct,Husband,White,Male,0,0,40,United-States,<=50K,0,test,0.238,0,0,0
35,,317780,Some-college,10,Never-married,,Unmarried,Black,Female,0,0,40,United-States,<=50K,0,train,0.026,0,0,0
63,Private,236338,HS-grad,9,Married-civ-spouse,Sales,Wife,White,Female,0,0,35,United-States,<=50K,0,train,0.428,0,1,0
36,Private,187847,Bachelors,13,Married-civ-spouse,Exec-managerial,Husband,White,Male,7688,0,40,United-States,>50K,1,test,0.952,1,1,1
53,Private,88725,HS-grad,9,Never-married,Craft-repair,Not-in-family,Other,Female,0,0,40,,<=50K,0,train,0.015,0,0,0
38,Private,107302,Some-college,10,Married-civ-spouse,Sales,Husband,White,Male,0,0,60,United-States,>50K,1,train,0.533,1,0,0
29,Private,71067,Prof-school,15,Never-married,Prof-specialty,Not-in-family,White,Female,0,0,55,United-States,<=50K,0,train,0.206,0,0,0
33,Self-emp-not-inc,58702,Assoc-voc,11,Married-civ-spouse,Prof-specialty,Wife,White,Female,3103,0,50,United-States,>50K,1,train,0.707,1,1,1
37,Private,134367,Bachelors,13,Married-civ-spouse,Exec-managerial,Wife,White,Female,0,0,37,United-States,>50K,1,train,0.755,1,1,1
54,Self-emp-not-inc,114520,Some-college,10,Married-civ-spouse,Sales,Husband,White,Male,0,0,40,United-States,<=50K,0,test,0.3,0,0,0
46,Private,224559,HS-grad,9,Married-civ-spouse,Transport-moving,Husband,Black,Male,0,0,40,United-States,<=50K,0,test,0.21,0,0,0
43,,396116,HS-grad,9,Married-civ-spouse,,Husband,White,Male,0,0,40,United-States,<=50K,0,train,0.266,0,0,0
44,Private,173590,Bachelors,13,Married-civ-spouse,Prof-specialty,Husband,White,Male,0,0,3,United-States,<=50K,0,train,0.36,0,0,0
20,,293091,HS-grad,9,Never-married,,Own-child,White,Male,0,0,12,United-States,<=50K,0,train,0.002,0,0,0
50,Self-emp-not-inc,167380,7th-8th,4,Married-civ-spouse,Farming-fishing,Husband,White,Male,0,0,40,United-States,<=50K,0,train,0.034,0,0,0
30,Self-emp-not-inc,292472,Some-college,10,Married-civ-spouse,Sales,Husband,Amer-Indian-Eskimo,Male,0,0,55,United-States,>50K,1,test,0.327,0,0,0
35,Private,143058,HS-grad,9,Married-civ-spouse,Machine-op-inspct,Husband,White,Male,0,0,60,United-States,>50K,1,train,0.309,0,0,0
54,Private,139703,Some-college,10,Married-civ-spouse,Craft-repair,Husband,White,Male,3103,0,40,Germany,>50K,1,train,0.554,1,0,0
30,Private,132565,Some-college,10,Never-married,Craft-repair,Unmarried,White,Male,0,0,40,United-States,<=50K,0,train,0.025,0,0,0
52,Local-gov,40641,10th,6,Married-civ-spouse,Craft-repair,Husband,White,Male,5013,0,40,United-States,<=50K,0,test,0.377,0,0,0
67,Self-emp-not-inc,195066,HS-grad,9,Married-civ-spouse,Farming-fishing,Husband,White,Male,0,0,50,United-States,<=50K,0,train,0.201,0,0,0
32,Private,36467,Assoc-acdm,12,Married-civ-spouse,Adm-clerical,Husband,White,Male,0,0,45,United-States,>50K,1,train,0.42,0,0,0
34,Private,110978,Prof-school,15,Never-married,Prof-specialty,Not-in-family,Asian-Pac-Islander,Female,0,0,40,United-States,<=50K,0,train,0.145,0,0,0
46,Self-emp-not-inc,199596,Some-college,10,Divorced,Exec-managerial,Unmarried,White,Female,0,0,50,United-States,<=50K,0,train,0.091,0,0,0
57,Private,191983,Some-college,10,Married-civ-spouse,Protective-serv,Husband,White,Male,0,0,50,United-States,<=50K,0,train,0.748,1,1,1
73,,89852,1st-4th,2,Married-civ-spouse,,Husband,White,Male,0,0,40,Portugal,<=50K,0,train,0.114,0,0,0
58,State-gov,69579,Some-college,10,Widowed,Prof-specialty,Not-in-family,White,Female,0,0,20,United-States,<=50K,0,train,0.034,0,0,0
50,Private,189811,Bachelors,13,Married-civ-spouse,Exec-managerial,Husband,White,Male,0,0,40,United-States,>50K,1,train,0.757,1,1,1
40,Private,226388,HS-grad,9,Married-civ-spouse,Craft-repair,Husband,Black,Male,0,0,40,United-States,<=50K,0,train,0.262,0,0,0
29,Private,108594,HS-grad,9,Never-married,Craft-repair,Own-child,White,Male,0,0,40,United-States,<=50K,0,test,0.007,0,0,0
34,Private,98283,Prof-school,15,Never-married,Tech-support,Not-in-family,Asian-Pac-Islander,Male,0,1564,40,India,>50K,1,test,0.178,0,0,0
59,Local-gov,114401,HS-grad,9,Widowed,Other-service,Not-in-family,White,Female,0,1504,19,United-States,<=50K,0,train,0.011,0,0,0
69,Private,108196,9th,5,Never-married,Craft-repair,Other-relative,White,Male,2993,0,40,United-States,<=50K,0,test,0.03,0,0,0
37,Private,77820,Bachelors,13,Married-civ-spouse,Exec-managerial,Husband,White,Male,0,0,45,United-States,>50K,1,train,0.75,1,1,1
39,Private,190719,Some-college,10,Divorced,Sales,Not-in-family,White,Male,0,0,45,United-States,<=50K,0,train,0.057,0,0,0
76,Private,70697,7th-8th,4,Widowed,Other-service,Not-in-family,White,Female,0,0,25,United-States,<=50K,0,test,0.003,0,0,0
37,Private,188774,Bachelors,13,Married-civ-spouse,Adm-clerical,Husband,White,Male,0,0,40,United-States,<=50K,0,test,0.465,0,0,0
43,Private,117627,Some-college,10,Divorced,Exec-managerial,Not-in-family,Black,Female,0,0,40,United-States,<=50K,0,test,0.097,0,0,0
30,State-gov,234824,HS-grad,9,Married-civ-spouse,Other-service,Wife,White,Female,0,0,72,United-States,<=50K,0,train,0.189,0,0,0
55,Private,130957,HS-grad,9,Married-civ-spouse,Craft-repair,Husband,White,Male,0,0,45,United-States,<=50K,0,train,0.349,0,0,0
35,,103710,Bachelors,13,Divorced,,Unmarried,White,Female,0,0,16,,<=50K,0,train,0.023,0,0,0
34,Private,405577,Some-college,10,Never-married,Adm-clerical,Not-in-family,White,Male,0,0,40,United-States,<=50K,0,train,0.021,0,0,0
20,Private,146879,HS-grad,9,Never-married,Other-service,Not-in-family,White,Male,0,2001,40,United-States,<=50K,0,train,0.009,0,0,0
44,Private,286750,Bachelors,13,Married-civ-spouse,Exec-managerial,Husband,Black,Male,0,1902,40,United-States,>50K,1,train,0.837,1,1,1
65,,293385,Preschool,1,Married-civ-spouse,,Husband,Black,Male,0,0,30,United-States,<=50K,0,train,0.04,0,0,0
47,Private,274883,HS-grad,9,Married-civ-spouse,Transport-moving,Husband,White,Male,0,0,40,United-States,<=50K,0,train,0.212,0,0,0
43,State-gov,129298,Masters,14,Married-civ-spouse,Exec-managerial,Husband,White,Male,0,0,40,United-States,>50K,1,train,0.683,1,1,1
42,Private,270721,Bachelors,13,Never-married,Prof-specialty,Not-in-family,White,Male,0,0,32,United-States,<=50K,0,test,0.078,0,0,0
59,State-gov,398626,Doctorate,16,Divorced,Prof-specialty,Unmarried,White,Male,25236,0,45,United-States,>50K,1,train,0.997,1,1,1
21,,405684,HS-grad,9,Never-married,,Other-relative,White,Male,0,0,35,Mexico,<=50K,0,train,0.008,0,0,0
47,Private,191277,Some-college,10,Married-civ-spouse,Sales,Husband,White,Male,0,0,50,United-States,>50K,1,train,0.484,0,0,0
39,Private,150217,Some-college,10,Divorced,Sales,Not-in-family,White,Female,0,0,38,United-States,<=50K,0,test,0.046,0,0,0
25,Private,335005,Some-college,10,Married-civ-spouse,Protective-serv,Husband,White,Male,3137,0,40,United-States,<=50K,0,test,0.747,1,1,1
25,Private,124111,HS-grad,9,Never-married,Other-service,Not-in-family,White,Female,0,0,38,United-States,<=50K,0,train,0.005,0,0,0
41,Local-gov,575442,Some-college,10,Divorced,Craft-repair,Not-in-family,White,Male,0,0,40,United-States,<=50K,0,train,0.033,0,0,0
24,Private,55424,Bachelors,13,Never-married,Exec-managerial,Own-child,White,Male,0,0,40,United-States,<=50K,0,train,0.049,0,0,0
28,Private,209801,9th,5,Married-civ-spouse,Machine-op-inspct,Wife,White,Female,0,0,40,United-States,<=50K,0,train,0.084,0,0,0
20,State-gov,178517,Some-college,10,Never-married,Farming-fishing,Not-in-family,White,Male,0,0,40,United-States,<=50K,0,train,0.007,0,0,0
45,Private,178319,Doctorate,16,Married-civ-spouse,Prof-specialty,Husband,White,Male,7688,0,50,United-States,>50K,1,train,0.981,1,1,1
42,Self-emp-not-inc,54202,Prof-school,15,Married-civ-spouse,Prof-specialty,Husband,White,Male,0,0,50,United-States,>50K,1,test,0.726,1,1,1
33,Private,554986,Some-college,10,Separated,Exec-managerial,Unmarried,White,Female,0,0,40,United-States,<=50K,0,train,0.095,0,0,0
42,Private,24364,Some-college,10,Married-civ-spouse,Other-service,Wife,Black,Female,0,0,30,United-States,<=50K,0,train,0.131,0,0,0
52,Private,204447,HS-grad,9,Married-civ-spouse,Machine-op-inspct,Husband,White,Male,4386,0,40,United-States,>50K,1,train,0.494,0,0,0
23,Private,152328,Some-college,10,Never-married,Exec-managerial,Own-child,White,Male,0,0,40,United-States,<=50K,0,test,0.022,0,0,0
45,Private,129336,Masters,14,Married-civ-spouse,Adm-clerical,Husband,White,Male,0,0,45,United-States,>50K,1,test,0.606,1,1,1
31,Private,363130,Some-college,10,Married-civ-spouse,Exec-managerial,Husband,Black,Male,0,0,40,United-States,>50K,1,train,0.504,1,0,0
26,Private,263444,HS-grad,9,Married-civ-spouse,Machine-op-inspct,Husband,White,Male,0,0,45,United-States,<=50K,0,test,0.188,0,0,0
19,Private,258470,HS-grad,9,Never-married,Handlers-cleaners,Not-in-family,White,Male,0,0,40,United-States,<=50K,0,train,0.018,0,0,0
41,Private,197919,HS-grad,9,Married-civ-spouse,Adm-clerical,Wife,White,Female,0,0,60,United-States,<=50K,0,train,0.453,0,1,0
30,Federal-gov,356689,Bachelors,13,Married-civ-spouse,Adm-clerical,Husband,White,Male,0,0,30,Japan,<=50K,0,train,0.266,0,0,0
22,,34616,Some-college,10,Never-married,,Own-child,White,Female,0,0,20,United-States,<=50K,0,train,0.004,0,0,0
52,Private,169182,9th,5,Widowed,Other-service,Not-in-family,White,Female,0,0,25,Puerto-Rico,<=50K,0,test,0.002,0,0,0
43,Private,64631,HS-grad,9,Married-civ-spouse,Craft-repair,Husband,White,Male,0,0,40,United-States,<=50K,0,train,0.271,0,0,0
35,Self-emp-not-inc,202027,Masters,14,Married-civ-spouse,Exec-managerial,Husband,White,Male,7688,0,55,United-States,>50K,1,train,0.961,1,1,1
34,Private,201122,Some-college,10,Married-civ-spouse,Craft-repair,Husband,White,Male,0,0,48,United-States,>50K,1,train,0.357,0,0,0
33,Private,133278,HS-grad,9,Never-married,Adm-clerical,Own-child,Black,Female,0,0,40,United-States,<=50K,0,train,0.007,0,0,0
62,Private,29828,HS-grad,9,Married-civ-spouse,Transport-moving,Husband,White,Male,0,0,40,United-States,<=50K,0,test,0.255,0,0,0
65,Private,170012,Bachelors,13,Married-civ-spouse,Adm-clerical,Husband,White,Male,0,0,34,United-States,<=50K,0,train,0.527,1,0,0
28,Private,175431,9th,5,Divorced,Prof-specialty,Not-in-family,Black,Female,0,0,40,United-States,<=50K,0,test,0.015,0,0,0
42,Private,339346,Masters,14,Divorced,Adm-clerical,Not-in-family,White,Female,0,0,25,United-States,<=50K,0,train,0.061,0,0,0
37,Federal-gov,90881,Some-college,10,Separated,Exec-managerial,Not-in-family,White,Male,8614,0,55,United-States,>50K,1,train,0.669,1,1,1
61,Self-emp-not-inc,176965,Prof-school,15,Married-civ-spouse,Prof-specialty,Husband,White,Male,0,0,50,United-States,>50K,1,train,0.783,1,1,1
43,Private,112494,HS-grad,9,Divorced,Transport-moving,Not-in-family,White,Male,0,0,45,United-States,<=50K,0,train,0.026,0,0,0
43,Self-emp-not-inc,315971,Masters,14,Never-married,Exec-managerial,Not-in-family,White,Female,0,0,40,United-States,<=50K,0,train,0.109,0,0,0
47,Private,110243,11th,7,Married-civ-spouse,Other-service,Husband,White,Male,0,0,40,United-States,<=50K,0,train,0.07,0,0,0
53,Private,30244,Assoc-acdm,12,Married-civ-spouse,Exec-managerial,Husband,White,Male,15024,0,40,United-States,>50K,1,train,0.993,1,1,1
60,Private,145493,Some-college,10,Divorced,Adm-clerical,Not-in-family,White,Female,0,0,40,United-States,<=50K,0,train,0.046,0,0,0
18,Private,183034,Some-college,10,Never-married,Sales,Own-child,Black,Male,0,0,35,United-States,<=50K,0,train,0.009,0,0,0
18,Private,91525,HS-grad,9,Never-married,Sales,Other-relative,White,Male,0,0,25,United-States,<=50K,0,test,0.014,0,0,0
39,Self-emp-not-inc,34378,HS-grad,9,Married-civ-spouse,Farming-fishing,Husband,White,Male,0,0,50,United-States,<=50K,0,train,0.138,0,0,0
60,Self-emp-not-inc,261119,HS-grad,9,Divorced,Craft-repair,Unmarried,White,Female,0,0,40,United-States,<=50K,0,test,0.026,0,0,0
58,Private,214502,9th,5,Married-civ-spouse,Handlers-cleaners,Husband,White,Male,0,0,50,United-States,>50K,1,test,0.218,0,0,0
23,Private,24395,HS-grad,9,Never-married,Handlers-cleaners,Own-child,White,Female,0,0,30,United-States,<=50K,0,test,0.006,0,0,0
35,State-gov,89040,Bachelors,13,Married-civ-spouse,Exec-managerial,Husband,White,Male,0,0,40,United-States,>50K,1,train,0.591,1,1,1
29,Private,215504,HS-grad,9,Married-civ-spouse,Machine-op-inspct,Husband,White,Male,0,0,40,United-States,<=50K,0,test,0.171,0,0,0
25,Private,195994,1st-4th,2,Never-married,Priv-house-serv,Not-in-family,White,Female,0,0,40,Guatemala,<=50K,0,test,0.002,0,0,0
47,Private,109089,Some-college,10,Married-civ-spouse,Prof-specialty,Husband,White,Male,0,0,70,United-States,<=50K,0,train,0.717,1,1,1
43,Local-gov,33331,Masters,14,Married-civ-spouse,Exec-managerial,Husband,White,Male,0,0,40,United-States,>50K,1,train,0.75,1,1,1
50,Local-gov,168672,Masters,14,Married-civ-spouse,Prof-specialty,Wife,White,Female,0,1902,40,United-States,>50K,1,test,0.852,1,1,1
39,Private,316211,HS-grad,9,Married-civ-spouse,Exec-managerial,Husband,White,Male,0,0,60,United-States,>50K,1,train,0.634,1,1,1
21,Private,200973,Some-college,10,Never-married,Sales,Own-child,White,Female,0,0,20,United-States,<=50K,0,train,0.006,0,0,0
62,Self-emp-not-inc,136684,HS-grad,9,Widowed,Adm-clerical,Other-relative,White,Female,0,0,30,United-States,<=50K,0,test,0.023,0,0,0
46,Private,102597,Bachelors,13,Divorced,Prof-specialty,Unmarried,White,Female,0,0,40,United-States,<=50K,0,train,0.163,0,0,0
27,Private,321577,HS-grad,9,Never-married,Machine-op-inspct,Own-child,Black,Female,0,0,40,United-States,<=50K,0,train,0.005,0,0,0
39,Private,177075,HS-grad,9,Divorced,Adm-clerical,Not-in-family,White,Female,0,0,40,United-States,<=50K,0,train,0.026,0,0,0
56,Private,208451,Bachelors,13,Married-civ-spouse,Prof-specialty,Husband,White,Male,0,0,40,United-States,>50K,1,test,0.705,1,1,1
56,Private,146326,HS-grad,9,Married-civ-spouse,Transport-moving,Husband,White,Male,0,0,50,United-States,<=50K,0,train,0.304,0,0,0
37,Local-gov,89491,Masters,14,Divorced,Exec-managerial,Not-in-family,White,Female,0,0,40,United-States,<=50K,0,test,0.192,0,0,0
27,Private,198346,Bachelors,13,Divorced,Adm-clerical,Not-in-family,White,Female,0,0,35,United-States,<=50K,0,train,0.052,0,0,0
26,Private,186950,Assoc-voc,11,Married-civ-spouse,Adm-clerical,Wife,White,Female,0,0,40,United-States,>50K,1,train,0.363,0,1,0
29,Private,144592,Bachelors,13,Never-married,Sales,Own-child,White,Male,0,0,40,United-States,<=50K,0,train,0.028,0,0,0
21,Private,83033,Some-college,10,Never-married,Adm-clerical,Own-child,White,Female,2176,0,20,United-States,<=50K,0,train,0.007,0,0,0
48,Private,152953,7th-8th,4,Married-civ-spouse,Craft-repair,Husband,White,Male,0,0,32,Dominican-Republic,<=50K,0,train,0.044,0,0,0
29,Private,197618,HS-grad,9,Never-married,Adm-clerical,Not-in-family,White,Female,0,0,40,United-States,<=50K,0,train,0.015,0,0,0
65,Private,115890,Bachelors,13,Married-civ-spouse,Transport-moving,Husband,White,Male,0,0,20,United-States,<=50K,0,test,0.351,0,0,0
48,Private,116641,HS-grad,9,Divorced,Adm-clerical,Unmarried,White,Female,0,0,45,United-States,<=50K,0,train,0.038,0,0,0
22,Private,406978,Bachelors,13,Never-married,Exec-managerial,Other-relative,White,Female,0,0,40,United-States,<=50K,0,train,0.125,0,0,0
49,Private,173115,10th,6,Separated,Exec-managerial,Not-in-family,Black,Male,4416,0,99,United-States,<=50K,0,train,0.505,1,0,0
33,Private,104525,HS-grad,9,Married-civ-spouse,Handlers-cleaners,Husband,White,Male,0,0,40,United-States,<=50K,0,test,0.283,0,0,0
47,Private,206659,Some-college,10,Divorced,Adm-clerical,Other-relative,White,Female,0,0,40,United-States,<=50K,0,train,0.046,0,0,0
30,Private,176123,10th,6,Never-married,Machine-op-inspct,Other-relative,Asian-Pac-Islander,Male,0,0,40,Vietnam,<=50K,0,test,0.004,0,0,0
24,Private,346909,HS-grad,9,Married-civ-spouse,Craft-repair,Husband,White,Male,0,0,44,Mexico,<=50K,0,train,0.142,0,0,0
50,Private,185846,HS-grad,9,Married-civ-spouse,Sales,Husband,White,Male,0,0,40,United-States,<=50K,0,train,0.348,0,0,0
37,Private,51264,Doctorate,16,Married-civ-spouse,Prof-specialty,Husband,White,Male,0,0,99,France,>50K,1,train,0.958,1,1,1
37,Self-emp-not-inc,410919,HS-grad,9,Never-married,Craft-repair,Own-child,White,Male,0,0,35,United-States,<=50K,0,test,0.004,0,0,0
49,Self-emp-not-inc,275845,Some-college,10,Married-civ-spouse,Exec-managerial,Husband,White,Male,0,0,60,United-States,<=50K,0,train,0.605,1,1,1
52,Private,253784,11th,7,Divorced,Other-service,Unmarried,White,Female,0,0,20,United-States,<=50K,0,test,0.004,0,0,0
69,Local-gov,32287,10th,6,Married-civ-spouse,Transport-moving,Husband,White,Male,0,0,25,United-States,<=50K,0,train,0.077,0,0,0
66,Self-emp-inc,197816,Bachelors,13,Married-civ-spouse,Exec-managerial,Husband,White,Male,10605,0,40,United-States,>50K,1,train,0.985,1,1,1
49,Self-emp-inc,119565,Masters,14,Married-civ-spouse,Sales,Husband,White,Male,0,0,40,United-States,>50K,1,train,0.658,1,1,1
23,Private,376416,Bachelors,13,Never-married,Adm-clerical,Not-in-family,White,Male,0,0,40,United-States,<=50K,0,train,0.039,0,0,0
48,Private,155372,HS-grad,9,Widowed,Machine-op-inspct,Unmarried,White,Female,0,0,36,United-States,<=50K,0,test,0.028,0,0,0
61,Private,175999,HS-grad,9,Married-civ-spouse,Machine-op-inspct,Husband,White,Male,0,0,40,United-States,<=50K,0,train,0.256,0,0,0
18,Private,165532,12th,8,Never-married,Other-service,Own-child,White,Male,0,0,15,United-States,<=50K,0,train,0.001,0,0,0
22,Private,141297,Some-college,10,Never-married,Tech-support,Own-child,White,Male,0,0,40,United-States,<=50K,0,train,0.012,0,0,0
37,Private,201141,HS-grad,9,Never-married,Adm-clerical,Own-child,White,Female,0,0,37,United-States,<=50K,0,train,0.007,0,0,0
30,Private,29522,Some-college,10,Married-civ-spouse,Sales,Wife,White,Female,0,0,40,United-States,<=50K,0,train,0.407,0,1,0
30,Private,36340,HS-grad,9,Never-married,Adm-clerical,Unmarried,White,Female,0,0,24,United-States,<=50K,0,train,0.01,0,0,0
47,Self-emp-not-inc,265097,HS-grad,9,Married-civ-spouse,Transport-moving,Husband,White,Male,0,0,45,United-States,>50K,1,train,0.155,0,0,0
33,Private,96245,Assoc-acdm,12,Married-civ-spouse,Prof-specialty,Husband,White,Male,0,0,50,United-States,<=50K,0,train,0.639,1,1,1
61,Private,273803,HS-grad,9,Married-civ-spouse,Craft-repair,Husband,White,Male,0,0,40,United-States,<=50K,0,train,0.332,0,0,0
25,Private,77071,Bachelors,13,Never-married,Prof-specialty,Own-child,White,Female,0,2339,35,United-States,<=50K,0,train,0.061,0,0,0
65,Private,150095,Bachelors,13,Married-civ-spouse,Exec-managerial,Husband,White,Male,0,0,40,United-States,>50K,1,train,0.799,1,1,1
30,Private,261677,9th,5,Never-married,Handlers-cleaners,Unmarried,Black,Male,0,0,40,United-States,<=50K,0,test,0.008,0,0,0
64,Private,46087,Bachelors,13,Divorced,Exec-managerial,Not-in-family,White,Female,0,0,50,United-States,<=50K,0,train,0.324,0,0,0
46,Private,173613,HS-grad,9,Divorced,Adm-clerical,Not-in-family,White,Female,0,0,40,United-States,<=50K,0,train,0.029,0,0,0
27,Private,265314,HS-grad,9,Married-civ-spouse,Transport-moving,Husband,White,Male,0,0,45,United-States,>50K,1,train,0.188,0,0,0
25,Private,159603,HS-grad,9,Never-married,Other-service,Unmarried,White,Female,0,0,34,United-States,<=50K,0,test,0.005,0,0,0
23,Private,175266,Some-college,10,Never-married,Craft-repair,Not-in-family,White,Male,0,0,40,United-States,<=50K,0,train,0.02,0,0,0
23,Private,136824,Some-college,10,Never-married,Other-service,Own-child,White,Male,0,0,20,United-States,<=50K,0,train,0.001,0,0,0
42,Local-gov,201723,Some-college,10,Never-married,Craft-repair,Not-in-family,White,Male,0,0,40,United-States,<=50K,0,train,0.023,0,0,0
32,Private,192039,Assoc-voc,11,Married-civ-spouse,Prof-specialty,Wife,White,Female,0,0,40,United-States,>50K,1,train,0.56,1,1,1
36,State-gov,147258,Some-college,10,Divorced,Transport-moving,Not-in-family,White,Male,0,0,60,United-States,<=50K,0,train,0.029,0,0,0
29,Self-emp-not-inc,142519,HS-grad,9,Married-civ-spouse,Machine-op-inspct,Husband,White,Male,0,0,40,United-States,<=50K,0,train,0.106,0,0,0
39,Private,164733,Some-college,10,Divorced,Adm-clerical,Not-in-family,White,Female,0,0,45,United-States,<=50K,0,train,0.039,0,0,0
19,Private,223648,11th,7,Never-married,Sales,Own-child,White,Male,0,0,20,,<=50K,0,train,0.001,0,0,0
52,Local-gov,346668,Masters,14,Never-married,Prof-specialty,Own-child,White,Female,0,0,40,United-States,<=50K,0,train,0.058,0,0,0
51,Private,204447,Some-college,10,Married-civ-spouse,Prof-specialty,Husband,White,Male,0,0,45,United-States,>50K,1,test,0.536,1,0,0
40,State-gov,195520,Some-college,10,Never-married,Adm-clerical,Unmarried,Black,Female,0,0,49,United-States,<=50K,0,train,0.02,0,0,0
45,Federal-gov,232997,Some-college,10,Married-civ-spouse,Transport-moving,Husband,White,Male,0,0,65,United-States,>50K,1,test,0.48,0,0,0
44,Private,523484,Bachelors,13,Married-civ-spouse,Exec-managerial,Husband,Black,Male,0,0,40,United-States,>50K,1,test,0.739,1,1,1
70,,147558,Bachelors,13,Divorced,,Not-in-family,White,Female,0,0,7,United-States,<=50K,0,train,0.045,0,0,0
18,Private,242615,Some-college,10,Never-married,Adm-clerical,Own-child,White,Female,0,0,15,United-States,<=50K,0,train,0.003,0,0,0
40,Self-emp-inc,137367,Some-college,10,Married-civ-spouse,Exec-managerial,Husband,Asian-Pac-Islander,Male,0,0,50,China,<=50K,0,train,0.258,0,0,0
47,Private,280798,Some-college,10,Married-civ-spouse,Exec-managerial,Husband,White,Male,0,0,40,United-States,>50K,1,train,0.567,1,1,1
32,Private,171215,Some-college,10,Divorced,Adm-clerical,Not-in-family,White,Male,0,0,48,United-States,<=50K,0,train,0.039,0,0,0
26,Private,167350,HS-grad,9,Never-married,Transport-moving,Own-child,White,Male,0,0,50,United-States,<=50K,0,train,0.007,0,0,0
39,Private,322143,12th,8,Married-civ-spouse,Transport-moving,Husband,White,Male,15024,0,70,United-States,>50K,1,train,0.967,1,1,1
43,Private,339767,Some-college,10,Married-civ-spouse,Other-service,Wife,White,Female,0,0,20,England,>50K,1,train,0.149,0,0,0
47,Private,111994,HS-grad,9,Married-civ-spouse,Other-service,Husband,White,Male,0,0,34,United-States,<=50K,0,test,0.096,0,0,0
19,Private,146679,Some-college,10,Never-married,Exec-managerial,Own-child,Black,Male,0,0,30,United-States,<=50K,0,train,0.015,0,0,0
42,Private,103932,Assoc-voc,11,Divorced,Prof-specialty,Unmarried,White,Female,0,0,40,United-States,<=50K,0,test,0.096,0,0,0
27,State-gov,431637,Prof-school,15,Never-married,Prof-specialty,Not-in-family,White,Male,0,0,70,United-States,<=50K,0,train,0.198,0,0,0
44,Self-emp-not-inc,254303,Some-college,10,Divorced,Other-service,Not-in-family,White,Male,0,0,45,United-States,<=50K,0,train,0.01,0,0,0
24,Private,195808,Some-college,10,Never-married,Machine-op-inspct,Own-child,White,Male,0,0,40,United-States,<=50K,0,train,0.006,0,0,0
57,Private,124771,HS-grad,9,Married-civ-spouse,Craft-repair,Husband,White,Male,0,0,40,United-States,<=50K,0,train,0.318,0,0,0
53,Private,215790,Some-college,10,Widowed,Adm-clerical,Other-relative,White,Female,0,0,22,United-States,<=50K,0,train,0.035,0,0,0
36,Federal-gov,239074,Assoc-acdm,12,Married-civ-spouse,Other-service,Husband,White,Male,0,0,40,United-States,<=50K,0,test,0.221,0,0,0
29,Private,214925,Masters,14,Never-married,Exec-managerial,Not-in-family,Black,Male,0,0,60,United-States,<=50K,0,train,0.252,0,0,0
27,Private,293828,HS-grad,9,Never-married,Other-service,Not-in-family,Black,Female,0,0,40,Jamaica,<=50K,0,train,0.004,0,0,0
55,Self-emp-not-inc,145574,HS-grad,9,Divorced,Exec-managerial,Not-in-family,White,Male,34095,0,60,United-States,<=50K,0,train,0.999,1,1,1
28,Private,139903,Bachelors,13,Never-married,Machine-op-inspct,Unmarried,Black,Female,0,0,40,United-States,<=50K,0,train,0.037,0,0,0
31,Private,113364,HS-grad,9,Married-civ-spouse,Craft-repair,Husband,White,Male,0,0,40,United-States,>50K,1,train,0.235,0,0,0
56,Private,346033,9th,5,Divorced,Adm-clerical,Not-in-family,White,Male,0,0,40,United-States,<=50K,0,train,0.012,0,0,0
42,Private,175943,Assoc-voc,11,Married-civ-spouse,Exec-managerial,Wife,White,Female,7298,0,35,United-States,>50K,1,train,0.929,1,1,1
24,State-gov,133586,Bachelors,13,Married-civ-spouse,Exec-managerial,Wife,White,Female,0,0,40,United-States,<=50K,0,train,0.62,1,1,1
51,Private,91137,9th,5,Never-married,Other-service,Unmarried,Black,Female,0,0,40,United-States,<=50K,0,train,0.003,0,0,0
52,Private,178915,HS-grad,9,Never-married,Exec-managerial,Unmarried,White,Female,0,0,40,United-States,<=50K,0,test,0.065,0,0,0
61,Private,423297,Doctorate,16,Married-civ-spouse,Prof-specialty,Husband,White,Male,0,0,40,United-States,>50K,1,train,0.854,1,1,1
63,,179981,HS-grad,9,Married-civ-spouse,,Husband,White,Male,0,0,4,United-States,<=50K,0,train,0.128,0,0,0
63,Private,181828,HS-grad,9,Married-civ-spouse,Sales,Husband,White,Male,0,0,48,,<=50K,0,train,0.342,0,0,0
21,Private,306114,Some-college,10,Never-married,Adm-clerical,Own-child,White,Male,0,0,20,United-States,<=50K,0,train,0.004,0,0,0
40,Private,124520,Assoc-voc,11,Divorced,Craft-repair,Unmarried,White,Male,0,0,50,United-States,>50K,1,train,0.076,0,0,0
26,Self-emp-not-inc,93806,Some-college,10,Married-civ-spouse,Sales,Husband,White,Male,0,0,55,United-States,<=50K,0,train,0.313,0,0,0
50,Private,211319,Bachelors,13,Married-civ-spouse,Exec-managerial,Husband,White,Male,7298,0,50,United-States,>50K,1,train,0.969,1,1,1
27,Self-emp-not-inc,70657,Some-college,10,Never-married,Craft-repair,Not-in-family,White,Male,0,0,35,United-States,<=50K,0,train,0.011,0,0,0
67,Private,101132,7th-8th,4,Married-civ-spouse,Craft-repair,Husband,White,Male,1797,0,40,United-States,<=50K,0,train,0.186,0,0,0
38,Private,143538,HS-grad,9,Never-married,Machine-op-inspct,Not-in-family,White,Female,0,0,40,United-States,<=50K,0,test,0.014,0,0,0
34,Private,242960,Assoc-voc,11,Married-civ-spouse,Craft-repair,Husband,White,Male,0,0,50,United-States,<=50K,0,test,0.438,0,0,0
53,Private,290688,HS-grad,9,Married-civ-spouse,Craft-repair,Husband,White,Male,0,0,52,United-States,>50K,1,test,0.397,0,0,0
43,Private,427382,Masters,14,Never-married,Prof-specialty,Not-in-family,White,Male,0,0,50,United-States,>50K,1,train,0.173,0,0,0
60,State-gov,234854,Doctorate,16,Married-civ-spouse,Prof-specialty,Husband,White,Male,0,1902,40,United-States,>50K,1,train,0.861,1,1,1
46,Local-gov,125457,Masters,14,Married-civ-spouse,Prof-specialty,Husband,Black,Male,0,0,38,United-States,>50K,1,train,0.672,1,1,1
41,Private,155657,11th,7,Never-married,Handlers-cleaners,Other-relative,Black,Female,0,0,40,United-States,<=50K,0,train,0.018,0,0,0
26,Private,211596,HS-grad,9,Divorced,Craft-repair,Not-in-family,White,Male,0,0,40,United-States,<=50K,0,train,0.024,0,0,0
21,Private,103205,HS-grad,9,Married-civ-spouse,Machine-op-inspct,Husband,White,Male,0,0,40,United-States,<=50K,0,train,0.153,0,0,0
32,Private,119124,Bachelors,13,Never-married,Prof-specialty,Own-child,White,Male,0,0,40,United-States,<=50K,0,train,0.04,0,0,0
35,Private,115214,HS-grad,9,Never-married,Machine-op-inspct,Unmarried,White,Male,6497,0,65,United-States,<=50K,0,train,0.164,0,0,0
38,Private,275223,Some-college,10,Married-civ-spouse,Sales,Husband,White,Male,7298,0,40,United-States,>50K,1,train,0.807,1,1,1
45,Private,192835,HS-grad,9,Married-civ-spouse,Other-service,Husband,White,Male,3942,0,40,United-States,<=50K,0,train,0.268,0,0,0
28,Private,177119,Masters,14,Never-married,Exec-managerial,Not-in-family,White,Female,0,0,80,,<=50K,0,train,0.282,0,0,0
24,Federal-gov,130534,Bachelors,13,Never-married,Exec-managerial,Not-in-family,White,Male,0,0,40,United-States,<=50K,0,test,0.122,0,0,0
58,Private,316235,HS-grad,9,Divorced,Sales,Other-relative,White,Female,0,0,32,United-States,<=50K,0,train,0.048,0,0,0
41,Private,104196,Some-college,10,Divorced,Transport-moving,Not-in-family,White,Male,0,0,60,United-States,<=50K,0,train,0.052,0,0,0
40,Private,139193,HS-grad,9,Divorced,Machine-op-inspct,Not-in-family,White,Male,0,1980,48,United-States,<=50K,0,train,0.05,0,0,0
22,Private,332657,Some-college,10,Never-married,Prof-specialty,Not-in-family,White,Female,0,0,40,United-States,<=50K,0,train,0.035,0,0,0
21,Private,188073,HS-grad,9,Never-married,Machine-op-inspct,Own-child,Black,Female,0,0,40,United-States,<=50K,0,test,0.005,0,0,0
33,Private,251521,11th,7,Never-married,Adm-clerical,Not-in-family,White,Female,0,0,35,United-States,<=50K,0,test,0.008,0,0,0
41,Local-gov,190786,Bachelors,13,Divorced,Prof-specialty,Not-in-family,White,Male,0,0,20,United-States,<=50K,0,train,0.064,0,0,0
26,,130832,Bachelors,13,Never-married,,Unmarried,White,Female,0,0,10,United-States,<=50K,0,train,0.019,0,0,0
48,Private,164964,HS-grad,9,Married-civ-spouse,Machine-op-inspct,Husband,White,Male,0,0,40,United-States,<=50K,0,train,0.218,0,0,0
22,Private,263670,HS-grad,9,Never-married,Other-service,Own-child,Black,Male,0,0,80,United-States,<=50K,0,train,0.008,0,0,0
33,Private,182423,HS-grad,9,Divorced,Other-service,Unmarried,Black,Male,0,0,40,United-States,<=50K,0,train,0.01,0,0,0
25,Private,192273,Bachelors,13,Married-civ-spouse,Prof-specialty,Husband,White,Male,0,0,40,United-States,<=50K,0,train,0.592,1,0,1
18,,28311,11th,7,Never-married,,Own-child,White,Female,0,0,35,United-States,<=50K,0,test,0.003,0,0,0
51,Private,302579,HS-grad,9,Divorced,Other-service,Other-relative,Black,Female,0,0,30,United-States,<=50K,0,train,0.011,0,0,0
25,Private,295108,HS-grad,9,Never-married,Handlers-cleaners,Unmarried,Black,Female,0,0,25,United-States,<=50K,0,test,0.013,0,0,0
40,Private,408717,HS-grad,9,Married-civ-spouse,Craft-repair,Husband,White,Male,0,0,40,United-States,>50K,1,train,0.262,0,0,0
31,Private,212235,Some-college,10,Never-married,Sales,Not-in-family,White,Male,0,0,45,United-States,<=50K,0,train,0.035,0,0,0
33,Private,511517,HS-grad,9,Married-civ-spouse,Prof-specialty,Husband,White,Male,0,0,40,United-States,<=50K,0,train,0.357,0,0,0
25,Private,180212,HS-grad,9,Never-married,Adm-clerical,Unmarried,Black,Female,0,0,40,United-States,<=50K,0,train,0.015,0,0,0
26,Local-gov,80485,Bachelors,13,Never-married,Prof-specialty,Not-in-family,White,Female,0,0,38,United-States,<=50K,0,test,0.062,0,0,0
31,Private,19302,Bachelors,13,Married-civ-spouse,Prof-specialty,Husband,White,Male,0,0,40,United-States,>50K,1,test,0.615,1,1,1
35,Private,210150,HS-grad,9,Divorced,Adm-clerical,Unmarried,White,Female,0,0,40,United-States,<=50K,0,test,0.026,0,0,0
18,Private,362302,12th,8,Never-married,Other-service,Own-child,White,Male,0,0,15,United-States,<=50K,0,train,0.001,0,0,0
22,Private,204935,HS-grad,9,Never-married,Machine-op-inspct,Own-child,White,Male,0,0,40,United-States,<=50K,0,train,0.005,0,0,0
30,Local-gov,159773,Bachelors,13,Married-civ-spouse,Protective-serv,Husband,White,Male,0,0,45,United-States,>50K,1,test,0.75,1,1,1
37,Private,245053,Some-college,10,Divorced,Handlers-cleaners,Own-child,White,Male,0,1504,40,United-States,<=50K,0,train,0.033,0,0,0
48,Private,139290,10th,6,Separated,Machine-op-inspct,Own-child,White,Female,0,0,48,United-States,<=50K,0,train,0.006,0,0,0
50,Private,104501,Masters,14,Married-civ-spouse,Prof-specialty,Husband,White,Male,0,0,40,United-States,>50K,1,train,0.74,1,1,1
37,Private,136028,Assoc-voc,11,Married-civ-spouse,Other-service,Husband,White,Male,0,0,40,United-States,<=50K,0,train,0.16,0,0,0
27,Private,174645,HS-grad,9,Never-married,Adm-clerical,Own-child,White,Female,0,0,40,United-States,<=50K,0,train,0.006,0,0,0
45,Self-emp-not-inc,26781,Some-college,10,Married-civ-spouse,Exec-managerial,Husband,Amer-Indian-Eskimo,Male,0,0,40,United-States,<=50K,0,test,0.422,0,0,0
54,Self-emp-inc,108435,Bachelors,13,Married-civ-spouse,Sales,Husband,White,Male,0,0,50,United-States,>50K,1,train,0.69,1,1,1
30,Private,323054,10th,6,Divorced,Other-service,Not-in-family,Amer-Indian-Eskimo,Male,0,0,40,United-States,<=50K,0,train,0.004,0,0,0
54,Local-gov,182543,Some-college,10,Widowed,Adm-clerical,Unmarried,White,Female,0,0,40,Mexico,<=50K,0,train,0.025,0,0,0
57,Private,266189,HS-grad,9,Divorced,Adm-clerical,Unmarried,White,Female,0,0,42,United-States,<=50K,0,train,0.04,0,0,0
24,Private,197387,HS-grad,9,Never-married,Other-service,Own-child,White,Male,0,0,40,Mexico,<=50K,0,train,0.001,0,0,0
32,,335427,Bachelors,13,Married-civ-spouse,,Wife,White,Female,0,0,20,United-States,>50K,1,train,0.381,0,1,0
47,Private,145290,HS-grad,9,Married-civ-spouse,Machine-op-inspct,Husband,White,Male,0,0,45,United-States,<=50K,0,train,0.246,0,0,0
76,,84755,Some-college,10,Widowed,,Unmarried,White,Female,0,0,40,United-States,<=50K,0,test,0.087,0,0,0
57,Local-gov,198145,Masters,14,Married-civ-spouse,Protective-serv,Husband,White,Male,0,0,14,United-States,>50K,1,test,0.68,1,1,1
27,Private,209472,Bachelors,13,Never-married,Exec-managerial,Not-in-family,White,Male,0,0,50,United-States,<=50K,0,train,0.15,0,0,0
47,Private,102308,Masters,14,Married-civ-spouse,Exec-managerial,Husband,White,Male,99999,0,50,United-States,>50K,1,test,1.0,1,1,1
26,Private,176729,Bachelors,13,Never-married,Craft-repair,Not-in-family,White,Male,0,0,45,United-States,>50K,1,train,0.055,0,0,0
65,Private,209831,Assoc-voc,11,Married-civ-spouse,Adm-clerical,Wife,White,Female,0,0,40,United-States,<=50K,0,train,0.516,1,1,0
30,Private,168334,HS-grad,9,Married-civ-spouse,Sales,Wife,White,Female,0,0,30,United-States,<=50K,0,train,0.271,0,0,0
43,Private,247880,HS-grad,9,Never-married,Craft-repair,Not-in-family,White,Male,0,0,40,United-States,<=50K,0,train,0.021,0,0,0
49,,178215,Some-college,10,Widowed,,Unmarried,White,Female,0,0,28,United-States,<=50K,0,train,0.04,0,0,0
23,Private,428299,HS-grad,9,Never-married,Craft-repair,Not-in-family,White,Male,0,0,40,United-States,<=50K,0,train,0.016,0,0,0
29,Private,130045,7th-8th,4,Married-civ-spouse,Other-service,Wife,White,Female,0,0,40,United-States,<=50K,0,test,0.033,0,0,0
70,Private,216390,9th,5,Married-civ-spouse,Machine-op-inspct,Wife,White,Female,2653,0,40,United-States,<=50K,0,train,0.27,0,0,0
39,Private,28572,HS-grad,9,Never-married,Handlers-cleaners,Own-child,White,Male,0,0,48,United-States,<=50K,0,train,0.014,0,0,0
26,Private,292303,HS-grad,9,Never-married,Handlers-cleaners,Own-child,White,Female,0,0,40,United-States,<=50K,0,train,0.009,0,0,0
34,Private,141118,Masters,14,Divorced,Prof-specialty,Own-child,White,Female,0,0,60,United-States,>50K,1,test,0.142,0,0,0
58,Local-gov,489085,Bachelors,13,Married-civ-spouse,Prof-specialty,Husband,Black,Male,0,0,40,United-States,<=50K,0,train,0.669,1,1,1
40,Private,239708,11th,7,Married-civ-spouse,Transport-moving,Husband,White,Male,0,0,55,United-States,<=50K,0,train,0.189,0,0,0
42,Private,33155,HS-grad,9,Married-civ-spouse,Machine-op-inspct,Husband,White,Male,0,0,45,United-States,<=50K,0,test,0.231,0,0,0
33,Private,136331,HS-grad,9,Married-civ-spouse,Handlers-cleaners,Husband,White,Male,0,0,40,United-States,<=50K,0,train,0.283,0,0,0
62,Self-emp-not-inc,168682,7th-8th,4,Married-civ-spouse,Sales,Husband,White,Male,0,0,5,United-States,<=50K,0,train,0.028,0,0,0
40,Private,116632,HS-grad,9,Divorced,Sales,Not-in-family,White,Male,0,0,60,United-States,>50K,1,train,0.073,0,0,0
36,Private,279721,HS-grad,9,Married-civ-spouse,Transport-moving,Husband,White,Male,0,0,40,United-States,<=50K,0,train,0.184,0,0,0
30,,33811,Bachelors,13,Married-civ-spouse,,Wife,Other,Female,0,0,40,Taiwan,>50K,1,test,0.466,0,1,1
33,Private,199227,Bachelors,13,Married-civ-spouse,Exec-managerial,Husband,White,Male,0,0,55,United-States,>50K,1,train,0.798,1,1,1
27,Private,160786,11th,7,Separated,Craft-repair,Not-in-family,White,Male,0,0,45,Germany,<=50K,0,test,0.016,0,0,0
43,Private,336042,HS-grad,9,Separated,Transport-moving,Not-in-family,White,Male,0,0,40,United-States,<=50K,0,train,0.023,0,0,0
31,Private,223212,7th-8th,4,Never-married,Handlers-cleaners,Own-child,White,Male,0,0,50,United-States,<=50K,0,train,0.003,0,0,0
21,Private,147655,HS-grad,9,Never-married,Other-service,Own-child,White,Female,0,0,35,United-States,<=50K,0,train,0.002,0,0,0
41,Private,235167,5th-6th,3,Married-spouse-absent,Priv-house-serv,Not-in-family,White,Female,0,0,32,Mexico,<=50K,0,train,0.003,0,0,0
50,,281504,Some-college,10,Married-civ-spouse,,Husband,White,Male,0,0,40,United-States,<=50K,0,train,0.347,0,0,0
22,Private,223019,HS-grad,9,Never-married,Adm-clerical,Not-in-family,White,Female,0,0,40,United-States,<=50K,0,test,0.013,0,0,0
40,Private,189666,HS-grad,9,Married-civ-spouse,Other-service,Husband,White,Male,0,0,45,United-States,<=50K,0,train,0.121,0,0,0
21,Private,34310,Assoc-voc,11,Married-civ-spouse,Craft-repair,Husband,White,Male,0,2603,40,United-States,<=50K,0,train,0.506,1,0,0
41,Private,167725,Some-college,10,Divorced,Machine-op-inspct,Not-in-family,White,Male,0,0,40,United-States,<=50K,0,train,0.028,0,0,0
18,Private,131180,11th,7,Never-married,Prof-specialty,Own-child,White,Female,0,0,16,United-States,<=50K,0,train,0.003,0,0,0
35,State-gov,237873,HS-grad,9,Never-married,Other-service,Unmarried,Black,Female,0,0,40,United-States,<=50K,0,train,0.004,0,0,0
50,Private,191062,HS-grad,9,Married-civ-spouse,Handlers-cleaners,Husband,White,Male,0,0,40,United-States,<=50K,0,test,0.341,0,0,0
33,Private,183845,HS-grad,9,Married-civ-spouse,Other-service,Wife,White,Female,0,0,38,El-Salvador,<=50K,0,train,0.069,0,0,0
44,Local-gov,387770,Some-college,10,Widowed,Adm-clerical,Unmarried,White,Female,0,0,15,United-States,<=50K,0,train,0.018,0,0,0
39,Private,201410,Bachelors,13,Married-civ-spouse,Transport-moving,Husband,White,Male,0,1977,45,Philippines,>50K,1,train,0.75,1,1,1
60,Self-emp-not-inc,282066,Bachelors,13,Married-civ-spouse,Exec-managerial,Husband,White,Male,0,1977,45,United-States,>50K,1,train,0.823,1,1,1
17,Private,193769,9th,5,Never-married,Other-service,Unmarried,White,Male,0,0,20,United-States,<=50K,0,train,0.001,0,0,0
37,Local-gov,223020,Assoc-voc,11,Never-married,Other-service,Unmarried,Black,Female,0,0,32,United-States,<=50K,0,train,0.008,0,0,0
58,Self-emp-not-inc,193434,HS-grad,9,Married-civ-spouse,Craft-repair,Husband,White,Male,0,0,20,United-States,<=50K,0,train,0.121,0,0,0
52,Private,110748,Masters,14,Married-civ-spouse,Prof-specialty,Husband,White,Male,0,0,50,United-States,>50K,1,test,0.805,1,1,1
34,Private,137814,Some-college,10,Separated,Sales,Not-in-family,White,Male,0,0,45,United-States,<=50K,0,test,0.055,0,0,0
64,Private,126233,HS-grad,9,Married-civ-spouse,Exec-managerial,Husband,White,Male,0,0,20,United-States,<=50K,0,train,0.4,0,0,0
29,Private,148431,Assoc-acdm,12,Married-civ-spouse,Sales,Wife,Other,Female,7688,0,45,United-States,>50K,1,test,0.917,1,1,1
23,State-gov,35633,Some-college,10,Never-married,Other-service,Not-in-family,White,Male,0,0,50,United-States,<=50K,0,train,0.006,0,0,0
50,Private,173630,HS-grad,9,Married-civ-spouse,Farming-fishing,Husband,White,Male,0,0,35,United-States,<=50K,0,train,0.167,0,0,0
34,Private,399386,Assoc-voc,11,Married-civ-spouse,Craft-repair,Husband,White,Male,0,0,53,United-States,<=50K,0,train,0.463,0,0,0
32,Private,316470,5th-6th,3,Married-civ-spouse,Craft-repair,Husband,White,Male,0,0,60,Mexico,<=50K,0,test,0.06,0,0,0
41,Private,32121,HS-grad,9,Married-civ-spouse,Machine-op-inspct,Husband,White,Male,0,0,40,United-States,>50K,1,train,0.2,0,0,0
25,Private,123586,Some-college,10,Never-married,Adm-clerical,Unmarried,Other,Male,0,0,40,United-States,<=50K,0,train,0.02,0,0,0
39,Self-emp-inc,222641,Bachelors,13,Married-civ-spouse,Sales,Husband,White,Male,0,0,40,United-States,<=50K,0,train,0.555,1,0,0
27,Self-emp-inc,376936,HS-grad,9,Never-married,Sales,Not-in-family,White,Male,0,0,50,United-States,<=50K,0,test,0.028,0,0,0
27,Private,69132,Bachelors,13,Never-married,Prof-specialty,Not-in-family,White,Male,0,0,40,United-States,<=50K,0,test,0.081,0,0,0
37,Private,179671,HS-grad,9,Divorced,Craft-repair,Not-in-family,White,Male,0,0,40,United-States,<=50K,0,test,0.029,0,0,0
62,Private,174201,9th,5,Widowed,Other-service,Unmarried,Black,Female,0,0,25,United-States,<=50K,0,train,0.004,0,0,0
33,Private,280111,11th,7,Never-married,Adm-clerical,Unmarried,Black,Female,0,0,38,United-States,<=50K,0,test,0.009,0,0,0
26,Private,272618,Bachelors,13,Married-civ-spouse,Sales,Husband,White,Male,0,0,55,United-States,<=50K,0,test,0.642,1,1,1
44,Private,127592,Bachelors,13,Married-civ-spouse,Tech-support,Husband,White,Male,0,0,40,United-States,<=50K,0,test,0.604,1,1,1
58,Private,234328,Bachelors,13,Divorced,Sales,Not-in-family,White,Male,0,0,40,United-States,<=50K,0,train,0.136,0,0,0
19,Private,25429,12th,8,Never-married,Other-service,Own-child,White,Female,0,0,20,United-States,<=50K,0,train,0.001,0,0,0
46,Self-emp-not-inc,366089,Prof-school,15,Married-civ-spouse,Prof-specialty,Husband,White,Male,15024,0,40,United-States,>50K,1,train,0.992,1,1,1
36,Self-emp-not-inc,182898,Bachelors,13,Married-civ-spouse,Exec-managerial,Husband,White,Male,7298,0,40,United-States,>50K,1,train,0.912,1,1,1
39,Private,190297,Doctorate,16,Married-civ-spouse,Prof-specialty,Husband,White,Male,99999,0,55,United-States,>50K,1,train,1.0,1,1,1
25,Private,378322,HS-grad,9,Never-married,Craft-repair,Not-in-family,White,Male,0,2001,50,United-States,<=50K,0,train,0.041,0,0,0
29,Private,242597,Bachelors,13,Never-married,Tech-support,Not-in-family,White,Male,0,0,40,United-States,<=50K,0,test,0.065,0,0,0
28,Local-gov,202558,Some-college,10,Never-married,Exec-managerial,Own-child,White,Female,0,0,40,United-States,<=50K,0,train,0.02,0,0,0
34,State-gov,221966,Bachelors,13,Never-married,Prof-specialty,Not-in-family,White,Male,0,0,45,United-States,<=50K,0,train,0.064,0,0,0
44,Private,210534,5th-6th,3,Married-civ-spouse,Handlers-cleaners,Husband,White,Male,0,0,40,Mexico,<=50K,0,train,0.046,0,0,0
36,Local-gov,578377,Masters,14,Married-civ-spouse,Prof-specialty,Wife,White,Female,0,0,40,United-States,<=50K,0,train,0.716,1,1,1
27,Private,209292,HS-grad,9,Never-married,Sales,Other-relative,Black,Female,0,0,32,Dominican-Republic,<=50K,0,test,0.012,0,0,0
33,Private,179758,HS-grad,9,Married-civ-spouse,Sales,Wife,White,Female,0,0,20,United-States,<=50K,0,test,0.217,0,0,0
19,Private,238474,Some-college,10,Never-married,Sales,Own-child,White,Male,0,0,25,United-States,<=50K,0,train,0.006,0,0,0
52,Self-emp-not-inc,140985,Bachelors,13,Married-civ-spouse,Adm-clerical,Wife,White,Female,99999,0,30,United-States,>50K,1,train,1.0,1,1,1
60,Private,54800,HS-grad,9,Married-civ-spouse,Other-service,Wife,White,Female,0,0,40,United-States,<=50K,0,train,0.177,0,0,0
44,State-gov,59460,HS-grad,9,Married-civ-spouse,Other-service,Wife,White,Female,0,0,15,United-States,<=50K,0,train,0.04,0,0,0
41,Private,351161,HS-grad,9,Married-civ-spouse,Sales,Husband,White,Male,0,1848,45,United-States,>50K,1,train,0.495,0,0,0
17,Private,167878,11th,7,Never-married,Other-service,Own-child,White,Male,0,0,20,United-States,<=50K,0,train,0.001,0,0,0
23,Private,234460,7th-8th,4,Never-married,Machine-op-inspct,Own-child,Black,Female,0,0,40,Dominican-Republic,<=50K,0,train,0.001,0,0,0
40,Private,145160,Doctorate,16,Married-civ-spouse,Prof-specialty,Husband,White,Male,0,0,40,United-States,>50K,1,test,0.807,1,1,1
50,Self-emp-not-inc,341797,Prof-school,15,Married-civ-spouse,Prof-specialty,Husband,White,Male,0,0,50,United-States,>50K,1,train,0.751,1,1,1
31,Private,200246,9th,5,Never-married,Other-service,Own-child,White,Male,0,0,40,United-States,<=50K,0,test,0.001,0,0,0
35,State-gov,226789,Masters,14,Married-civ-spouse,Prof-specialty,Husband,White,Male,0,0,75,United-States,<=50K,0,train,0.813,1,1,1
33,Self-emp-not-inc,422960,Some-college,10,Married-civ-spouse,Prof-specialty,Wife,White,Female,0,0,60,United-States,>50K,1,test,0.527,1,1,0
44,Private,29762,HS-grad,9,Divorced,Transport-moving,Not-in-family,White,Male,0,0,68,United-States,<=50K,0,train,0.055,0,0,0
62,Private,147627,9th,5,Never-married,Priv-house-serv,Not-in-family,Black,Female,1055,0,22,United-States,<=50K,0,train,0.007,0,0,0
30,Self-emp-not-inc,20098,Assoc-voc,11,Divorced,Machine-op-inspct,Not-in-family,White,Female,0,0,40,United-States,<=50K,0,train,0.018,0,0,0
44,Private,151985,Masters,14,Married-civ-spouse,Exec-managerial,Wife,White,Female,0,0,24,United-States,>50K,1,train,0.744,1,1,1
41,Private,145220,9th,5,Never-married,Priv-house-serv,Unmarried,White,Female,0,0,40,Columbia,<=50K,0,train,0.006,0,0,0
24,Private,235722,HS-grad,9,Never-married,Other-service,Not-in-family,White,Male,0,0,40,United-States,<=50K,0,train,0.005,0,0,0
31,Private,253354,10th,6,Married-civ-spouse,Sales,Husband,White,Male,0,0,40,United-States,<=50K,0,test,0.148,0,0,0
63,Private,221072,Bachelors,13,Married-civ-spouse,Craft-repair,Husband,White,Male,0,0,49,,<=50K,0,train,0.554,1,0,0
29,Federal-gov,142712,Some-college,10,Married-civ-spouse,Adm-clerical,Husband,White,Male,0,0,40,United-States,>50K,1,test,0.281,0,0,0
55,Private,289257,Some-college,10,Married-civ-spouse,Craft-repair,Husband,White,Male,0,0,40,United-States,<=50K,0,test,0.372,0,0,0
54,,172991,HS-grad,9,Married-civ-spouse,,Husband,White,Male,0,0,40,United-States,<=50K,0,train,0.302,0,0,0
44,Private,111891,Some-college,10,Separated,Sales,Other-relative,Black,Female,0,0,35,United-States,<=50K,0,train,0.057,0,0,0
41,Local-gov,89172,Some-college,10,Married-civ-spouse,Farming-fishing,Husband,White,Male,0,0,40,United-States,>50K,1,test,0.181,0,0,0
27,Private,246440,11th,7,Divorced,Machine-op-inspct,Unmarried,White,Female,0,0,40,United-States,<=50K,0,train,0.011,0,0,0
46,Private,35406,7th-8th,4,Separated,Other-service,Not-in-family,White,Female,0,0,32,United-States,<=50K,0,test,0.002,0,0,0
50,Private,33304,HS-grad,9,Married-civ-spouse,Craft-repair,Husband,White,Male,0,0,40,United-States,>50K,1,train,0.294,0,0,0
50,Private,180607,HS-grad,9,Never-married,Adm-clerical,Own-child,White,Female,0,0,40,United-States,<=50K,0,train,0.009,0,0,0
41,Self-emp-inc,114967,Assoc-voc,11,Married-civ-spouse,Exec-managerial,Husband,Black,Male,0,0,40,United-States,>50K,1,test,0.595,1,1,1
66,Self-emp-inc,112376,7th-8th,4,Married-civ-spouse,Craft-repair,Husband,White,Male,0,0,40,United-States,>50K,1,train,0.115,0,0,0
61,Private,171429,11th,7,Divorced,Other-service,Unmarried,White,Female,0,0,36,United-States,<=50K,0,test,0.008,0,0,0
52,Private,404453,HS-grad,9,Never-married,Adm-clerical,Unmarried,Black,Female,0,0,40,United-States,<=50K,0,test,0.023,0,0,0
38,Self-emp-not-inc,280169,Bachelors,13,Married-civ-spouse,Sales,Husband,White,Male,7298,0,50,United-States,>50K,1,train,0.884,1,1,1
37,Private,116358,HS-grad,9,Never-married,Craft-repair,Other-relative,Amer-Indian-Eskimo,Male,27828,0,48,United-States,>50K,1,train,0.984,1,1,1
58,Private,94345,HS-grad,9,Married-civ-spouse,Sales,Husband,White,Male,0,0,40,United-States,<=50K,0,test,0.378,0,0,0
40,State-gov,166327,Some-college,10,Divorced,Adm-clerical,Not-in-family,Black,Female,0,0,35,United-States,<=50K,0,train,0.017,0,0,0
50,Private,177705,Bachelors,13,Divorced,Other-service,Not-in-family,White,Male,0,0,40,United-States,<=50K,0,test,0.034,0,0,0
58,Private,111625,Bachelors,13,Widowed,Exec-managerial,Unmarried,White,Male,8614,0,40,United-States,>50K,1,train,0.812,1,1,1
48,Private,108557,Bachelors,13,Married-civ-spouse,Tech-support,Wife,White,Female,99999,0,40,United-States,>50K,1,train,1.0,1,1,1
34,Private,154667,HS-grad,9,Married-civ-spouse,Machine-op-inspct,Wife,White,Female,0,0,40,United-States,<=50K,0,train,0.231,0,0,0
58,Private,183893,Some-college,10,Divorced,Adm-clerical,Unmarried,Black,Female,0,0,40,United-States,<=50K,0,train,0.049,0,0,0
45,Private,167523,HS-grad,9,Married-civ-spouse,Transport-moving,Husband,White,Male,0,2179,45,United-States,<=50K,0,train,0.38,0,0,0
40,State-gov,174283,Doctorate,16,Married-civ-spouse,Prof-specialty,Husband,White,Male,0,1887,50,United-States,>50K,1,train,0.863,1,1,1
47,Private,161311,HS-grad,9,Divorced,Machine-op-inspct,Unmarried,White,Female,0,0,30,United-States,<=50K,0,train,0.018,0,0,0
56,Private,279340,11th,7,Separated,Other-service,Not-in-family,Black,Female,0,0,40,United-States,<=50K,0,test,0.008,0,0,0
37,Private,187748,Some-college,10,Married-civ-spouse,Craft-repair,Husband,White,Male,0,0,40,United-States,<=50K,0,train,0.307,0,0,0
29,Private,285419,12th,8,Never-married,Tech-support,Not-in-family,White,Male,0,0,40,United-States,<=50K,0,train,0.018,0,0,0
48,Private,176917,HS-grad,9,Married-civ-spouse,Craft-repair,Husband,White,Male,0,0,55,United-States,<=50K,0,train,0.402,0,0,0
40,Private,105936,Bachelors,13,Divorced,Prof-specialty,Not-in-family,White,Female,0,0,40,United-States,<=50K,0,train,0.139,0,0,0
48,Local-gov,317360,Masters,14,Married-civ-spouse,Prof-specialty,Wife,White,Female,0,0,40,United-States,>50K,1,test,0.753,1,1,1
64,Private,182979,HS-grad,9,Married-civ-spouse,Machine-op-inspct,Husband,White,Male,0,0,40,United-States,<=50K,0,train,0.265,0,0,0
22,Private,283499,HS-grad,9,Never-married,Transport-moving,Not-in-family,White,Male,0,0,35,United-States,<=50K,0,train,0.009,0,0,0
44,Self-emp-not-inc,111483,10th,6,Never-married,Craft-repair,Own-child,White,Male,0,0,50,United-States,<=50K,0,train,0.003,0,0,0
25,Private,177017,HS-grad,9,Never-married,Sales,Not-in-family,White,Male,0,1504,37,United-States,<=50K,0,test,0.029,0,0,0
28,Self-emp-inc,31717,HS-grad,9,Married-civ-spouse,Exec-managerial,Husband,White,Male,0,0,45,United-States,>50K,1,train,0.45,0,0,0
50,Private,38310,7th-8th,4,Divorced,Other-service,Other-relative,White,Female,0,0,40,United-States,<=50K,0,train,0.004,0,0,0
21,State-gov,184678,Some-college,10,Never-married,Adm-clerical,Own-child,White,Female,0,0,35,United-States,<=50K,0,train,0.004,0,0,0
54,Private,140359,7th-8th,4,Divorced,Machine-op-inspct,Unmarried,White,Female,0,3900,40,United-States,<=50K,0,train,0.025,0,0,0
57,Private,195876,HS-grad,9,Married-civ-spouse,Craft-repair,Husband,White,Male,0,0,40,United-States,<=50K,0,train,0.318,0,0,0
40,Private,134026,11th,7,Never-married,Other-service,Other-relative,White,Male,0,0,40,United-States,<=50K,0,train,0.005,0,0,0
28,Private,189241,11th,7,Married-civ-spouse,Handlers-cleaners,Own-child,White,Male,0,0,40,United-States,<=50K,0,train,0.053,0,0,0
41,Private,184466,11th,7,Married-civ-spouse,Protective-serv,Husband,White,Male,0,0,55,United-States,<=50K,0,test,0.546,1,0,0
31,Private,136398,Doctorate,16,Married-civ-spouse,Prof-specialty,Husband,Asian-Pac-Islander,Male,0,0,50,Thailand,>50K,1,train,0.819,1,1,1
25,Private,254933,11th,7,Married-civ-spouse,Transport-moving,Husband,White,Male,0,0,40,United-States,<=50K,0,train,0.099,0,0,0
35,Private,202027,Bachelors,13,Married-civ-spouse,Handlers-cleaners,Husband,White,Male,7298,0,35,United-States,>50K,1,test,0.88,1,1,1
25,Local-gov,227886,Bachelors,13,Married-civ-spouse,Adm-clerical,Husband,White,Male,0,0,40,United-States,<=50K,0,train,0.37,0,0,0
28,Private,109001,HS-grad,9,Never-married,Craft-repair,Not-in-family,White,Male,0,0,40,United-States,<=50K,0,test,0.017,0,0,0
66,Private,117746,Bachelors,13,Married-civ-spouse,Sales,Husband,White,Male,0,0,50,United-States,>50K,1,train,0.742,1,1,1
46,Federal-gov,227310,Some-college,10,Never-married,Adm-clerical,Unmarried,Black,Female,0,0,40,United-States,<=50K,0,train,0.032,0,0,0
37,Private,34378,Some-college,10,Married-civ-spouse,Craft-repair,Husband,White,Male,0,0,35,United-States,<=50K,0,test,0.273,0,0,0
55,State-gov,199713,Bachelors,13,Married-civ-spouse,Prof-specialty,Husband,White,Male,0,0,15,United-States,<=50K,0,train,0.373,0,0,0
20,Private,105244,Some-college,10,Never-married,Handlers-cleaners,Not-in-family,White,Male,0,0,50,United-States,<=50K,0,train,0.033,0,0,0
25,Private,121712,Bachelors,13,Divorced,Craft-repair,Not-in-family,White,Male,0,0,40,United-States,<=50K,0,train,0.068,0,0,0
33,Private,188352,Masters,14,Never-married,Prof-specialty,Not-in-family,Black,Male,0,0,50,United-States,<=50K,0,test,0.151,0,0,0
37,Private,359131,HS-grad,9,Divorced,Craft-repair,Unmarried,White,Female,0,0,48,United-States,<=50K,0,test,0.041,0,0,0
76,Private,127016,7th-8th,4,Widowed,Priv-house-serv,Not-in-family,White,Female,0,0,40,United-States,<=50K,0,train,0.017,0,0,0
33,Self-emp-not-inc,93930,HS-grad,9,Married-civ-spouse,Exec-managerial,Husband,White,Male,0,0,40,United-States,<=50K,0,test,0.314,0,0,0
45,Private,259323,Some-college,10,Married-civ-spouse,Craft-repair,Husband,White,Male,0,0,40,United-States,<=50K,0,train,0.336,0,0,0
30,Private,154882,Prof-school,15,Widowed,Other-service,Not-in-family,White,Male,0,0,35,United-States,<=50K,0,train,0.044,0,0,0
36,Self-emp-not-inc,321274,Bachelors,13,Married-civ-spouse,Farming-fishing,Husband,White,Male,0,0,50,United-States,<=50K,0,train,0.312,0,0,0
33,Private,132601,Some-college,10,Married-civ-spouse,Exec-managerial,Husband,White,Male,0,0,45,United-States,<=50K,0,train,0.554,1,0,0
38,Self-emp-not-inc,255503,11th,7,Divorced,Exec-managerial,Not-in-family,White,Male,0,0,55,United-States,<=50K,0,train,0.04,0,0,0
32,Private,27856,Some-college,10,Never-married,Adm-clerical,Not-in-family,White,Female,0,0,40,United-States,<=50K,0,train,0.02,0,0,0
22,Private,219042,10th,6,Never-married,Machine-op-inspct,Unmarried,White,Male,0,0,40,United-States,<=50K,0,test,0.005,0,0,0
43,Local-gov,114859,Some-college,10,Married-civ-spouse,Transport-moving,Husband,White,Male,0,0,17,United-States,<=50K,0,train,0.111,0,0,0
58,Private,147707,HS-grad,9,Married-civ-spouse,Exec-managerial,Husband,White,Male,15024,0,60,United-States,>50K,1,test,0.993,1,1,1
50,Private,161438,HS-grad,9,Married-civ-spouse,Exec-managerial,Husband,White,Male,0,0,50,United-States,>50K,1,test,0.596,1,1,1
62,Private,26966,Some-college,10,Widowed,Adm-clerical,Not-in-family,White,Female,0,0,40,United-States,<=50K,0,train,0.058,0,0,0
53,Private,324568,11th,7,Married-civ-spouse,Craft-repair,Husband,White,Male,0,0,45,United-States,<=50K,0,train,0.231,0,0,0
36,Federal-gov,153066,Masters,14,Married-civ-spouse,Prof-specialty,Husband,White,Male,0,0,40,United-States,>50K,1,test,0.725,1,1,1
57,,155259,Some-college,10,Divorced,,Not-in-family,White,Female,0,0,40,United-States,<=50K,0,train,0.05,0,0,0
39,Private,115215,HS-grad,9,Never-married,Transport-moving,Own-child,White,Male,0,0,40,United-States,<=50K,0,train,0.006,0,0,0
41,Federal-gov,36651,Masters,14,Married-civ-spouse,Exec-managerial,Husband,White,Male,0,1848,40,United-States,>50K,1,test,0.88,1,1,1
41,Private,174189,9th,5,Separated,Other-service,Not-in-family,White,Male,0,0,40,United-States,<=50K,0,train,0.004,0,0,0
47,Private,105381,HS-grad,9,Divorced,Sales,Not-in-family,White,Female,0,0,40,United-States,<=50K,0,train,0.043,0,0,0
26,Private,113571,HS-grad,9,Never-married,Transport-moving,Not-in-family,White,Male,0,0,70,United-States,<=50K,0,test,0.03,0,0,0
47,Private,238185,Bachelors,13,Divorced,Adm-clerical,Not-in-family,White,Female,0,0,40,United-States,<=50K,0,train,0.082,0,0,0
40,Private,287079,HS-grad,9,Never-married,Farming-fishing,Not-in-family,White,Male,0,0,55,United-States,<=50K,0,train,0.019,0,0,0
49,Self-emp-not-inc,182211,HS-grad,9,Widowed,Farming-fishing,Not-in-family,White,Male,0,0,55,United-States,<=50K,0,train,0.024,0,0,0
75,,35724,HS-grad,9,Widowed,,Not-in-family,White,Female,0,0,8,United-States,<=50K,0,test,0.022,0,0,0
24,Federal-gov,42251,Bachelors,13,Never-married,Prof-specialty,Not-in-family,White,Female,0,0,30,United-States,<=50K,0,train,0.064,0,0,0
41,Private,33331,HS-grad,9,Married-civ-spouse,Craft-repair,Husband,White,Male,0,0,45,United-States,<=50K,0,train,0.299,0,0,0
46,Private,155489,HS-grad,9,Married-civ-spouse,Machine-op-inspct,Husband,White,Male,0,0,43,United-States,>50K,1,train,0.23,0,0,0
25,Private,476334,HS-grad,9,Married-civ-spouse,Sales,Husband,White,Male,0,0,48,United-States,<=50K,0,train,0.319,0,0,0
37,Private,236328,10th,6,Married-civ-spouse,Craft-repair,Husband,White,Male,0,0,48,United-States,<=50K,0,test,0.164,0,0,0
55,Private,463072,Bachelors,13,Married-civ-spouse,Prof-specialty,Husband,White,Male,0,0,60,United-States,>50K,1,train,0.823,1,1,1
27,Private,169958,5th-6th,3,Never-married,Craft-repair,Own-child,White,Male,0,0,40,,<=50K,0,train,0.001,0,0,0
17,,241021,12th,8,Never-married,,Own-child,Other,Female,0,0,40,United-States,<=50K,0,train,0.005,0,0,0
24,Private,136310,Some-college,10,Married-civ-spouse,Tech-support,Husband,White,Male,0,0,40,United-States,<=50K,0,train,0.328,0,0,0
23,Private,197552,Some-college,10,Never-married,Sales,Own-child,White,Female,0,0,35,United-States,<=50K,0,train,0.01,0,0,0
37,Self-emp-inc,188774,11th,7,Married-spouse-absent,Sales,Not-in-family,White,Male,0,0,60,,<=50K,0,test,0.025,0,0,0
51,Private,59590,HS-grad,9,Married-civ-spouse,Adm-clerical,Wife,White,Female,0,0,20,United-States,<=50K,0,train,0.2,0,0,0
29,Private,238680,Some-college,10,Never-married,Sales,Not-in-family,Black,Male,0,0,55,Outlying-US(Guam-USVI-etc),<=50K,0,train,0.034,0,0,0
34,Private,209101,Bachelors,13,Married-civ-spouse,Exec-managerial,Husband,White,Male,5178,0,55,United-States,>50K,1,train,0.942,1,1,1
30,Local-gov,183000,Masters,14,Married-civ-spouse,Prof-specialty,Husband,White,Male,0,0,45,United-States,<=50K,0,train,0.667,1,1,1
26,Private,58371,HS-grad,9,Never-married,Adm-clerical,Own-child,White,Male,0,0,40,United-States,<=50K,0,train,0.006,0,0,0
34,Private,295855,11th,7,Divorced,Other-service,Not-in-family,White,Female,0,0,70,United-States,<=50K,0,train,0.015,0,0,0
33,Self-emp-not-inc,327902,HS-grad,9,Married-civ-spouse,Transport-moving,Husband,White,Male,0,0,45,United-States,<=50K,0,train,0.128,0,0,0
37,Private,179088,Some-college,10,Divorced,Adm-clerical,Not-in-family,White,Female,0,0,40,United-States,<=50K,0,test,0.033,0,0,0
43,Private,60001,Some-college,10,Married-civ-spouse,Sales,Husband,White,Male,0,0,40,United-States,>50K,1,test,0.385,0,0,0
44,Self-emp-not-inc,71269,Bachelors,13,Divorced,Exec-managerial,Not-in-family,White,Male,0,0,40,United-States,<=50K,0,train,0.124,0,0,0
38,,212048,Prof-school,15,Divorced,,Not-in-family,White,Female,0,0,30,United-States,<=50K,0,test,0.096,0,0,0
63,,146196,Bachelors,13,Married-civ-spouse,,Husband,White,Male,0,0,40,United-States,<=50K,0,test,0.597,1,1,1
34,Private,156464,Bachelors,13,Divorced,Exec-managerial,Not-in-family,White,Male,0,0,85,England,>50K,1,test,0.61,1,1,1
46,Private,114797,HS-grad,9,Married-civ-spouse,Machine-op-inspct,Wife,Black,Female,0,0,36,United-States,<=50K,0,train,0.241,0,0,0
35,Private,263081,HS-grad,9,Married-civ-spouse,Craft-repair,Husband,Black,Male,0,0,60,United-States,>50K,1,train,0.392,0,0,0
71,Local-gov,303860,Masters,14,Widowed,Exec-managerial,Not-in-family,White,Male,2050,0,20,United-States,<=50K,0,test,0.31,0,0,0
54,Private,227832,12th,8,Married-civ-spouse,Craft-repair,Husband,White,Male,0,0,40,United-States,<=50K,0,test,0.253,0,0,0
30,,411560,HS-grad,9,Married-civ-spouse,,Husband,Black,Male,0,0,40,United-States,<=50K,0,train,0.227,0,0,0
27,State-gov,346406,Bachelors,13,Never-married,Prof-specialty,Unmarried,White,Male,0,0,50,United-States,<=50K,0,train,0.074,0,0,0
62,Private,194167,HS-grad,9,Divorced,Machine-op-inspct,Not-in-family,White,Female,2174,0,40,United-States,<=50K,0,train,0.052,0,0,0
40,Federal-gov,544792,Some-college,10,Married-civ-spouse,Farming-fishing,Husband,White,Male,0,0,40,United-States,<=50K,0,train,0.235,0,0,0
30,Private,207668,Some-college,10,Never-married,Sales,Own-child,White,Male,0,0,30,United-States,<=50K,0,train,0.009,0,0,0
57,Private,170287,Masters,14,Married-civ-spouse,Tech-support,Husband,White,Male,0,0,40,United-States,>50K,1,test,0.711,1,1,1
21,State-gov,194096,Some-college,10,Never-married,Other-service,Own-child,White,Female,0,0,10,United-States,<=50K,0,test,0.001,0,0,0
47,Private,191957,HS-grad,9,Married-civ-spouse,Sales,Husband,Black,Male,0,0,40,United-States,>50K,1,test,0.337,0,0,0
37,Private,95855,11th,7,Divorced,Handlers-cleaners,Not-in-family,White,Female,0,0,40,United-States,<=50K,0,test,0.021,0,0,0
38,Self-emp-not-inc,30916,Assoc-acdm,12,Married-civ-spouse,Sales,Husband,White,Male,0,0,60,United-States,<=50K,0,train,0.53,1,0,0
50,Private,126566,HS-grad,9,Married-civ-spouse,Handlers-cleaners,Husband,Black,Male,0,0,40,United-States,<=50K,0,train,0.341,0,0,0
25,Private,194342,HS-grad,9,Never-married,Machine-op-inspct,Own-child,White,Male,0,0,40,United-States,<=50K,0,test,0.005,0,0,0
35,Self-emp-not-inc,32528,HS-grad,9,Married-civ-spouse,Transport-moving,Husband,White,Male,0,0,50,United-States,<=50K,0,test,0.152,0,0,0
38,Self-emp-not-inc,403391,Bachelors,13,Married-civ-spouse,Exec-managerial,Husband,White,Male,0,0,60,United-States,<=50K,0,train,0.744,1,1,1
44,Private,367749,Bachelors,13,Never-married,Prof-specialty,Not-in-family,White,Female,0,0,45,Mexico,<=50K,0,train,0.067,0,0,0
51,Private,82566,HS-grad,9,Married-civ-spouse,Craft-repair,Husband,White,Male,0,0,50,United-States,<=50K,0,train,0.373,0,0,0
28,Private,197905,HS-grad,9,Married-civ-spouse,Craft-repair,Husband,White,Male,0,0,50,United-States,<=50K,0,test,0.291,0,0,0
65,,174904,HS-grad,9,Separated,,Not-in-family,White,Female,0,0,40,United-States,<=50K,0,test,0.045,0,0,0
33,Private,275369,7th-8th,4,Separated,Handlers-cleaners,Not-in-family,Black,Male,0,0,35,Haiti,<=50K,0,train,0.006,0,0,0
48,Private,143281,HS-grad,9,Widowed,Machine-op-inspct,Not-in-family,White,Female,0,0,48,United-States,<=50K,0,train,0.038,0,0,0
38,Private,185556,Some-college,10,Married-civ-spouse,Craft-repair,Husband,White,Male,0,0,40,Italy,<=50K,0,train,0.211,0,0,0
19,Private,331433,HS-grad,9,Never-married,Protective-serv,Not-in-family,White,Male,0,0,32,United-States,<=50K,0,test,0.037,0,0,0
21,Private,241367,Some-college,10,Never-married,Adm-clerical,Own-child,White,Male,0,0,10,United-States,<=50K,0,test,0.003,0,0,0
35,Local-gov,145308,Some-college,10,Married-civ-spouse,Other-service,Husband,White,Male,0,0,40,United-States,<=50K,0,train,0.103,0,0,0
49,Private,43348,Masters,14,Never-married,Prof-specialty,Not-in-family,White,Male,0,0,40,United-States,>50K,1,train,0.141,0,0,0
41,Self-emp-not-inc,186909,Masters,14,Married-civ-spouse,Sales,Wife,White,Female,0,1902,35,United-States,>50K,1,train,0.682,1,1,1
56,Private,182273,HS-grad,9,Married-civ-spouse,Machine-op-inspct,Husband,White,Male,0,0,40,United-States,<=50K,0,test,0.241,0,0,0
61,Federal-gov,151369,Prof-school,15,Married-civ-spouse,Prof-specialty,Husband,White,Male,0,0,50,United-States,>50K,1,train,0.879,1,1,1
26,Self-emp-inc,109240,Bachelors,13,Never-married,Exec-managerial,Not-in-family,White,Male,0,0,50,United-States,<=50K,0,train,0.14,0,0,0
41,Self-emp-not-inc,150533,Prof-school,15,Married-civ-spouse,Prof-specialty,Husband,White,Male,0,0,50,United-States,>50K,1,train,0.723,1,1,1
30,Private,247444,Some-college,10,Married-civ-spouse,Machine-op-inspct,Husband,White,Male,0,0,40,Nicaragua,<=50K,0,train,0.132,0,0,0
50,Private,217577,HS-grad,9,Widowed,Machine-op-inspct,Unmarried,White,Female,0,0,40,United-States,<=50K,0,train,0.033,0,0,0
29,Private,337693,5th-6th,3,Never-married,Other-service,Own-child,White,Female,0,0,40,El-Salvador,<=50K,0,train,0.0,0,0,0
38,Local-gov,147258,HS-grad,9,Never-married,Transport-moving,Not-in-family,White,Male,0,0,40,United-States,<=50K,0,train,0.011,0,0,0
53,Private,98791,Some-college,10,Married-civ-spouse,Tech-support,Husband,White,Male,0,0,40,United-States,<=50K,0,train,0.438,0,0,0
36,Private,152744,Bachelors,13,Divorced,Sales,Other-relative,Asian-Pac-Islander,Female,0,0,40,South,<=50K,0,train,0.05,0,0,0
59,Private,66356,7th-8th,4,Never-married,Farming-fishing,Unmarried,White,Male,4865,0,40,United-States,<=50K,0,train,0.017,0,0,0
47,Private,149337,Bachelors,13,Never-married,Adm-clerical,Not-in-family,White,Male,0,0,60,United-States,<=50K,0,train,0.105,0,0,0
47,Private,39530,HS-grad,9,Divorced,Other-service,Not-in-family,White,Female,0,0,4,United-States,<=50K,0,test,0.003,0,0,0
38,Private,168322,HS-grad,9,Married-civ-spouse,Transport-moving,Husband,White,Male,0,0,60,United-States,<=50K,0,train,0.315,0,0,0
19,,45643,Some-college,10,Never-married,,Own-child,White,Female,0,0,25,United-States,<=50K,0,train,0.005,0,0,0
37,State-gov,160910,Doctorate,16,Married-civ-spouse,Prof-specialty,Husband,White,Male,0,0,45,United-States,<=50K,0,train,0.736,1,1,1
48,Federal-gov,100067,Some-college,10,Widowed,Other-service,Unmarried,Black,Female,0,0,40,United-States,<=50K,0,train,0.023,0,0,0
61,Private,85434,HS-grad,9,Married-civ-spouse,Transport-moving,Husband,White,Male,0,0,40,United-States,<=50K,0,test,0.252,0,0,0
39,Private,106183,HS-grad,9,Divorced,Other-service,Unmarried,Amer-Indian-Eskimo,Female,6849,0,40,United-States,<=50K,0,train,0.065,0,0,0
51,Private,173987,9th,5,Married-civ-spouse,Sales,Husband,White,Male,0,0,40,United-States,<=50K,0,test,0.155,0,0,0
71,State-gov,26109,Prof-school,15,Married-civ-spouse,Other-service,Husband,White,Male,0,0,28,United-States,<=50K,0,train,0.277,0,0,0
56,State-gov,110257,HS-grad,9,Married-civ-spouse,Adm-clerical,Husband,White,Male,0,0,40,United-States,<=50K,0,test,0.19,0,0,0
20,Private,306639,Some-college,10,Never-married,Handlers-cleaners,Own-child,White,Male,0,0,20,United-States,<=50K,0,train,0.005,0,0,0
24,Private,291979,HS-grad,9,Never-married,Farming-fishing,Not-in-family,White,Male,0,0,40,United-States,<=50K,0,train,0.009,0,0,0
62,,113234,Masters,14,Married-civ-spouse,,Wife,White,Female,0,0,40,United-States,<=50K,0,test,0.721,1,1,1
43,Private,143583,10th,6,Married-civ-spouse,Handlers-cleaners,Husband,Black,Male,0,0,40,United-States,<=50K,0,train,0.17,0,0,0
29,Federal-gov,119848,Bachelors,13,Never-married,Prof-specialty,Not-in-family,White,Female,0,0,40,United-States,<=50K,0,test,0.095,0,0,0
24,Private,438839,Bachelors,13,Never-married,Sales,Not-in-family,White,Male,0,0,40,United-States,<=50K,0,test,0.058,0,0,0
32,Private,340917,Bachelors,13,Never-married,Prof-specialty,Not-in-family,White,Male,0,0,50,United-States,>50K,1,train,0.118,0,0,0
38,Private,43770,Some-college,10,Separated,Other-service,Not-in-family,White,Female,4650,0,72,United-States,<=50K,0,train,0.123,0,0,0
48,Private,107373,10th,6,Married-civ-spouse,Transport-moving,Husband,White,Male,0,0,40,United-States,>50K,1,train,0.108,0,0,0
17,Private,198606,11th,7,Never-married,Handlers-cleaners,Own-child,White,Female,0,0,16,United-States,<=50K,0,train,0.002,0,0,0
58,Private,187067,Bachelors,13,Never-married,Prof-specialty,Not-in-family,White,Female,0,0,62,Canada,<=50K,0,test,0.215,0,0,0
29,Private,113464,HS-grad,9,Never-married,Transport-moving,Other-relative,Other,Male,0,0,40,Dominican-Republic,<=50K,0,train,0.009,0,0,0
17,Private,240143,11th,7,Never-married,Craft-repair,Own-child,White,Male,0,0,30,United-States,<=50K,0,test,0.003,0,0,0
30,Federal-gov,54684,Prof-school,15,Never-married,Exec-managerial,Not-in-family,White,Male,0,0,55,,<=50K,0,train,0.208,0,0,0
52,Private,71768,Some-college,10,Divorced,Adm-clerical,Not-in-family,White,Female,0,0,40,United-States,<=50K,0,test,0.041,0,0,0
55,Self-emp-inc,120920,Masters,14,Divorced,Prof-specialty,Not-in-family,White,Female,0,0,35,United-States,<=50K,0,test,0.176,0,0,0
56,Local-gov,571017,Some-college,10,Married-civ-spouse,Adm-clerical,Wife,White,Female,0,0,15,United-States,<=50K,0,train,0.198,0,0,0
34,Self-emp-inc,127651,Bachelors,13,Divorced,Farming-fishing,Not-in-family,White,Male,0,0,60,United-States,<=50K,0,train,0.081,0,0,0
19,Private,140985,Some-college,10,Never-married,Adm-clerical,Other-relative,White,Male,0,0,25,United-States,<=50K,0,train,0.012,0,0,0
29,Private,307812,HS-grad,9,Married-civ-spouse,Craft-repair,Husband,White,Male,0,0,60,United-States,<=50K,0,test,0.37,0,0,0
32,Private,447066,Bachelors,13,Married-civ-spouse,Sales,Husband,Black,Male,15024,0,50,United-States,>50K,1,train,0.99,1,1,1
41,,211873,Assoc-voc,11,Married-civ-spouse,,Wife,White,Female,0,1628,5,,<=50K,0,test,0.199,0,0,0
62,Local-gov,114045,HS-grad,9,Divorced,Other-service,Not-in-family,White,Female,0,0,35,United-States,<=50K,0,test,0.01,0,0,0
55,,170994,HS-grad,9,Never-married,,Not-in-family,White,Female,0,0,40,United-States,<=50K,0,train,0.025,0,0,0
40,Local-gov,157240,Bachelors,13,Divorced,Prof-specialty,Unmarried,White,Female,0,0,70,United-States,<=50K,0,train,0.286,0,0,0
26,Self-emp-not-inc,68729,HS-grad,9,Never-married,Sales,Other-relative,Asian-Pac-Islander,Male,0,0,50,United-States,>50K,1,train,0.021,0,0,0
42,Private,203393,Bachelors,13,Married-civ-spouse,Craft-repair,Wife,Black,Female,0,0,35,United-States,>50K,1,test,0.553,1,1,1
73,Private,220019,9th,5,Widowed,Other-service,Unmarried,White,Female,0,0,9,United-States,<=50K,0,train,0.003,0,0,0
24,Private,206671,Assoc-voc,11,Married-civ-spouse,Craft-repair,Husband,White,Male,0,0,40,United-States,<=50K,0,test,0.321,0,0,0
36,Private,221650,Some-college,10,Married-civ-spouse,Craft-repair,Husband,White,Male,0,0,40,Japan,<=50K,0,train,0.198,0,0,0
28,Self-emp-not-inc,410351,HS-grad,9,Married-civ-spouse,Exec-managerial,Husband,White,Male,0,0,40,Poland,<=50K,0,train,0.202,0,0,0
26,Private,163747,Bachelors,13,Never-married,Sales,Not-in-family,White,Female,0,0,55,United-States,<=50K,0,train,0.095,0,0,0
30,,101697,Bachelors,13,Married-civ-spouse,,Wife,White,Female,0,0,20,United-States,<=50K,0,test,0.374,0,1,0
59,Self-emp-not-inc,195835,HS-grad,9,Married-civ-spouse,Sales,Husband,White,Male,0,0,60,United-States,<=50K,0,train,0.411,0,0,0
36,Private,104858,Some-college,10,Married-civ-spouse,Farming-fishing,Husband,White,Male,0,0,56,United-States,>50K,1,test,0.3,0,0,0
24,Private,456460,Assoc-acdm,12,Married-civ-spouse,Adm-clerical,Wife,White,Female,0,0,40,United-States,<=50K,0,train,0.42,0,1,0
23,Private,293091,HS-grad,9,Never-married,Sales,Own-child,White,Male,0,0,30,United-States,<=50K,0,train,0.006,0,0,0
60,,120163,Bachelors,13,Married-civ-spouse,,Husband,White,Male,0,0,40,United-States,<=50K,0,train,0.586,1,1,1
52,Private,284329,Assoc-voc,11,Married-civ-spouse,Prof-specialty,Husband,White,Male,15024,0,40,United-States,>50K,1,test,0.987,1,1,1
38,Local-gov,37931,HS-grad,9,Married-civ-spouse,Protective-serv,Husband,White,Male,0,0,40,United-States,>50K,1,train,0.493,0,0,0
43,Private,152958,Bachelors,13,Married-civ-spouse,Exec-managerial,Husband,White,Male,7298,0,40,United-States,>50K,1,train,0.953,1,1,1
46,Private,216934,Bachelors,13,Divorced,Adm-clerical,Not-in-family,White,Male,0,0,40,Portugal,<=50K,0,train,0.115,0,0,0
56,Private,201344,Some-college,10,Widowed,Craft-repair,Unmarried,White,Female,0,0,38,United-States,<=50K,0,train,0.062,0,0,0
51,Self-emp-not-inc,208003,HS-grad,9,Married-civ-spouse,Sales,Husband,White,Male,0,0,40,United-States,<=50K,0,train,0.238,0,0,0
34,Private,37210,HS-grad,9,Never-married,Adm-clerical,Own-child,White,Male,0,0,50,United-States,<=50K,0,train,0.01,0,0,0
37,Private,195189,Some-college,10,Divorced,Other-service,Unmarried,Black,Female,0,0,40,United-States,<=50K,0,test,0.014,0,0,0
20,Private,316043,11th,7,Never-married,Other-service,Own-child,Black,Male,594,0,20,United-States,<=50K,0,test,0.001,0,0,0
40,Self-emp-not-inc,237293,Prof-school,15,Married-civ-spouse,Prof-specialty,Wife,White,Female,15024,0,40,United-States,>50K,1,test,0.993,1,1,1
44,Local-gov,171589,Assoc-voc,11,Married-civ-spouse,Craft-repair,Husband,White,Male,7688,0,40,United-States,>50K,1,train,0.811,1,1,1
90,,166343,1st-4th,2,Widowed,,Not-in-family,Black,Female,0,0,40,United-States,<=50K,0,train,0.012,0,0,0
43,Self-emp-not-inc,113211,HS-grad,9,Married-civ-spouse,Exec-managerial,Wife,White,Female,0,0,40,United-States,<=50K,0,test,0.421,0,1,0
53,Private,313243,Some-college,10,Separated,Craft-repair,Not-in-family,White,Male,0,2444,45,United-States,>50K,1,train,0.118,0,0,0
27,Local-gov,66824,Bachelors,13,Never-married,Prof-specialty,Not-in-family,Amer-Indian-Eskimo,Female,3325,0,43,United-States,<=50K,0,test,0.164,0,0,0
43,Private,273230,Some-college,10,Married-civ-spouse,Exec-managerial,Husband,White,Male,0,0,50,United-States,>50K,1,train,0.633,1,1,1
22,Private,233955,Bachelors,13,Never-married,Prof-specialty,Not-in-family,Amer-Indian-Eskimo,Female,14344,0,40,United-States,>50K,1,test,0.797,1,1,1
24,Private,183410,Some-college,10,Never-married,Sales,Own-child,White,Female,0,0,17,United-States,<=50K,0,test,0.005,0,0,0
43,Private,129853,10th,6,Never-married,Machine-op-inspct,Not-in-family,Black,Male,0,0,40,United-States,<=50K,0,train,0.007,0,0,0
40,Federal-gov,196456,Some-college,10,Never-married,Adm-clerical,Own-child,White,Female,0,0,40,United-States,<=50K,0,test,0.012,0,0,0
33,Private,112900,HS-grad,9,Divorced,Other-service,Unmarried,White,Female,0,0,40,United-States,<=50K,0,train,0.01,0,0,0
40,Self-emp-inc,218558,Bachelors,13,Married-civ-spouse,Exec-managerial,Husband,White,Male,0,0,45,United-States,>50K,1,train,0.747,1,1,1
42,Self-emp-not-inc,185129,Prof-school,15,Married-civ-spouse,Prof-specialty,Husband,White,Male,0,1887,40,United-States,>50K,1,train,0.774,1,1,1
18,Private,168740,11th,7,Never-married,Handlers-cleaners,Own-child,White,Male,0,0,30,United-States,<=50K,0,train,0.003,0,0,0
42,Private,572751,Preschool,1,Married-civ-spouse,Craft-repair,Husband,White,Male,0,0,40,Nicaragua,<=50K,0,test,0.022,0,0,0
26,Private,134888,Bachelors,13,Never-married,Tech-support,Own-child,White,Female,0,0,35,United-States,<=50K,0,train,0.024,0,0,0
47,Private,267205,Assoc-voc,11,Married-civ-spouse,Craft-repair,Husband,White,Male,0,0,60,,>50K,1,train,0.448,0,0,0
37,Self-emp-not-inc,35330,HS-grad,9,Married-civ-spouse,Other-service,Husband,White,Male,0,0,42,United-States,<=50K,0,train,0.064,0,0,0
54,Private,68985,Masters,14,Married-civ-spouse,Sales,Husband,White,Male,0,0,55,United-States,>50K,1,test,0.787,1,1,1
36,Local-gov,331902,Some-college,10,Divorced,Adm-clerical,Unmarried,White,Female,0,0,35,United-States,<=50K,0,train,0.024,0,0,0
47,Self-emp-inc,206947,Assoc-acdm,12,Widowed,Exec-managerial,Not-in-family,White,Female,0,0,67,United-States,<=50K,0,train,0.365,0,0,0
29,State-gov,159782,Masters,14,Married-civ-spouse,Prof-specialty,Wife,White,Female,0,0,45,United-States,>50K,1,train,0.657,1,1,1
46,Private,117059,Assoc-voc,11,Married-civ-spouse,Transport-moving,Husband,Amer-Indian-Eskimo,Male,0,0,60,United-States,<=50K,0,test,0.474,0,0,0
18,Private,111256,HS-grad,9,Never-married,Adm-clerical,Own-child,White,Female,0,0,20,United-States,<=50K,0,train,0.003,0,0,0
28,,30237,Some-college,10,Never-married,,Unmarried,White,Female,0,0,40,United-States,<=50K,0,test,0.023,0,0,0
72,Self-emp-not-inc,285408,Prof-school,15,Married-civ-spouse,Prof-specialty,Husband,White,Male,0,2246,28,United-States,>50K,1,test,0.805,1,1,1
26,Self-emp-not-inc,177858,Bachelors,13,Divorced,Exec-managerial,Not-in-family,White,Male,0,1876,38,United-States,<=50K,0,train,0.152,0,0,0
46,Local-gov,207677,Bachelors,13,Married-civ-spouse,Protective-serv,Husband,White,Male,0,0,40,United-States,>50K,1,test,0.766,1,1,1
30,Private,167309,Bachelors,13,Married-civ-spouse,Adm-clerical,Husband,White,Male,0,1902,40,United-States,>50K,1,train,0.586,1,1,1
47,Private,374580,HS-grad,9,Separated,Sales,Not-in-family,White,Female,0,0,52,United-States,<=50K,0,train,0.065,0,0,0
17,Private,160968,11th,7,Never-married,Adm-clerical,Own-child,White,Male,0,0,16,United-States,<=50K,0,train,0.001,0,0,0
38,Private,133454,Assoc-acdm,12,Never-married,Craft-repair,Not-in-family,White,Male,0,0,40,United-States,<=50K,0,test,0.043,0,0,0
35,Private,112158,10th,6,Married-civ-spouse,Craft-repair,Husband,White,Male,0,0,40,United-States,<=50K,0,train,0.126,0,0,0
34,Private,178615,HS-grad,9,Never-married,Handlers-cleaners,Not-in-family,White,Male,0,0,40,United-States,<=50K,0,test,0.023,0,0,0
63,Private,308028,Masters,14,Married-civ-spouse,Tech-support,Husband,White,Male,5013,0,40,United-States,<=50K,0,train,0.913,1,1,1
57,State-gov,399246,Bachelors,13,Married-civ-spouse,Adm-clerical,Husband,Asian-Pac-Islander,Male,0,1485,40,China,<=50K,0,train,0.203,0,0,0
28,Private,142712,HS-grad,9,Never-married,Handlers-cleaners,Own-child,White,Male,0,0,40,United-States,<=50K,0,test,0.009,0,0,0
47,Private,145041,HS-grad,9,Married-civ-spouse,Machine-op-inspct,Husband,White,Male,0,0,40,Cuba,>50K,1,test,0.168,0,0,0
49,Self-emp-not-inc,215096,9th,5,Divorced,Other-service,Not-in-family,White,Female,0,0,20,United-States,<=50K,0,test,0.001,0,0,0
41,Local-gov,177599,Bachelors,13,Divorced,Prof-specialty,Unmarried,White,Female,0,0,35,United-States,<=50K,0,train,0.111,0,0,0
35,Private,78247,Assoc-voc,11,Married-civ-spouse,Craft-repair,Husband,White,Male,0,0,50,United-States,<=50K,0,train,0.442,0,0,0
42,Private,328239,Some-college,10,Never-married,Other-service,Not-in-family,White,Male,0,0,40,United-States,<=50K,0,train,0.009,0,0,0
56,Private,143266,Some-college,10,Married-civ-spouse,Exec-managerial,Husband,White,Male,0,0,40,United-States,>50K,1,train,0.603,1,1,1
51,Self-emp-not-inc,124963,Prof-school,15,Divorced,Prof-specialty,Not-in-family,White,Male,0,0,80,United-States,>50K,1,test,0.426,0,0,0
44,Private,185057,Masters,14,Never-married,Prof-specialty,Not-in-family,White,Female,0,0,35,United-States,<=50K,0,train,0.113,0,0,0
45,Private,277434,Assoc-acdm,12,Widowed,Tech-support,Unmarried,White,Male,0,0,40,United-States,>50K,1,train,0.122,0,0,0
43,Private,117158,Some-college,10,Married-civ-spouse,Craft-repair,Husband,White,Male,0,0,45,United-States,>50K,1,test,0.367,0,0,0
23,Private,234108,Assoc-acdm,12,Never-married,Handlers-cleaners,Own-child,White,Male,0,0,32,United-States,<=50K,0,test,0.014,0,0,0
25,State-gov,157028,Bachelors,13,Never-married,Exec-managerial,Not-in-family,White,Male,0,0,40,United-States,<=50K,0,train,0.067,0,0,0
62,Private,213321,HS-grad,9,Married-civ-spouse,Prof-specialty,Husband,White,Male,0,0,40,United-States,>50K,1,test,0.47,0,0,0
25,Private,262978,Some-college,10,Never-married,Sales,Not-in-family,White,Male,0,0,30,United-States,<=50K,0,train,0.019,0,0,0
69,,259323,Prof-school,15,Divorced,,Not-in-family,White,Male,0,0,5,United-States,<=50K,0,train,0.07,0,0,0
41,Private,274363,Some-college,10,Separated,Sales,Not-in-family,White,Male,0,0,80,United-States,>50K,1,train,0.177,0,0,0
52,Private,175714,Assoc-acdm,12,Married-civ-spouse,Exec-managerial,Husband,White,Male,0,0,55,United-States,>50K,1,test,0.803,1,1,1
39,Private,114591,Some-college,10,Separated,Prof-specialty,Unmarried,White,Female,0,0,40,United-States,<=50K,0,train,0.074,0,0,0
50,Private,20795,HS-grad,9,Married-civ-spouse,Farming-fishing,Husband,White,Male,0,0,60,United-States,>50K,1,train,0.319,0,0,0
41,Self-emp-inc,146659,Some-college,10,Divorced,Machine-op-inspct,Not-in-family,White,Female,0,0,40,Honduras,<=50K,0,test,0.02,0,0,0
34,Private,198091,HS-grad,9,Married-civ-spouse,Craft-repair,Husband,White,Male,0,0,72,United-States,<=50K,0,train,0.488,0,0,0
29,State-gov,301582,Some-college,10,Married-civ-spouse,Protective-serv,Husband,White,Male,0,0,40,United-States,<=50K,0,test,0.443,0,0,0
62,Local-gov,180162,9th,5,Divorced,Protective-serv,Not-in-family,Black,Male,0,0,24,United-States,<=50K,0,train,0.024,0,0,0
47,Self-emp-inc,362835,Bachelors,13,Married-civ-spouse,Exec-managerial,Husband,White,Male,0,0,50,United-States,>50K,1,train,0.797,1,1,1
38,Self-emp-not-inc,176657,Some-college,10,Separated,Sales,Not-in-family,Asian-Pac-Islander,Male,0,0,60,Japan,<=50K,0,train,0.033,0,0,0
67,Private,158301,HS-grad,9,Divorced,Transport-moving,Not-in-family,White,Male,0,0,60,United-States,<=50K,0,train,0.06,0,0,0
44,Private,112262,Bachelors,13,Married-civ-spouse,Tech-support,Husband,White,Male,5178,0,40,United-States,>50K,1,test,0.861,1,1,1
38,Private,237608,Bachelors,13,Never-married,Sales,Not-in-family,White,Female,0,2444,45,United-States,>50K,1,train,0.164,0,0,0
59,Private,167963,HS-grad,9,Never-married,Adm-clerical,Unmarried,White,Male,0,0,40,United-States,<=50K,0,test,0.026,0,0,0
53,Self-emp-not-inc,46704,Masters,14,Married-civ-spouse,Prof-specialty,Husband,White,Male,0,0,50,United-States,>50K,1,train,0.707,1,1,1
22,Private,321031,HS-grad,9,Never-married,Sales,Own-child,Black,Female,0,0,40,United-States,<=50K,0,train,0.009,0,0,0
41,Private,394669,Bachelors,13,Never-married,Prof-specialty,Not-in-family,White,Female,0,1741,40,United-States,<=50K,0,train,0.16,0,0,0
38,Private,277022,Some-college,10,Divorced,Adm-clerical,Unmarried,White,Female,0,0,40,Columbia,<=50K,0,test,0.026,0,0,0
38,Private,252662,Bachelors,13,Divorced,Exec-managerial,Not-in-family,White,Male,0,0,40,United-States,<=50K,0,train,0.183,0,0,0
41,Private,111483,HS-grad,9,Never-married,Adm-clerical,Own-child,White,Male,0,0,40,United-States,<=50K,0,train,0.008,0,0,0
56,Local-gov,381965,Bachelors,13,Married-civ-spouse,Prof-specialty,Husband,White,Male,15024,0,40,United-States,>50K,1,train,0.991,1,1,1
47,Private,34248,Assoc-voc,11,Married-civ-spouse,Sales,Husband,White,Male,0,0,40,United-States,>50K,1,train,0.467,0,0,0
31,Private,61559,HS-grad,9,Never-married,Other-service,Not-in-family,White,Male,0,0,50,United-States,<=50K,0,train,0.008,0,0,0
41,Private,176452,HS-grad,9,Married-civ-spouse,Tech-support,Husband,White,Male,0,0,40,Peru,<=50K,0,train,0.159,0,0,0
57,Self-emp-inc,376230,Masters,14,Married-civ-spouse,Sales,Husband,White,Male,99999,0,40,United-States,>50K,1,test,1.0,1,1,1
28,Private,350254,1st-4th,2,Never-married,Priv-house-serv,Not-in-family,White,Female,0,0,40,Mexico,<=50K,0,test,0.001,0,0,0
28,Private,295163,12th,8,Divorced,Farming-fishing,Not-in-family,White,Male,0,0,40,United-States,<=50K,0,test,0.011,0,0,0
45,Private,128378,HS-grad,9,Married-civ-spouse,Machine-op-inspct,Husband,Black,Male,0,0,40,United-States,<=50K,0,test,0.21,0,0,0
39,Private,344743,Some-college,10,Married-civ-spouse,Adm-clerical,Own-child,Black,Female,0,0,50,United-States,>50K,1,train,0.129,0,0,0
35,Private,338611,Some-college,10,Divorced,Adm-clerical,Unmarried,White,Female,0,0,40,United-States,<=50K,0,train,0.034,0,0,0
38,Private,318610,Some-college,10,Divorced,Adm-clerical,Unmarried,Black,Female,0,0,40,United-States,<=50K,0,test,0.036,0,0,0
19,Private,201743,Some-college,10,Never-married,Other-service,Own-child,White,Female,0,0,15,United-States,<=50K,0,test,0.001,0,0,0
22,Private,176321,7th-8th,4,Never-married,Other-service,Unmarried,White,Female,0,0,40,Mexico,<=50K,0,train,0.001,0,0,0
59,Self-emp-not-inc,148626,10th,6,Married-civ-spouse,Farming-fishing,Husband,White,Male,0,0,40,United-States,<=50K,0,test,0.065,0,0,0
34,Private,195488,HS-grad,9,Separated,Adm-clerical,Own-child,White,Female,0,0,40,United-States,<=50K,0,test,0.011,0,0,0
52,Private,156953,HS-grad,9,Married-civ-spouse,Handlers-cleaners,Husband,White,Male,0,0,40,United-States,>50K,1,train,0.349,0,0,0
45,Private,140644,Doctorate,16,Divorced,Prof-specialty,Not-in-family,White,Male,0,0,45,United-States,>50K,1,train,0.32,0,0,0
46,Private,149388,Bachelors,13,Married-civ-spouse,Craft-repair,Husband,White,Male,0,0,40,United-States,>50K,1,train,0.537,1,0,0
26,Private,192652,Bachelors,13,Never-married,Other-service,Own-child,White,Male,0,0,40,United-States,<=50K,0,train,0.007,0,0,0
21,Federal-gov,99199,HS-grad,9,Never-married,Adm-clerical,Own-child,White,Male,0,0,36,United-States,<=50K,0,train,0.006,0,0,0
33,Local-gov,133876,HS-grad,9,Divorced,Craft-repair,Unmarried,White,Male,0,0,40,United-States,<=50K,0,train,0.024,0,0,0
17,Private,271122,12th,8,Never-married,Other-service,Own-child,White,Female,0,0,16,United-States,<=50K,0,train,0.001,0,0,0
37,Private,193689,Assoc-voc,11,Married-civ-spouse,Machine-op-inspct,Husband,White,Male,0,0,42,United-States,>50K,1,train,0.301,0,0,0
29,Private,144556,HS-grad,9,Married-civ-spouse,Machine-op-inspct,Husband,White,Male,0,0,45,United-States,<=50K,0,train,0.196,0,0,0
45,Private,102202,Assoc-voc,11,Divorced,Adm-clerical,Not-in-family,White,Female,0,0,40,United-States,<=50K,0,test,0.048,0,0,0
32,Private,211751,Assoc-voc,11,Divorced,Other-service,Unmarried,Black,Female,0,0,40,United-States,<=50K,0,train,0.017,0,0,0
49,Private,357540,HS-grad,9,Married-civ-spouse,Farming-fishing,Husband,White,Male,0,0,25,United-States,<=50K,0,train,0.123,0,0,0
57,Self-emp-not-inc,27385,Bachelors,13,Married-civ-spouse,Sales,Husband,White,Male,0,0,10,United-States,<=50K,0,train,0.269,0,0,0
60,Private,93997,Bachelors,13,Married-civ-spouse,Exec-managerial,Husband,White,Male,15024,0,45,United-States,>50K,1,train,0.996,1,1,1
59,Private,126677,Some-college,10,Married-civ-spouse,Exec-managerial,Husband,White,Male,0,0,50,United-States,>50K,1,test,0.691,1,1,1
35,Local-gov,268292,Some-college,10,Married-civ-spouse,Craft-repair,Husband,White,Male,0,0,40,United-States,<=50K,0,train,0.261,0,0,0
54,Private,292673,1st-4th,2,Married-civ-spouse,Other-service,Husband,White,Male,0,0,35,Mexico,<=50K,0,train,0.01,0,0,0
56,Federal-gov,156229,Bachelors,13,Married-civ-spouse,Exec-managerial,Husband,White,Male,7688,0,40,United-States,>50K,1,test,0.969,1,1,1
34,Local-gov,144182,Preschool,1,Never-married,Adm-clerical,Own-child,Black,Female,0,0,25,United-States,<=50K,0,train,0.0,0,0,0
52,Private,312477,HS-grad,9,Widowed,Transport-moving,Not-in-family,White,Male,0,0,40,United-States,<=50K,0,test,0.031,0,0,0
47,Private,170850,Bachelors,13,Married-civ-spouse,Tech-support,Husband,White,Male,0,0,48,United-States,<=50K,0,test,0.677,1,1,1
38,Private,357870,12th,8,Never-married,Machine-op-inspct,Not-in-family,Black,Female,0,0,50,United-States,<=50K,0,train,0.015,0,0,0
49,Private,122066,5th-6th,3,Married-civ-spouse,Other-service,Husband,White,Male,0,2603,40,Greece,<=50K,0,train,0.053,0,0,0
19,,181265,Some-college,10,Never-married,,Own-child,White,Female,0,0,30,United-States,<=50K,0,train,0.006,0,0,0
43,Private,218309,Bachelors,13,Divorced,Sales,Not-in-family,White,Female,0,0,50,United-States,<=50K,0,train,0.148,0,0,0
34,Private,153942,Assoc-voc,11,Married-civ-spouse,Sales,Husband,White,Male,0,0,40,United-States,<=50K,0,test,0.416,0,0,0
34,Local-gov,234096,Assoc-acdm,12,Married-civ-spouse,Prof-specialty,Husband,White,Male,0,0,40,United-States,>50K,1,test,0.512,1,0,0
38,Private,185330,Some-college,10,Never-married,Craft-repair,Own-child,White,Female,0,0,25,United-States,<=50K,0,train,0.007,0,0,0
50,Private,135339,12th,8,Married-civ-spouse,Sales,Husband,Asian-Pac-Islander,Male,0,0,40,Cambodia,>50K,1,train,0.366,0,0,0
33,Private,179509,Bachelors,13,Married-civ-spouse,Handlers-cleaners,Husband,White,Male,0,0,40,United-States,<=50K,0,test,0.539,1,0,0
22,Private,187052,11th,7,Never-married,Sales,Unmarried,White,Female,0,0,30,United-States,<=50K,0,test,0.009,0,0,0
34,Self-emp-not-inc,177639,Assoc-acdm,12,Never-married,Craft-repair,Not-in-family,White,Male,0,0,40,United-States,<=50K,0,test,0.024,0,0,0
59,Self-emp-not-inc,98418,HS-grad,9,Married-civ-spouse,Farming-fishing,Husband,White,Male,0,0,20,United-States,<=50K,0,train,0.074,0,0,0
36,Private,29814,HS-grad,9,Never-married,Transport-moving,Other-relative,White,Male,0,0,50,United-States,<=50K,0,train,0.022,0,0,0
25,Private,254613,HS-grad,9,Never-married,Craft-repair,Own-child,White,Male,0,0,40,Cuba,<=50K,0,train,0.005,0,0,0
27,Private,202206,11th,7,Separated,Farming-fishing,Other-relative,White,Male,0,0,40,Puerto-Rico,<=50K,0,test,0.006,0,0,0
36,Private,35945,HS-grad,9,Married-civ-spouse,Exec-managerial,Husband,White,Male,0,0,50,United-States,>50K,1,test,0.54,1,0,0
67,Self-emp-not-inc,36876,HS-grad,9,Married-civ-spouse,Farming-fishing,Husband,White,Male,0,0,55,United-States,<=50K,0,train,0.23,0,0,0
33,Self-emp-not-inc,173495,HS-grad,9,Married-civ-spouse,Craft-repair,Husband,White,Male,0,0,50,United-States,<=50K,0,train,0.204,0,0,0
32,Private,74883,Bachelors,13,Never-married,Tech-support,Not-in-family,Asian-Pac-Islander,Female,0,0,40,Philippines,<=50K,0,train,0.124,0,0,0
34,Private,473133,HS-grad,9,Married-civ-spouse,Sales,Husband,White,Male,0,0,60,United-States,<=50K,0,train,0.449,0,0,0
27,Private,161087,HS-grad,9,Married-civ-spouse,Prof-specialty,Wife,Black,Female,0,0,40,United-States,<=50K,0,train,0.405,0,1,0
50,Private,104501,HS-grad,9,Never-married,Adm-clerical,Not-in-family,White,Male,0,1980,40,United-States,<=50K,0,test,0.038,0,0,0
19,Private,163578,Some-college,10,Never-married,Sales,Own-child,White,Male,0,0,30,United-States,<=50K,0,test,0.008,0,0,0
52,Private,113094,Bachelors,13,Separated,Adm-clerical,Unmarried,White,Female,0,1092,40,United-States,<=50K,0,train,0.135,0,0,0
43,Private,242804,HS-grad,9,Separated,Handlers-cleaners,Not-in-family,White,Male,0,0,40,United-States,<=50K,0,train,0.041,0,0,0
50,Private,163671,HS-grad,9,Married-civ-spouse,Craft-repair,Husband,White,Male,0,0,40,United-States,<=50K,0,train,0.294,0,0,0
47,State-gov,160045,Some-college,10,Divorced,Adm-clerical,Not-in-family,White,Female,0,0,40,United-States,<=50K,0,train,0.023,0,0,0
21,Private,27162,Some-college,10,Never-married,Other-service,Own-child,White,Female,0,0,16,United-States,<=50K,0,train,0.001,0,0,0
54,Private,511668,Doctorate,16,Married-civ-spouse,Exec-managerial,Husband,White,Male,0,1977,43,United-States,>50K,1,train,0.939,1,1,1
20,Local-gov,308654,Some-college,10,Never-married,Protective-serv,Own-child,Asian-Pac-Islander,Female,0,0,20,United-States,<=50K,0,train,0.012,0,0,0
45,Federal-gov,380127,Bachelors,13,Never-married,Exec-managerial,Not-in-family,White,Female,0,0,40,United-States,<=50K,0,train,0.163,0,0,0
38,Federal-gov,261241,Some-college,10,Married-civ-spouse,Adm-clerical,Husband,White,Male,0,0,45,United-States,>50K,1,train,0.348,0,0,0
45,Private,60267,HS-grad,9,Divorced,Adm-clerical,Unmarried,White,Female,0,0,38,United-States,<=50K,0,train,0.029,0,0,0
34,Private,366898,HS-grad,9,Married-civ-spouse,Craft-repair,Husband,White,Male,0,0,40,Germany,<=50K,0,train,0.228,0,0,0
23,Private,340543,Bachelors,13,Never-married,Exec-managerial,Not-in-family,White,Female,0,0,38,United-States,<=50K,0,train,0.099,0,0,0
33,Private,184016,HS-grad,9,Never-married,Transport-moving,Not-in-family,White,Male,0,0,40,United-States,<=50K,0,test,0.012,0,0,0
30,Private,33124,HS-grad,9,Separated,Farming-fishing,Unmarried,White,Female,0,0,14,United-States,<=50K,0,train,0.007,0,0,0
41,Local-gov,180096,Bachelors,13,Married-civ-spouse,Prof-specialty,Husband,White,Male,0,0,35,United-States,<=50K,0,train,0.565,1,0,0
46,Private,105327,HS-grad,9,Divorced,Craft-repair,Not-in-family,White,Male,0,0,40,United-States,<=50K,0,train,0.033,0,0,0
43,Private,219307,9th,5,Divorced,Transport-moving,Not-in-family,Black,Male,0,0,40,United-States,<=50K,0,test,0.007,0,0,0
39,Self-emp-not-inc,188335,HS-grad,9,Married-civ-spouse,Farming-fishing,Husband,White,Male,0,0,40,United-States,<=50K,0,train,0.103,0,0,0
55,,141807,HS-grad,9,Never-married,,Not-in-family,White,Male,13550,0,40,United-States,>50K,1,test,0.502,1,1,0
47,Private,97883,Bachelors,13,Widowed,Priv-house-serv,Unmarried,White,Female,25236,0,35,United-States,>50K,1,train,0.991,1,1,1
47,Local-gov,200808,12th,8,Married-civ-spouse,Adm-clerical,Husband,White,Male,0,0,35,Puerto-Rico,<=50K,0,train,0.094,0,0,0
31,Private,62932,HS-grad,9,Never-married,Craft-repair,Own-child,White,Male,0,0,40,United-States,<=50K,0,train,0.008,0,0,0
25,Private,44861,HS-grad,9,Never-married,Other-service,Not-in-family,White,Male,0,0,40,United-States,<=50K,0,test,0.005,0,0,0
50,Private,301583,HS-grad,9,Never-married,Machine-op-inspct,Not-in-family,White,Male,0,0,40,United-States,<=50K,0,train,0.017,0,0,0
31,Private,191834,Some-college,10,Married-civ-spouse,Craft-repair,Husband,White,Male,0,0,40,United-States,>50K,1,test,0.287,0,0,0
38,Self-emp-not-inc,194534,Masters,14,Married-civ-spouse,Prof-specialty,Husband,Black,Male,99999,0,60,United-States,>50K,1,train,1.0,1,1,1
37,Private,95855,HS-grad,9,Divorced,Protective-serv,Unmarried,White,Female,0,0,40,United-States,<=50K,0,test,0.1,0,0,0
25,Private,212304,HS-grad,9,Never-married,Machine-op-inspct,Unmarried,White,Male,0,0,40,United-States,<=50K,0,test,0.012,0,0,0
24,,265434,Bachelors,13,Never-married,,Not-in-family,White,Female,0,0,40,United-States,<=50K,0,test,0.044,0,0,0
54,Private,135388,HS-grad,9,Married-civ-spouse,Craft-repair,Husband,White,Male,5178,0,40,United-States,>50K,1,train,0.644,1,1,1
54,Private,185042,1st-4th,2,Separated,Priv-house-serv,Other-relative,White,Female,0,0,40,Mexico,<=50K,0,train,0.004,0,0,0
35,Private,287658,Assoc-acdm,12,Never-married,Transport-moving,Not-in-family,Black,Male,0,0,30,Jamaica,<=50K,0,test,0.015,0,0,0
73,Private,349347,7th-8th,4,Married-civ-spouse,Handlers-cleaners,Husband,White,Male,0,0,25,United-States,<=50K,0,train,0.104,0,0,0
38,Private,99233,Prof-school,15,Never-married,Exec-managerial,Not-in-family,White,Male,0,0,40,United-States,>50K,1,train,0.206,0,0,0
17,Private,228253,10th,6,Never-married,Handlers-cleaners,Own-child,White,Male,0,0,10,United-States,<=50K,0,train,0.001,0,0,0
38,Federal-gov,506830,Some-college,10,Divorced,Tech-support,Unmarried,Black,Female,0,0,40,United-States,<=50K,0,test,0.063,0,0,0
43,Private,105188,HS-grad,9,Never-married,Other-service,Not-in-family,Black,Male,0,0,40,Haiti,<=50K,0,test,0.005,0,0,0
75,,128224,5th-6th,3,Married-civ-spouse,,Husband,White,Male,0,0,25,United-States,<=50K,0,train,0.066,0,0,0
39,State-gov,85566,Bachelors,13,Married-civ-spouse,Prof-specialty,Husband,White,Male,0,0,40,United-States,<=50K,0,test,0.518,1,0,0
33,Private,157446,11th,7,Never-married,Craft-repair,Not-in-family,White,Male,0,0,65,United-States,<=50K,0,train,0.025,0,0,0
38,Private,43712,Bachelors,13,Married-civ-spouse,Prof-specialty,Husband,White,Male,7298,0,60,United-States,>50K,1,train,0.962,1,1,1
56,Private,367984,Assoc-voc,11,Married-civ-spouse,Exec-managerial,Husband,White,Male,15024,0,40,United-States,>50K,1,train,0.991,1,1,1
24,Private,229773,Some-college,10,Married-civ-spouse,Craft-repair,Husband,White,Male,0,0,35,United-States,<=50K,0,train,0.233,0,0,0
50,Self-emp-not-inc,99894,5th-6th,3,Never-married,Tech-support,Not-in-family,Asian-Pac-Islander,Female,0,0,15,United-States,<=50K,0,train,0.002,0,0,0
20,Private,204226,11th,7,Never-married,Other-service,Own-child,White,Female,0,0,40,United-States,<=50K,0,train,0.001,0,0,0
45,Self-emp-inc,117605,HS-grad,9,Married-civ-spouse,Exec-managerial,Husband,White,Male,0,0,48,United-States,>50K,1,test,0.544,1,1,0
20,Federal-gov,410446,HS-grad,9,Never-married,Adm-clerical,Other-relative,White,Male,0,0,20,United-States,<=50K,0,train,0.009,0,0,0
44,Private,183342,Prof-school,15,Married-civ-spouse,Exec-managerial,Husband,White,Male,0,0,55,United-States,>50K,1,test,0.89,1,1,1
29,Private,207473,7th-8th,4,Married-civ-spouse,Transport-moving,Husband,White,Male,0,0,40,Mexico,<=50K,0,train,0.027,0,0,0
39,Private,30916,HS-grad,9,Married-civ-spouse,Craft-repair,Husband,White,Male,0,0,40,United-States,<=50K,0,test,0.259,0,0,0
23,Private,140915,Some-college,10,Never-married,Sales,Other-relative,Asian-Pac-Islander,Male,0,0,25,Philippines,<=50K,0,train,0.037,0,0,0
23,,32897,Assoc-acdm,12,Married-civ-spouse,,Husband,White,Male,0,0,20,United-States,<=50K,0,test,0.231,0,0,0
37,Private,212465,HS-grad,9,Married-civ-spouse,Craft-repair,Husband,White,Male,0,0,40,United-States,<=50K,0,train,0.253,0,0,0
46,Private,176552,11th,7,Divorced,Prof-specialty,Unmarried,Amer-Indian-Eskimo,Male,0,0,40,United-States,>50K,1,train,0.037,0,0,0
81,Private,129338,7th-8th,4,Married-civ-spouse,Transport-moving,Husband,White,Male,0,0,10,United-States,<=50K,0,train,0.041,0,0,0
31,Private,109428,Assoc-acdm,12,Married-civ-spouse,Adm-clerical,Wife,White,Female,0,1740,40,United-States,<=50K,0,train,0.584,1,1,0
41,Private,191451,Masters,14,Divorced,Exec-managerial,Unmarried,Black,Female,0,0,60,United-States,>50K,1,test,0.4,0,1,0
30,Private,56004,Some-college,10,Never-married,Exec-managerial,Own-child,Black,Female,0,0,40,United-States,<=50K,0,train,0.025,0,0,0
47,State-gov,216414,Doctorate,16,Married-civ-spouse,Prof-specialty,Husband,White,Male,0,0,40,United-States,>50K,1,train,0.734,1,1,1
28,Local-gov,154863,9th,5,Married-civ-spouse,Craft-repair,Husband,Black,Male,0,0,40,Trinadad&Tobago,>50K,1,train,0.125,0,0,0
19,Private,292511,Some-college,10,Never-married,Other-service,Own-child,White,Male,0,0,25,United-States,<=50K,0,test,0.002,0,0,0
64,,64101,12th,8,Married-civ-spouse,,Husband,White,Male,0,0,24,United-States,<=50K,0,test,0.183,0,0,0
46,Private,187715,Some-college,10,Married-civ-spouse,Sales,Husband,White,Male,0,0,50,United-States,<=50K,0,train,0.48,0,0,0
39,Private,160402,Some-college,10,Divorced,Exec-managerial,Not-in-family,White,Male,0,0,38,United-States,<=50K,0,train,0.086,0,0,0
34,Private,258170,HS-grad,9,Divorced,Exec-managerial,Unmarried,White,Female,0,0,38,United-States,<=50K,0,train,0.068,0,0,0
37,Private,292370,Bachelors,13,Married-civ-spouse,Prof-specialty,Husband,Other,Male,0,0,50,,>50K,1,train,0.598,1,0,1
21,State-gov,204425,Some-college,10,Never-married,Exec-managerial,Own-child,White,Female,0,0,20,United-States,<=50K,0,test,0.007,0,0,0
30,Private,356015,11th,7,Married-spouse-absent,Handlers-cleaners,Not-in-family,Amer-Indian-Eskimo,Male,0,0,40,Mexico,<=50K,0,train,0.011,0,0,0
28,Private,314649,Some-college,10,Married-civ-spouse,Sales,Husband,Amer-Indian-Eskimo,Male,0,0,60,United-States,<=50K,0,train,0.492,0,0,0
52,Local-gov,89705,Masters,14,Married-civ-spouse,Prof-specialty,Husband,White,Male,0,0,40,United-States,>50K,1,train,0.707,1,1,1
39,Private,115422,HS-grad,9,Married-civ-spouse,Farming-fishing,Husband,White,Male,0,0,30,United-States,<=50K,0,train,0.124,0,0,0
38,Private,320305,7th-8th,4,Married-civ-spouse,Adm-clerical,Husband,White,Male,0,0,40,United-States,<=50K,0,test,0.071,0,0,0
20,,133515,Some-college,10,Never-married,,Own-child,White,Female,0,0,15,France,<=50K,0,test,0.003,0,0,0
20,Self-emp-not-inc,54152,Some-college,10,Never-married,Craft-repair,Not-in-family,White,Female,0,0,35,United-States,<=50K,0,train,0.009,0,0,0
32,Private,210541,Bachelors,13,Divorced,Sales,Unmarried,White,Female,0,0,30,United-States,<=50K,0,train,0.075,0,0,0
36,Self-emp-inc,166880,HS-grad,9,Never-married,Other-service,Not-in-family,White,Female,0,0,70,United-States,<=50K,0,train,0.016,0,0,0
69,Private,213249,Assoc-voc,11,Widowed,Sales,Not-in-family,White,Female,0,0,25,United-States,<=50K,0,test,0.075,0,0,0
44,Local-gov,151089,HS-grad,9,Married-civ-spouse,Machine-op-inspct,Husband,White,Male,0,0,40,United-States,<=50K,0,train,0.177,0,0,0
54,Private,103024,HS-grad,9,Divorced,Tech-support,Not-in-family,White,Male,0,0,42,United-States,>50K,1,train,0.053,0,0,0
41,Federal-gov,510072,Bachelors,13,Married-civ-spouse,Exec-managerial,Husband,White,Male,0,0,40,United-States,>50K,1,train,0.757,1,1,1
27,,501172,Some-college,10,Married-civ-spouse,,Husband,White,Male,0,419,20,Mexico,<=50K,0,train,0.101,0,0,0
30,Self-emp-not-inc,609789,Assoc-voc,11,Never-married,Craft-repair,Not-in-family,White,Male,0,0,40,United-States,<=50K,0,train,0.017,0,0,0
39,Private,262158,Bachelors,13,Divorced,Exec-managerial,Unmarried,White,Female,0,0,45,United-States,<=50K,0,train,0.228,0,0,0
41,Private,206470,Bachelors,13,Married-civ-spouse,Prof-specialty,Husband,White,Male,0,0,40,Germany,<=50K,0,train,0.633,1,1,1
45,Private,247043,11th,7,Married-civ-spouse,Craft-repair,Husband,White,Male,0,0,42,United-States,<=50K,0,train,0.193,0,0,0
41,Private,46870,Some-college,10,Divorced,Exec-managerial,Not-in-family,White,Female,0,0,40,United-States,<=50K,0,train,0.094,0,0,0
44,Private,408531,HS-grad,9,Divorced,Adm-clerical,Unmarried,White,Female,0,0,40,United-States,>50K,1,train,0.03,0,0,0
27,Private,107812,Bachelors,13,Married-civ-spouse,Sales,Other-relative,White,Male,0,0,40,United-States,>50K,1,train,0.453,0,0,0
38,Private,216129,Bachelors,13,Divorced,Other-service,Not-in-family,Black,Female,0,0,60,,<=50K,0,train,0.033,0,0,0
34,Private,37646,Assoc-acdm,12,Married-civ-spouse,Craft-repair,Husband,White,Male,0,0,65,United-States,<=50K,0,test,0.63,1,1,1
19,,28455,Some-college,10,Never-married,,Own-child,White,Female,0,0,40,United-States,<=50K,0,train,0.008,0,0,0
47,Private,158451,Masters,14,Married-civ-spouse,Prof-specialty,Wife,White,Female,0,0,2,United-States,>50K,1,test,0.502,1,1,1
34,Private,286675,HS-grad,9,Married-civ-spouse,Transport-moving,Husband,White,Male,0,0,40,United-States,<=50K,0,train,0.179,0,0,0
38,Federal-gov,65706,Some-college,10,Divorced,Exec-managerial,Unmarried,White,Female,0,0,38,United-States,<=50K,0,test,0.105,0,0,0
26,Private,276548,HS-grad,9,Married-civ-spouse,Sales,Wife,White,Female,0,0,20,United-States,<=50K,0,train,0.199,0,0,0
55,Local-gov,176046,Masters,14,Married-civ-spouse,Prof-specialty,Wife,White,Female,0,2267,40,United-States,<=50K,0,train,0.875,1,1,1
37,Federal-gov,160910,HS-grad,9,Married-civ-spouse,Craft-repair,Husband,White,Male,0,0,40,United-States,<=50K,0,test,0.281,0,0,0
45,Local-gov,374450,HS-grad,9,Married-civ-spouse,Transport-moving,Wife,White,Female,5178,0,40,United-States,>50K,1,train,0.539,1,1,1
18,Private,194561,Some-college,10,Never-married,Other-service,Own-child,White,Male,0,0,12,United-States,<=50K,0,train,0.001,0,0,0
51,Private,117253,HS-grad,9,Widowed,Prof-specialty,Unmarried,White,Female,0,0,40,United-States,<=50K,0,test,0.081,0,0,0
36,Private,117381,HS-grad,9,Married-civ-spouse,Machine-op-inspct,Husband,White,Male,0,0,40,United-States,<=50K,0,train,0.187,0,0,0
42,Private,657397,HS-grad,9,Married-civ-spouse,Machine-op-inspct,Husband,White,Male,0,0,40,Mexico,<=50K,0,train,0.118,0,0,0
34,Private,84154,Bachelors,13,Married-civ-spouse,Sales,Husband,White,Male,0,0,50,United-States,<=50K,0,train,0.633,1,1,1
43,Self-emp-not-inc,237670,Assoc-voc,11,Divorced,Exec-managerial,Not-in-family,White,Male,0,0,25,United-States,<=50K,0,train,0.046,0,0,0
62,Local-gov,203525,7th-8th,4,Married-civ-spouse,Craft-repair,Husband,White,Male,2829,0,40,United-States,<=50K,0,train,0.186,0,0,0
21,Self-emp-not-inc,318987,Assoc-voc,11,Married-civ-spouse,Farming-fishing,Husband,White,Male,0,0,40,United-States,<=50K,0,test,0.129,0,0,0
50,Private,175804,Bachelors,13,Married-civ-spouse,Sales,Husband,White,Male,0,0,40,United-States,>50K,1,train,0.613,1,1,1
42,Private,345504,Assoc-voc,11,Divorced,Adm-clerical,Not-in-family,White,Female,0,0,35,United-States,<=50K,0,train,0.039,0,0,0
34,Federal-gov,194740,Some-college,10,Never-married,Adm-clerical,Not-in-family,White,Male,0,0,40,United-States,<=50K,0,train,0.024,0,0,0
33,Self-emp-not-inc,99761,Bachelors,13,Never-married,Other-service,Not-in-family,White,Female,0,0,15,United-States,<=50K,0,train,0.004,0,0,0
22,Private,112693,HS-grad,9,Married-civ-spouse,Craft-repair,Husband,White,Male,0,0,35,United-States,<=50K,0,test,0.183,0,0,0
28,Private,340408,Some-college,10,Divorced,Craft-repair,Not-in-family,White,Male,0,0,46,United-States,<=50K,0,train,0.04,0,0,0
22,Private,156933,HS-grad,9,Never-married,Handlers-cleaners,Own-child,Black,Male,0,0,25,United-States,<=50K,0,train,0.005,0,0,0
40,Local-gov,183765,Assoc-acdm,12,Never-married,Prof-specialty,Not-in-family,White,Male,0,0,40,United-States,>50K,1,train,0.063,0,0,0
21,Private,164991,HS-grad,9,Divorced,Sales,Unmarried,Amer-Indian-Eskimo,Female,0,0,38,United-States,<=50K,0,train,0.029,0,0,0
41,Private,202872,10th,6,Married-spouse-absent,Craft-repair,Not-in-family,White,Female,0,0,40,United-States,<=50K,0,train,0.015,0,0,0
32,Private,316769,11th,7,Never-married,Other-service,Unmarried,Black,Female,0,0,40,Jamaica,<=50K,0,test,0.003,0,0,0
49,Local-gov,67001,HS-grad,9,Married-civ-spouse,Transport-moving,Husband,White,Male,0,0,40,United-States,<=50K,0,train,0.186,0,0,0
47,Private,102583,HS-grad,9,Married-civ-spouse,Sales,Husband,White,Male,0,0,30,United-States,>50K,1,train,0.266,0,0,0
43,Private,101950,Bachelors,13,Divorced,Other-service,Not-in-family,White,Female,0,0,35,United-States,<=50K,0,train,0.026,0,0,0
47,Private,142061,Some-college,10,Divorced,Exec-managerial,Unmarried,White,Female,0,0,40,United-States,<=50K,0,train,0.112,0,0,0
56,,192325,Some-college,10,Divorced,,Not-in-family,White,Female,0,0,20,United-States,<=50K,0,train,0.025,0,0,0
25,Private,122999,HS-grad,9,Never-married,Craft-repair,Other-relative,White,Male,0,0,40,United-States,<=50K,0,train,0.02,0,0,0
53,Private,110977,Masters,14,Married-civ-spouse,Exec-managerial,Husband,White,Male,0,1902,50,United-States,>50K,1,test,0.916,1,1,1
19,Private,45381,Some-college,10,Never-married,Adm-clerical,Own-child,White,Female,0,0,8,United-States,<=50K,0,train,0.002,0,0,0
28,Federal-gov,24153,10th,6,Married-civ-spouse,Other-service,Wife,Amer-Indian-Eskimo,Female,0,0,40,United-States,<=50K,0,train,0.062,0,0,0
33,Private,138142,Some-college,10,Separated,Other-service,Unmarried,Black,Female,0,0,25,United-States,<=50K,0,train,0.008,0,0,0
33,Private,25610,Assoc-acdm,12,Married-civ-spouse,Sales,Husband,Other,Male,0,0,40,Japan,>50K,1,train,0.342,0,0,0
46,Private,97883,Some-college,10,Divorced,Adm-clerical,Not-in-family,White,Female,0,0,40,United-States,<=50K,0,train,0.037,0,0,0
61,Local-gov,195519,Masters,14,Never-married,Prof-specialty,Unmarried,White,Female,0,0,25,United-States,<=50K,0,train,0.097,0,0,0
36,State-gov,747719,Prof-school,15,Married-civ-spouse,Prof-specialty,Wife,White,Female,15024,0,50,United-States,>50K,1,train,0.995,1,1,1
30,Private,340899,Prof-school,15,Never-married,Prof-specialty,Not-in-family,White,Male,0,1590,80,United-States,<=50K,0,test,0.504,1,1,0
54,Private,144586,Some-college,10,Married-civ-spouse,Sales,Wife,White,Female,0,0,40,United-States,>50K,1,train,0.502,1,1,1
55,Self-emp-not-inc,105582,Masters,14,Married-civ-spouse,Sales,Husband,White,Male,2228,0,50,United-States,<=50K,0,train,0.769,1,1,1
25,Private,27411,Bachelors,13,Divorced,Sales,Not-in-family,White,Female,0,0,40,United-States,<=50K,0,train,0.085,0,0,0
43,Federal-gov,195385,HS-grad,9,Married-civ-spouse,Exec-managerial,Husband,Amer-Indian-Eskimo,Male,0,0,40,United-States,<=50K,0,train,0.52,1,0,0
43,Private,158528,HS-grad,9,Married-civ-spouse,Craft-repair,Husband,White,Male,0,0,40,United-States,>50K,1,test,0.271,0,0,0
41,Local-gov,33658,Some-college,10,Married-civ-spouse,Protective-serv,Husband,White,Male,0,0,45,United-States,>50K,1,train,0.613,1,1,1
18,Private,194561,Some-college,10,Never-married,Other-service,Own-child,White,Male,0,0,37,United-States,<=50K,0,train,0.002,0,0,0
31,Private,184307,Some-college,10,Divorced,Craft-repair,Not-in-family,White,Male,0,0,40,United-States,<=50K,0,test,0.034,0,0,0
90,Private,47929,HS-grad,9,Married-civ-spouse,Machine-op-inspct,Husband,White,Male,0,0,40,United-States,<=50K,0,test,0.354,0,0,0
41,Private,142717,Some-college,10,Divorced,Tech-support,Unmarried,Black,Female,0,0,36,United-States,<=50K,0,test,0.051,0,0,0
54,Private,222882,HS-grad,9,Widowed,Exec-managerial,Unmarried,White,Female,0,0,45,United-States,<=50K,0,test,0.136,0,0,0
55,Local-gov,173296,Masters,14,Divorced,Prof-specialty,Unmarried,White,Female,0,0,45,United-States,<=50K,0,train,0.223,0,0,0
47,Local-gov,140644,Some-college,10,Married-civ-spouse,Protective-serv,Husband,White,Male,0,0,40,United-States,>50K,1,train,0.596,1,1,1
35,Private,159179,Some-college,10,Never-married,Sales,Not-in-family,White,Male,0,0,40,United-States,<=50K,0,train,0.031,0,0,0
47,Private,101299,HS-grad,9,Married-civ-spouse,Craft-repair,Husband,White,Male,0,0,40,United-States,<=50K,0,train,0.284,0,0,0
30,Private,224147,HS-grad,9,Never-married,Transport-moving,Own-child,Black,Male,0,0,40,United-States,<=50K,0,train,0.005,0,0,0
50,Private,128814,HS-grad,9,Divorced,Other-service,Unmarried,White,Female,0,0,25,United-States,<=50K,0,test,0.008,0,0,0
20,Private,218962,HS-grad,9,Never-married,Machine-op-inspct,Not-in-family,White,Male,0,0,40,United-States,<=50K,0,test,0.01,0,0,0
56,Private,104945,7th-8th,4,Married-civ-spouse,Other-service,Husband,Black,Male,0,0,40,United-States,<=50K,0,train,0.037,0,0,0
27,Private,193122,HS-grad,9,Married-civ-spouse,Machine-op-inspct,Husband,White,Male,0,0,40,United-States,<=50K,0,train,0.166,0,0,0
37,Private,298539,HS-grad,9,Married-civ-spouse,Exec-managerial,Husband,White,Male,0,1902,55,United-States,>50K,1,train,0.721,1,1,1
27,,174163,Some-college,10,Married-civ-spouse,,Wife,White,Female,0,0,40,United-States,>50K,1,train,0.331,0,1,0
60,Self-emp-not-inc,33717,11th,7,Married-civ-spouse,Farming-fishing,Husband,White,Male,0,0,50,United-States,<=50K,0,train,0.116,0,0,0
31,Private,502752,Bachelors,13,Married-civ-spouse,Adm-clerical,Wife,White,Female,0,0,40,United-States,>50K,1,train,0.516,1,1,1
18,Private,210311,HS-grad,9,Never-married,Sales,Own-child,White,Female,0,0,20,United-States,<=50K,0,train,0.004,0,0,0
53,Private,127117,HS-grad,9,Married-civ-spouse,Machine-op-inspct,Husband,White,Male,0,0,40,United-States,<=50K,0,train,0.232,0,0,0
27,,249463,Assoc-voc,11,Married-civ-spouse,,Husband,White,Male,0,0,20,United-States,<=50K,0,train,0.197,0,0,0
39,Private,456922,Bachelors,13,Divorced,Tech-support,Not-in-family,White,Male,0,0,40,United-States,<=50K,0,train,0.109,0,0,0
23,Private,143003,Masters,14,Married-civ-spouse,Prof-specialty,Husband,Asian-Pac-Islander,Male,0,1887,50,India,>50K,1,train,0.826,1,1,1
27,Self-emp-not-inc,153805,Some-college,10,Married-civ-spouse,Transport-moving,Other-relative,Other,Male,0,0,50,Ecuador,>50K,1,test,0.104,0,0,0
27,Private,184078,Assoc-voc,11,Divorced,Adm-clerical,Unmarried,White,Female,0,0,40,United-States,<=50K,0,train,0.039,0,0,0
44,Private,191814,Some-college,10,Married-civ-spouse,Craft-repair,Husband,White,Male,0,0,45,United-States,<=50K,0,train,0.371,0,0,0
30,Private,143766,HS-grad,9,Never-married,Other-service,Not-in-family,White,Male,0,0,30,United-States,<=50K,0,train,0.004,0,0,0
47,Private,217750,HS-grad,9,Married-civ-spouse,Other-service,Wife,White,Female,0,0,35,United-States,<=50K,0,train,0.129,0,0,0
40,Self-emp-not-inc,57233,Assoc-voc,11,Married-civ-spouse,Exec-managerial,Husband,White,Male,0,0,40,United-States,>50K,1,train,0.469,0,0,0
49,Self-emp-inc,431245,Some-college,10,Married-civ-spouse,Sales,Husband,White,Male,0,0,50,United-States,>50K,1,test,0.476,0,0,0
42,Local-gov,194417,Some-college,10,Married-civ-spouse,Protective-serv,Husband,White,Male,0,0,40,United-States,>50K,1,train,0.576,1,0,1
23,Private,161478,Some-college,10,Never-married,Sales,Own-child,Asian-Pac-Islander,Female,0,0,40,United-States,<=50K,0,train,0.011,0,0,0
65,,37170,7th-8th,4,Married-civ-spouse,,Husband,White,Male,0,0,20,United-States,<=50K,0,train,0.063,0,0,0
49,Private,402462,Bachelors,13,Married-spouse-absent,Transport-moving,Unmarried,White,Male,0,0,30,Columbia,<=50K,0,train,0.04,0,0,0
31,Private,160594,Assoc-acdm,12,Never-married,Prof-specialty,Own-child,White,Male,0,0,3,United-States,<=50K,0,train,0.009,0,0,0
59,Private,53481,Some-college,10,Married-civ-spouse,Sales,Husband,White,Male,0,0,50,United-States,<=50K,0,test,0.532,1,0,0
35,Local-gov,116960,Masters,14,Married-civ-spouse,Prof-specialty,Husband,White,Male,0,1887,40,United-States,>50K,1,train,0.769,1,1,1
55,Private,100054,10th,6,Never-married,Other-service,Not-in-family,White,Male,0,0,40,United-States,<=50K,0,test,0.004,0,0,0
44,Private,228057,7th-8th,4,Married-civ-spouse,Machine-op-inspct,Wife,White,Female,0,0,40,Dominican-Republic,<=50K,0,test,0.051,0,0,0
32,Private,173998,Some-college,10,Never-married,Adm-clerical,Not-in-family,White,Female,0,0,60,United-States,<=50K,0,train,0.039,0,0,0
68,Self-emp-not-inc,122094,HS-grad,9,Married-civ-spouse,Craft-repair,Husband,White,Male,0,0,15,United-States,<=50K,0,train,0.12,0,0,0
62,Self-emp-not-inc,26857,7th-8th,4,Widowed,Farming-fishing,Other-relative,White,Female,0,0,35,United-States,<=50K,0,train,0.005,0,0,0
52,,89951,12th,8,Married-civ-spouse,,Wife,Black,Female,0,0,40,United-States,>50K,1,test,0.301,0,1,0
22,Private,203894,Some-college,10,Never-married,Sales,Own-child,White,Female,0,0,15,United-States,<=50K,0,train,0.005,0,0,0
46,Private,45288,Bachelors,13,Never-married,Other-service,Not-in-family,White,Male,0,0,40,United-States,<=50K,0,train,0.022,0,0,0
46,Local-gov,140219,Masters,14,Divorced,Prof-specialty,Not-in-family,White,Female,8614,0,55,United-States,>50K,1,train,0.767,1,1,1
32,Private,206609,Bachelors,13,Married-civ-spouse,Exec-managerial,Husband,White,Male,0,0,60,United-States,>50K,1,train,0.821,1,1,1
29,Self-emp-not-inc,241431,HS-grad,9,Never-married,Craft-repair,Not-in-family,White,Male,0,0,45,United-States,<=50K,0,train,0.012,0,0,0
66,Private,115498,Bachelors,13,Married-civ-spouse,Exec-managerial,Husband,White,Male,99999,0,55,,>50K,1,train,1.0,1,1,1
26,Private,245880,HS-grad,9,Never-married,Other-service,Other-relative,White,Male,0,0,40,United-States,<=50K,0,train,0.007,0,0,0
26,Private,385278,HS-grad,9,Married-civ-spouse,Exec-managerial,Husband,Black,Male,0,0,60,United-States,<=50K,0,train,0.584,1,1,1
48,Private,109814,Prof-school,15,Married-civ-spouse,Prof-specialty,Husband,White,Male,0,1977,45,United-States,>50K,1,test,0.889,1,1,1
23,Local-gov,162551,Bachelors,13,Never-married,Prof-specialty,Own-child,Asian-Pac-Islander,Female,0,0,35,China,<=50K,0,test,0.006,0,0,0
47,Private,117849,Assoc-acdm,12,Divorced,Sales,Own-child,White,Male,0,0,44,United-States,<=50K,0,train,0.048,0,0,0
51,Self-emp-inc,213296,HS-grad,9,Married-civ-spouse,Other-service,Husband,White,Male,0,0,30,United-States,<=50K,0,test,0.085,0,0,0
49,Private,255466,Some-college,10,Divorced,Adm-clerical,Not-in-family,White,Female,0,0,60,United-States,<=50K,0,train,0.074,0,0,0
47,Private,160474,HS-grad,9,Married-civ-spouse,Exec-managerial,Wife,White,Female,0,0,30,United-States,>50K,1,train,0.49,0,1,1
31,Private,254304,10th,6,Divorced,Craft-repair,Not-in-family,White,Male,0,0,38,United-States,<=50K,0,train,0.011,0,0,0
24,Private,118657,12th,8,Married-civ-spouse,Machine-op-inspct,Husband,White,Male,0,0,40,United-States,<=50K,0,train,0.126,0,0,0
33,Local-gov,318921,HS-grad,9,Divorced,Transport-moving,Not-in-family,White,Female,0,0,35,United-States,<=50K,0,train,0.013,0,0,0
74,Self-emp-not-inc,199136,Bachelors,13,Widowed,Craft-repair,Not-in-family,White,Male,15831,0,8,Germany,>50K,1,test,0.718,1,1,1
44,Private,187821,Bachelors,13,Married-civ-spouse,Transport-moving,Husband,White,Male,0,0,55,United-States,<=50K,0,train,0.559,1,0,0
48,State-gov,224474,Some-college,10,Divorced,Exec-managerial,Not-in-family,White,Female,0,0,40,United-States,<=50K,0,test,0.064,0,0,0
44,Local-gov,150171,HS-grad,9,Divorced,Adm-clerical,Unmarried,White,Female,0,0,40,United-States,<=50K,0,train,0.025,0,0,0
61,Self-emp-not-inc,50483,7th-8th,4,Married-civ-spouse,Farming-fishing,Husband,White,Male,0,0,56,United-States,<=50K,0,test,0.067,0,0,0
51,Private,274502,7th-8th,4,Divorced,Machine-op-inspct,Not-in-family,White,Female,0,0,48,United-States,<=50K,0,train,0.009,0,0,0
25,Private,403788,HS-grad,9,Never-married,Craft-repair,Other-relative,Black,Male,0,0,40,United-States,<=50K,0,train,0.02,0,0,0
32,Private,34066,10th,6,Married-civ-spouse,Handlers-cleaners,Husband,Amer-Indian-Eskimo,Male,0,0,40,United-States,<=50K,0,train,0.146,0,0,0
22,Private,201490,HS-grad,9,Never-married,Adm-clerical,Own-child,White,Male,0,0,20,United-States,<=50K,0,train,0.003,0,0,0
