age,job,marital,education,default,balance,housing,loan,contact,day,month,campaign,pdays,previous,poutcome,deposit,label,age_group,split,score,predicted,predicted_reweighed,predicted_threshold
37,admin.,single,secondary,no,0,yes,no,,5,may,1,-1,0,,no,0,25-59,train,0.046,0,0,0
48,management,divorced,tertiary,no,-244,yes,no,,5,may,1,-1,0,,no,0,25-59,test,0.055,0,0,0
40,blue-collar,single,,no,24,yes,no,,5,may,1,-1,0,,no,0,25-59,train,0.011,0,0,0
46,services,married,primary,no,179,yes,no,,5,may,1,-1,0,,no,0,25-59,train,0.026,0,0,0
57,entrepreneur,divorced,secondary,no,-37,no,no,,5,may,1,-1,0,,no,0,25-59,test,0.083,0,0,0
36,management,married,tertiary,no,101,yes,yes,,5,may,1,-1,0,,no,0,25-59,train,0.018,0,0,0
52,blue-collar,married,primary,no,128,yes,no,,5,may,1,-1,0,,no,0,25-59,train,0.011,0,0,0
34,admin.,married,secondary,no,61,no,yes,,5,may,1,-1,0,,no,0,25-59,train,0.029,0,0,0
41,admin.,married,secondary,no,351,yes,no,,5,may,1,-1,0,,no,0,25-59,test,0.032,0,0,0
57,technician,married,primary,no,0,no,no,,5,may,1,-1,0,,no,0,25-59,train,0.028,0,0,0
41,services,married,secondary,no,0,yes,no,,5,may,2,-1,0,,no,0,25-59,train,0.027,0,0,0
60,retired,divorced,secondary,no,216,yes,no,,5,may,1,-1,0,,no,0,under 25 or 60+,train,0.065,0,0,0
44,services,married,secondary,no,1357,yes,yes,,5,may,1,-1,0,,no,0,25-59,train,0.018,0,0,0
54,services,married,secondary,no,214,yes,no,,5,may,2,-1,0,,no,0,25-59,train,0.027,0,0,0
57,retired,married,secondary,no,211,yes,no,,5,may,2,-1,0,,no,0,25-59,test,0.033,0,0,0
50,technician,married,secondary,no,1234,yes,no,,5,may,2,-1,0,,no,0,25-59,test,0.02,0,0,0
47,technician,married,tertiary,no,831,yes,no,,5,may,3,-1,0,,no,0,25-59,train,0.025,0,0,0
39,blue-collar,married,primary,no,-100,yes,no,,5,may,2,-1,0,,no,0,25-59,test,0.01,0,0,0
46,management,single,tertiary,no,187,yes,no,,5,may,2,-1,0,,no,0,25-59,test,0.042,0,0,0
33,management,married,tertiary,no,0,yes,no,,6,may,1,-1,0,,no,0,25-59,train,0.031,0,0,0
58,services,married,secondary,no,1667,yes,yes,,6,may,1,-1,0,,no,0,25-59,test,0.019,0,0,0
56,management,married,tertiary,no,830,yes,yes,,6,may,1,-1,0,,yes,1,25-59,train,0.019,0,0,0
46,blue-collar,married,secondary,no,1660,yes,no,,6,may,1,-1,0,,no,0,25-59,test,0.013,0,0,0
55,admin.,married,secondary,no,183,yes,no,,6,may,1,-1,0,,no,0,25-59,test,0.032,0,0,0
34,technician,married,secondary,no,367,yes,no,,6,may,1,-1,0,,no,0,25-59,test,0.021,0,0,0
30,services,single,secondary,no,209,yes,no,,6,may,2,-1,0,,no,0,25-59,train,0.041,0,0,0
55,unemployed,divorced,secondary,no,387,yes,no,,6,may,1,-1,0,,yes,1,25-59,test,0.066,0,0,0
44,blue-collar,married,primary,no,213,no,no,,6,may,1,-1,0,,no,0,25-59,train,0.018,0,0,0
45,blue-collar,married,primary,no,-66,yes,no,,6,may,2,-1,0,,no,0,25-59,train,0.01,0,0,0
30,student,single,tertiary,no,34,yes,no,,6,may,1,-1,0,,no,0,25-59,test,0.087,0,0,0
47,technician,married,secondary,no,19,yes,no,,6,may,2,-1,0,,no,0,25-59,train,0.019,0,0,0
51,blue-collar,married,secondary,no,50,yes,yes,,6,may,1,-1,0,,no,0,25-59,train,0.007,0,0,0
48,management,divorced,tertiary,no,1328,yes,no,,6,may,1,-1,0,,no,0,25-59,train,0.061,0,0,0
40,blue-collar,married,primary,no,-322,yes,yes,,6,may,1,-1,0,,no,0,25-59,train,0.006,0,0,0
29,admin.,married,secondary,no,182,yes,yes,,6,may,1,-1,0,,no,0,25-59,train,0.019,0,0,0
40,blue-collar,married,primary,no,-7,yes,no,,6,may,2,-1,0,,no,0,25-59,train,0.01,0,0,0
56,self-employed,married,,no,7,no,no,,6,may,2,-1,0,,no,0,25-59,train,0.015,0,0,0
42,technician,married,tertiary,no,239,yes,yes,,6,may,3,-1,0,,no,0,25-59,test,0.014,0,0,0
42,services,married,secondary,no,0,yes,no,,7,may,3,-1,0,,no,0,25-59,test,0.026,0,0,0
29,unemployed,married,tertiary,no,8,yes,no,,7,may,1,-1,0,,no,0,25-59,train,0.051,0,0,0
53,services,divorced,primary,no,-291,yes,yes,,7,may,1,-1,0,,yes,1,25-59,train,0.029,0,0,0
41,technician,married,secondary,no,169,yes,no,,7,may,2,-1,0,,no,0,25-59,test,0.019,0,0,0
35,technician,single,secondary,no,1855,yes,no,,7,may,1,-1,0,,no,0,25-59,train,0.034,0,0,0
48,services,divorced,secondary,no,852,yes,yes,,7,may,1,-1,0,,no,0,25-59,train,0.034,0,0,0
52,blue-collar,married,tertiary,no,297,yes,no,,7,may,1,-1,0,,no,0,25-59,test,0.018,0,0,0
44,blue-collar,divorced,secondary,no,558,yes,no,,7,may,1,-1,0,,no,0,25-59,train,0.024,0,0,0
39,blue-collar,married,secondary,no,356,yes,yes,,7,may,1,-1,0,,no,0,25-59,train,0.007,0,0,0
39,blue-collar,married,primary,no,867,yes,no,,7,may,1,-1,0,,no,0,25-59,train,0.012,0,0,0
23,management,single,tertiary,no,2605,yes,no,,7,may,6,-1,0,,no,0,under 25 or 60+,test,0.036,0,0,0
27,student,single,secondary,no,671,yes,no,,7,may,2,-1,0,,no,0,25-59,train,0.06,0,0,0
39,management,single,,no,2887,yes,no,,7,may,2,-1,0,,no,0,25-59,train,0.023,0,0,0
34,blue-collar,married,secondary,no,615,yes,no,,7,may,2,-1,0,,no,0,25-59,test,0.012,0,0,0
43,technician,married,primary,no,117,yes,no,,7,may,2,-1,0,,no,0,25-59,train,0.017,0,0,0
42,blue-collar,married,primary,no,223,yes,no,,7,may,3,-1,0,,no,0,25-59,train,0.01,0,0,0
54,technician,divorced,secondary,no,1904,yes,yes,,7,may,3,-1,0,,no,0,25-59,train,0.021,0,0,0
28,admin.,single,secondary,no,260,yes,no,,7,may,2,-1,0,,no,0,25-59,test,0.045,0,0,0
30,admin.,single,secondary,no,387,yes,no,,8,may,1,-1,0,,no,0,25-59,train,0.05,0,0,0
33,admin.,divorced,secondary,no,1128,yes,no,,8,may,2,-1,0,,no,0,25-59,train,0.06,0,0,0
34,entrepreneur,married,tertiary,no,10350,yes,no,,8,may,3,-1,0,,no,0,25-59,test,0.063,0,0,0
34,management,married,tertiary,no,0,yes,no,,8,may,2,-1,0,,no,0,25-59,train,0.03,0,0,0
26,blue-collar,married,secondary,no,2770,yes,no,,8,may,1,-1,0,,no,0,25-59,train,0.015,0,0,0
30,management,single,tertiary,no,5956,yes,no,,8,may,1,-1,0,,no,0,25-59,train,0.064,0,0,0
38,management,married,tertiary,no,66,yes,no,,8,may,1,-1,0,,no,0,25-59,train,0.032,0,0,0
54,services,married,secondary,no,841,yes,no,,8,may,4,-1,0,,no,0,25-59,train,0.025,0,0,0
44,blue-collar,single,secondary,no,36,yes,no,,8,may,1,-1,0,,no,0,25-59,train,0.019,0,0,0
32,admin.,married,secondary,no,514,yes,no,,8,may,1,-1,0,,no,0,25-59,train,0.034,0,0,0
27,student,single,secondary,no,217,yes,no,,8,may,1,-1,0,,no,0,25-59,train,0.065,0,0,0
34,services,married,secondary,no,142,yes,no,,8,may,4,-1,0,,no,0,25-59,train,0.024,0,0,0
59,retired,divorced,tertiary,no,381,yes,no,,8,may,4,-1,0,,no,0,25-59,train,0.078,0,0,0
48,technician,divorced,tertiary,no,574,yes,no,,8,may,2,-1,0,,no,0,25-59,test,0.053,0,0,0
43,management,divorced,tertiary,no,0,yes,no,,8,may,2,-1,0,,no,0,25-59,train,0.055,0,0,0
44,blue-collar,married,secondary,no,138,yes,no,,8,may,3,-1,0,,no,0,25-59,train,0.011,0,0,0
29,blue-collar,single,secondary,no,-138,yes,yes,,8,may,5,-1,0,,no,0,25-59,train,0.008,0,0,0
43,blue-collar,married,secondary,no,1376,yes,no,,8,may,4,-1,0,,no,0,25-59,train,0.011,0,0,0
29,services,single,secondary,no,473,yes,yes,,9,may,2,-1,0,,no,0,25-59,train,0.025,0,0,0
53,entrepreneur,married,secondary,no,-118,yes,no,,9,may,3,-1,0,,no,0,25-59,train,0.026,0,0,0
35,blue-collar,married,secondary,no,503,yes,yes,,9,may,2,-1,0,,no,0,25-59,train,0.007,0,0,0
43,blue-collar,divorced,primary,no,49,yes,no,,9,may,1,-1,0,,no,0,25-59,train,0.022,0,0,0
46,technician,divorced,tertiary,no,288,yes,no,,9,may,1,-1,0,,no,0,25-59,train,0.058,0,0,0
34,blue-collar,married,secondary,no,286,yes,no,,9,may,2,-1,0,,no,0,25-59,train,0.012,0,0,0
38,technician,married,secondary,no,32,yes,no,,9,may,1,-1,0,,no,0,25-59,train,0.022,0,0,0
40,retired,married,tertiary,no,794,no,no,,9,may,1,-1,0,,no,0,25-59,train,0.087,0,0,0
31,unemployed,single,tertiary,no,133,yes,no,,9,may,2,-1,0,,no,0,25-59,train,0.072,0,0,0
27,services,single,secondary,no,4,yes,yes,,9,may,1,-1,0,,no,0,25-59,train,0.027,0,0,0
32,admin.,single,secondary,no,-227,yes,yes,,9,may,1,-1,0,,no,0,25-59,train,0.029,0,0,0
42,blue-collar,married,primary,no,479,yes,no,,9,may,2,-1,0,,no,0,25-59,train,0.011,0,0,0
55,blue-collar,married,primary,no,1373,no,no,,9,may,2,-1,0,,no,0,25-59,train,0.019,0,0,0
58,retired,divorced,primary,no,47,yes,no,,9,may,1,-1,0,,no,0,25-59,train,0.062,0,0,0
29,technician,single,tertiary,no,433,yes,no,,9,may,1,-1,0,,no,0,25-59,train,0.046,0,0,0
55,technician,married,secondary,no,2313,yes,no,,9,may,2,-1,0,,no,0,25-59,train,0.022,0,0,0
35,management,single,tertiary,no,-202,yes,no,,9,may,2,-1,0,,no,0,25-59,train,0.044,0,0,0
32,management,single,tertiary,no,4,yes,no,,9,may,2,-1,0,,no,0,25-59,train,0.045,0,0,0
39,entrepreneur,married,tertiary,no,338,yes,no,,9,may,4,-1,0,,no,0,25-59,test,0.035,0,0,0
30,technician,single,tertiary,no,255,yes,no,,9,may,2,-1,0,,no,0,25-59,train,0.042,0,0,0
24,student,single,secondary,no,304,no,no,,9,may,3,-1,0,,no,0,under 25 or 60+,test,0.089,0,0,0
49,blue-collar,married,primary,no,1387,yes,yes,,9,may,2,-1,0,,no,0,25-59,train,0.007,0,0,0
34,blue-collar,married,secondary,no,6411,yes,yes,,9,may,2,-1,0,,no,0,25-59,train,0.01,0,0,0
34,admin.,divorced,primary,no,9569,yes,no,,9,may,2,-1,0,,no,0,25-59,test,0.084,0,0,0
39,unemployed,divorced,secondary,no,507,yes,no,,12,may,7,-1,0,,no,0,25-59,train,0.047,0,0,0
56,blue-collar,divorced,secondary,no,75,yes,no,,12,may,2,-1,0,,no,0,25-59,test,0.024,0,0,0
39,blue-collar,single,primary,no,446,yes,no,,12,may,1,-1,0,,no,0,25-59,train,0.019,0,0,0
45,blue-collar,married,secondary,no,431,yes,no,,12,may,1,-1,0,,no,0,25-59,test,0.014,0,0,0
43,blue-collar,married,secondary,no,-63,yes,no,,12,may,4,-1,0,,no,0,25-59,train,0.011,0,0,0
41,blue-collar,married,primary,no,1052,yes,yes,,12,may,1,-1,0,,no,0,25-59,train,0.007,0,0,0
50,admin.,single,secondary,no,424,yes,no,,12,may,2,-1,0,,no,0,25-59,test,0.05,0,0,0
53,admin.,married,secondary,no,465,no,yes,,12,may,3,-1,0,,no,0,25-59,train,0.029,0,0,0
28,technician,married,secondary,no,487,yes,no,,13,may,4,-1,0,,no,0,25-59,train,0.019,0,0,0
37,blue-collar,married,secondary,no,166,yes,no,,13,may,3,-1,0,,no,0,25-59,train,0.012,0,0,0
44,blue-collar,married,primary,no,353,yes,no,,13,may,1,-1,0,,no,0,25-59,train,0.013,0,0,0
23,blue-collar,single,primary,no,2594,yes,no,,13,may,1,-1,0,,no,0,under 25 or 60+,test,0.021,0,0,0
25,blue-collar,single,secondary,no,-250,yes,no,,13,may,1,-1,0,,no,0,25-59,test,0.021,0,0,0
57,technician,married,secondary,no,0,no,no,,13,may,1,-1,0,,no,0,25-59,train,0.037,0,0,0
34,blue-collar,married,secondary,no,-185,yes,yes,,13,may,1,-1,0,,no,0,25-59,train,0.008,0,0,0
46,blue-collar,married,secondary,no,2485,yes,no,,13,may,4,-1,0,,no,0,25-59,train,0.013,0,0,0
59,retired,married,secondary,no,2376,no,no,,13,may,1,-1,0,,no,0,25-59,train,0.072,0,0,0
52,admin.,divorced,secondary,no,131,yes,yes,,13,may,1,-1,0,,no,0,25-59,train,0.04,0,0,0
49,entrepreneur,married,primary,no,199,no,no,,13,may,2,-1,0,,no,0,25-59,train,0.044,0,0,0
44,admin.,single,,no,3,yes,no,,13,may,1,-1,0,,no,0,25-59,train,0.035,0,0,0
28,technician,single,secondary,no,26765,no,no,,13,may,8,-1,0,,no,0,25-59,train,0.121,0,0,0
54,services,married,secondary,no,88,yes,no,,13,may,1,-1,0,,no,0,25-59,test,0.034,0,0,0
25,technician,single,tertiary,no,800,yes,no,,13,may,4,-1,0,,no,0,25-59,train,0.04,0,0,0
37,technician,married,secondary,no,511,yes,no,,13,may,4,-1,0,,no,0,25-59,train,0.019,0,0,0
55,retired,married,secondary,no,493,yes,no,,13,may,7,-1,0,,no,0,25-59,train,0.026,0,0,0
48,management,married,primary,no,247,yes,yes,,14,may,1,-1,0,,no,0,25-59,test,0.013,0,0,0
34,technician,single,secondary,no,302,yes,no,,14,may,1,-1,0,,no,0,25-59,train,0.035,0,0,0
44,services,single,secondary,no,0,yes,no,,14,may,1,-1,0,,no,0,25-59,train,0.051,0,0,0
47,management,married,primary,no,4151,yes,no,,14,may,1,-1,0,,no,0,25-59,test,0.028,0,0,0
52,services,married,secondary,no,2257,yes,no,,14,may,1,-1,0,,no,0,25-59,train,0.039,0,0,0
44,blue-collar,married,secondary,no,1944,yes,no,,14,may,5,-1,0,,no,0,25-59,test,0.012,0,0,0
42,blue-collar,married,primary,no,329,yes,no,,14,may,4,-1,0,,no,0,25-59,test,0.01,0,0,0
42,services,married,secondary,no,737,yes,no,,14,may,2,-1,0,,no,0,25-59,train,0.033,0,0,0
37,admin.,married,secondary,no,766,yes,no,,14,may,1,-1,0,,no,0,25-59,train,0.039,0,0,0
58,blue-collar,married,primary,no,1406,yes,no,,14,may,3,-1,0,,no,0,25-59,train,0.012,0,0,0
42,blue-collar,married,primary,no,1288,yes,no,,14,may,1,-1,0,,no,0,25-59,train,0.014,0,0,0
60,retired,married,secondary,no,2077,yes,no,,14,may,1,-1,0,,no,0,under 25 or 60+,train,0.046,0,0,0
47,blue-collar,married,secondary,no,3630,yes,no,,14,may,4,-1,0,,no,0,25-59,test,0.014,0,0,0
36,blue-collar,married,secondary,no,0,no,no,,14,may,6,-1,0,,no,0,25-59,train,0.015,0,0,0
41,blue-collar,divorced,secondary,no,5291,yes,no,,14,may,3,-1,0,,yes,1,25-59,train,0.03,0,0,0
42,technician,single,tertiary,no,2157,yes,yes,,15,may,1,-1,0,,no,0,25-59,train,0.033,0,0,0
42,technician,single,secondary,no,1882,yes,no,,15,may,1,-1,0,,no,0,25-59,test,0.039,0,0,0
41,blue-collar,married,primary,no,1172,yes,no,,15,may,1,-1,0,,no,0,25-59,train,0.014,0,0,0
47,management,married,primary,no,52,yes,yes,,15,may,1,-1,0,,no,0,25-59,train,0.013,0,0,0
39,entrepreneur,married,secondary,no,0,yes,no,,15,may,10,-1,0,,no,0,25-59,train,0.017,0,0,0
26,blue-collar,married,secondary,no,800,yes,no,,15,may,1,-1,0,,no,0,25-59,test,0.015,0,0,0
40,blue-collar,married,primary,no,1061,yes,no,,15,may,4,-1,0,,no,0,25-59,train,0.011,0,0,0
57,services,married,primary,no,3990,yes,no,,15,may,2,-1,0,,no,0,25-59,train,0.036,0,0,0
41,services,single,secondary,no,323,yes,no,,15,may,6,-1,0,,no,0,25-59,train,0.036,0,0,0
44,management,married,secondary,no,38,yes,no,,15,may,2,-1,0,,no,0,25-59,train,0.024,0,0,0
41,services,married,secondary,no,714,yes,yes,,15,may,5,-1,0,,no,0,25-59,train,0.015,0,0,0
46,blue-collar,married,primary,no,1114,yes,no,,15,may,3,-1,0,,no,0,25-59,train,0.012,0,0,0
33,blue-collar,single,primary,no,279,yes,no,,15,may,1,-1,0,,no,0,25-59,train,0.02,0,0,0
27,services,married,secondary,no,94,yes,no,,15,may,2,-1,0,,no,0,25-59,train,0.033,0,0,0
56,housemaid,divorced,secondary,no,0,no,no,,15,may,1,-1,0,,no,0,25-59,test,0.074,0,0,0
44,technician,married,secondary,no,185,yes,no,,15,may,2,-1,0,,no,0,25-59,train,0.022,0,0,0
51,blue-collar,married,secondary,no,701,yes,no,,15,may,3,-1,0,,no,0,25-59,train,0.013,0,0,0
53,services,married,secondary,no,2925,yes,no,,15,may,4,-1,0,,no,0,25-59,test,0.032,0,0,0
53,admin.,married,secondary,no,1739,yes,no,,15,may,3,-1,0,,no,0,25-59,train,0.035,0,0,0
27,technician,married,secondary,no,7,yes,no,,15,may,2,-1,0,,no,0,25-59,train,0.022,0,0,0
52,blue-collar,married,primary,no,238,yes,no,,15,may,5,-1,0,,no,0,25-59,test,0.01,0,0,0
52,services,married,secondary,no,108,yes,no,,15,may,12,-1,0,,no,0,25-59,test,0.015,0,0,0
39,technician,married,,no,880,yes,no,,16,may,1,-1,0,,no,0,25-59,test,0.016,0,0,0
31,housemaid,single,secondary,no,1301,yes,no,,16,may,15,-1,0,,no,0,25-59,test,0.014,0,0,0
57,management,married,tertiary,no,3431,yes,no,,16,may,1,-1,0,,no,0,25-59,test,0.045,0,0,0
32,management,single,tertiary,no,0,no,no,,16,may,1,-1,0,,no,0,25-59,test,0.086,0,0,0
49,technician,married,secondary,no,1269,yes,no,,16,may,2,-1,0,,no,0,25-59,train,0.024,0,0,0
50,entrepreneur,married,secondary,no,556,yes,no,,16,may,2,-1,0,,no,0,25-59,train,0.034,0,0,0
45,blue-collar,married,secondary,no,-1400,yes,no,,16,may,4,-1,0,,no,0,25-59,test,0.011,0,0,0
27,technician,single,secondary,no,1742,yes,no,,16,may,1,-1,0,,yes,1,25-59,train,0.04,0,0,0
30,self-employed,single,secondary,no,299,yes,no,,16,may,17,-1,0,,no,0,25-59,train,0.008,0,0,0
26,blue-collar,single,secondary,no,65,no,no,,16,may,3,-1,0,,no,0,25-59,test,0.03,0,0,0
52,technician,married,secondary,no,420,no,no,,16,may,4,-1,0,,no,0,25-59,test,0.032,0,0,0
32,entrepreneur,single,tertiary,no,1,yes,yes,,16,may,2,-1,0,,no,0,25-59,test,0.04,0,0,0
46,technician,married,secondary,no,4956,yes,no,,16,may,1,-1,0,,no,0,25-59,train,0.032,0,0,0
60,management,married,tertiary,no,36,yes,no,,16,may,3,-1,0,,no,0,under 25 or 60+,train,0.032,0,0,0
27,services,single,secondary,no,194,yes,no,,16,may,1,-1,0,,no,0,25-59,train,0.053,0,0,0
33,technician,married,secondary,no,153,yes,no,,16,may,2,-1,0,,no,0,25-59,train,0.023,0,0,0
25,admin.,single,secondary,no,304,no,no,,16,may,3,-1,0,,no,0,25-59,train,0.077,0,0,0
46,technician,married,tertiary,no,2207,yes,no,,16,may,3,-1,0,,no,0,25-59,test,0.034,0,0,0
44,technician,divorced,secondary,no,399,yes,no,,16,may,9,-1,0,,no,0,25-59,train,0.025,0,0,0
53,technician,divorced,secondary,no,751,yes,no,,16,may,4,-1,0,,no,0,25-59,train,0.037,0,0,0
31,management,single,tertiary,no,548,yes,no,,16,may,4,-1,0,,no,0,25-59,train,0.045,0,0,0
27,admin.,single,secondary,no,276,yes,no,,19,may,2,-1,0,,no,0,25-59,train,0.056,0,0,0
38,services,married,secondary,no,497,yes,yes,,19,may,5,-1,0,,no,0,25-59,train,0.016,0,0,0
54,blue-collar,divorced,primary,no,8180,no,no,,19,may,1,-1,0,,no,0,25-59,train,0.064,0,0,0
43,services,married,secondary,no,384,yes,yes,,19,may,3,-1,0,,no,0,25-59,train,0.019,0,0,0
49,technician,married,secondary,no,4667,yes,no,,19,may,2,-1,0,,no,0,25-59,train,0.031,0,0,0
25,blue-collar,single,secondary,no,815,yes,no,,19,may,6,-1,0,,no,0,25-59,train,0.016,0,0,0
46,blue-collar,single,primary,no,2851,yes,no,,19,may,2,-1,0,,no,0,25-59,train,0.022,0,0,0
32,blue-collar,married,primary,no,1076,yes,no,,19,may,1,-1,0,,no,0,25-59,train,0.015,0,0,0
26,blue-collar,married,secondary,no,484,yes,no,,19,may,2,-1,0,,no,0,25-59,train,0.015,0,0,0
42,management,married,tertiary,no,365,yes,no,,19,may,2,-1,0,,no,0,25-59,train,0.037,0,0,0
22,blue-collar,single,secondary,no,0,yes,no,,19,may,1,-1,0,,no,0,under 25 or 60+,train,0.023,0,0,0
49,management,single,tertiary,no,354,yes,no,,19,may,3,-1,0,,no,0,25-59,test,0.051,0,0,0
44,blue-collar,married,secondary,no,1087,yes,no,,19,may,2,-1,0,,no,0,25-59,train,0.015,0,0,0
55,blue-collar,married,secondary,no,212,yes,no,,19,may,2,-1,0,,no,0,25-59,train,0.015,0,0,0
44,technician,married,primary,no,177,yes,no,,19,may,4,-1,0,,no,0,25-59,train,0.018,0,0,0
28,student,single,secondary,no,154,yes,no,,20,may,9,-1,0,,no,0,25-59,train,0.043,0,0,0
30,blue-collar,married,secondary,no,9,yes,no,,20,may,1,-1,0,,no,0,25-59,train,0.016,0,0,0
34,blue-collar,married,secondary,no,4622,yes,yes,,20,may,1,-1,0,,no,0,25-59,test,0.012,0,0,0
38,blue-collar,married,secondary,no,0,yes,no,,20,may,1,-1,0,,no,0,25-59,test,0.016,0,0,0
36,technician,divorced,secondary,no,409,yes,no,,20,may,1,-1,0,,no,0,25-59,train,0.05,0,0,0
33,admin.,married,secondary,no,2,yes,no,,20,may,1,-1,0,,no,0,25-59,test,0.042,0,0,0
30,self-employed,single,secondary,no,4011,yes,no,,20,may,1,-1,0,,no,0,25-59,test,0.037,0,0,0
33,blue-collar,married,secondary,no,-53,yes,no,,20,may,1,-1,0,,no,0,25-59,train,0.016,0,0,0
36,technician,divorced,secondary,no,566,yes,no,,20,may,2,-1,0,,no,0,25-59,train,0.047,0,0,0
54,housemaid,married,secondary,no,167,yes,no,,20,may,7,-1,0,,no,0,25-59,train,0.018,0,0,0
38,services,married,secondary,yes,-242,yes,yes,,20,may,2,-1,0,,no,0,25-59,train,0.014,0,0,0
34,services,divorced,secondary,no,0,yes,yes,,20,may,1,-1,0,,no,0,25-59,train,0.042,0,0,0
37,blue-collar,divorced,secondary,no,614,yes,no,,20,may,1,-1,0,,no,0,25-59,train,0.031,0,0,0
39,services,married,secondary,no,1438,yes,no,,20,may,2,-1,0,,no,0,25-59,test,0.038,0,0,0
57,housemaid,divorced,primary,no,231,yes,no,,20,may,14,-1,0,,no,0,25-59,train,0.017,0,0,0
36,technician,single,tertiary,no,162,yes,no,,20,may,2,-1,0,,no,0,25-59,train,0.052,0,0,0
34,management,single,tertiary,no,1040,yes,no,,20,may,2,-1,0,,no,0,25-59,test,0.058,0,0,0
38,blue-collar,married,primary,no,0,yes,yes,,20,may,2,-1,0,,no,0,25-59,test,0.008,0,0,0
26,blue-collar,single,secondary,no,972,yes,no,,20,may,10,-1,0,,no,0,25-59,test,0.012,0,0,0
54,retired,divorced,tertiary,no,6102,yes,yes,,21,may,6,-1,0,,no,0,25-59,train,0.067,0,0,0
31,services,married,secondary,no,289,yes,no,,21,may,2,-1,0,,no,0,25-59,train,0.037,0,0,0
34,services,single,secondary,no,1701,yes,no,,21,may,1,-1,0,,no,0,25-59,test,0.063,0,0,0
34,management,divorced,tertiary,no,5754,yes,no,,21,may,1,-1,0,,no,0,25-59,test,0.1,0,0,0
35,entrepreneur,single,tertiary,no,-15,yes,no,,21,may,3,-1,0,,no,0,25-59,test,0.069,0,0,0
35,technician,divorced,secondary,no,0,no,no,,21,may,1,-1,0,,no,0,25-59,train,0.078,0,0,0
33,blue-collar,single,secondary,no,2764,yes,no,,21,may,1,-1,0,,no,0,25-59,train,0.028,0,0,0
39,blue-collar,divorced,,no,528,yes,no,,21,may,5,-1,0,,no,0,25-59,train,0.015,0,0,0
34,blue-collar,married,secondary,no,528,yes,no,,21,may,1,-1,0,,no,0,25-59,train,0.017,0,0,0
36,admin.,single,secondary,no,98,yes,no,,21,may,1,-1,0,,no,0,25-59,train,0.062,0,0,0
31,management,married,tertiary,no,1343,yes,yes,,21,may,1,-1,0,,no,0,25-59,train,0.026,0,0,0
33,blue-collar,single,primary,no,599,yes,no,,21,may,1,-1,0,,no,0,25-59,train,0.022,0,0,0
35,technician,single,tertiary,no,1362,yes,no,,21,may,1,-1,0,,no,0,25-59,train,0.06,0,0,0
30,blue-collar,single,primary,no,546,yes,no,,21,may,1,-1,0,,no,0,25-59,test,0.022,0,0,0
48,technician,divorced,tertiary,no,-136,yes,no,,21,may,12,-1,0,,no,0,25-59,test,0.03,0,0,0
31,services,married,secondary,no,525,yes,yes,,21,may,1,-1,0,,no,0,25-59,train,0.023,0,0,0
32,blue-collar,single,secondary,no,1067,yes,no,,21,may,2,-1,0,,no,0,25-59,test,0.024,0,0,0
34,management,married,tertiary,no,0,yes,no,,21,may,2,-1,0,,no,0,25-59,train,0.038,0,0,0
34,retired,married,primary,no,4499,no,no,,21,may,1,-1,0,,yes,1,25-59,test,0.083,0,0,0
35,blue-collar,married,primary,no,3468,yes,no,,21,may,3,-1,0,,no,0,25-59,train,0.015,0,0,0
35,blue-collar,married,primary,no,453,yes,no,,21,may,2,-1,0,,no,0,25-59,train,0.014,0,0,0
30,services,single,secondary,no,-838,yes,no,,21,may,2,-1,0,,no,0,25-59,train,0.051,0,0,0
33,blue-collar,single,primary,no,1390,yes,no,,21,may,1,-1,0,,no,0,25-59,train,0.023,0,0,0
36,blue-collar,single,primary,no,20,yes,no,,21,may,14,-1,0,,no,0,25-59,test,0.008,0,0,0
32,blue-collar,married,secondary,no,920,yes,no,,21,may,2,-1,0,,no,0,25-59,train,0.016,0,0,0
32,blue-collar,married,secondary,no,43,yes,no,,21,may,2,-1,0,,no,0,25-59,train,0.015,0,0,0
33,admin.,married,secondary,no,1499,yes,no,,21,may,2,-1,0,,no,0,25-59,train,0.042,0,0,0
32,management,married,tertiary,no,3696,no,no,,21,may,3,-1,0,,no,0,25-59,test,0.067,0,0,0
36,management,married,tertiary,no,8564,yes,no,,23,may,1,-1,0,,no,0,25-59,test,0.066,0,0,0
33,management,married,tertiary,no,17946,yes,no,,23,may,1,-1,0,,no,0,25-59,train,0.105,0,0,0
33,blue-collar,married,secondary,no,524,yes,no,,23,may,2,-1,0,,no,0,25-59,train,0.016,0,0,0
50,technician,married,tertiary,no,247,no,no,,23,may,1,-1,0,,no,0,25-59,train,0.064,0,0,0
32,self-employed,married,primary,no,-6,no,no,,23,may,2,-1,0,,no,0,25-59,train,0.029,0,0,0
28,blue-collar,single,secondary,no,56,yes,no,,23,may,1,-1,0,,no,0,25-59,train,0.025,0,0,0
24,services,married,secondary,yes,110,yes,no,,23,may,1,-1,0,,no,0,under 25 or 60+,train,0.028,0,0,0
29,admin.,single,secondary,no,468,yes,yes,,23,may,1,-1,0,,no,0,25-59,train,0.039,0,0,0
33,services,divorced,secondary,yes,339,yes,no,,23,may,4,-1,0,,no,0,25-59,train,0.042,0,0,0
48,technician,married,secondary,no,3142,no,no,,23,may,1,-1,0,,no,0,25-59,train,0.052,0,0,0
30,services,married,tertiary,no,523,yes,no,,23,may,2,-1,0,,no,0,25-59,train,0.055,0,0,0
35,management,married,tertiary,no,341,yes,no,,23,may,2,-1,0,,no,0,25-59,train,0.04,0,0,0
31,entrepreneur,single,tertiary,no,150,yes,no,,23,may,2,-1,0,,no,0,25-59,test,0.077,0,0,0
40,services,married,secondary,no,-212,yes,yes,,23,may,1,-1,0,,no,0,25-59,train,0.023,0,0,0
43,admin.,single,secondary,no,-495,yes,yes,,23,may,1,-1,0,,no,0,25-59,train,0.037,0,0,0
54,blue-collar,married,secondary,no,-630,no,no,,23,may,1,-1,0,,no,0,25-59,train,0.026,0,0,0
39,technician,married,secondary,no,3643,yes,no,,23,may,3,-1,0,,no,0,25-59,test,0.029,0,0,0
35,management,divorced,tertiary,no,178,yes,no,,23,may,2,-1,0,,no,0,25-59,test,0.073,0,0,0
36,blue-collar,married,primary,no,111,yes,no,,23,may,3,-1,0,,no,0,25-59,train,0.013,0,0,0
33,blue-collar,married,secondary,yes,2,no,no,,23,may,4,-1,0,,no,0,25-59,train,0.015,0,0,0
40,technician,married,secondary,no,5517,yes,no,,23,may,13,-1,0,,no,0,25-59,train,0.014,0,0,0
46,blue-collar,married,secondary,no,4707,yes,no,,23,may,8,-1,0,,no,0,25-59,train,0.013,0,0,0
27,admin.,married,secondary,no,3,yes,no,,23,may,5,-1,0,,no,0,25-59,train,0.032,0,0,0
34,student,married,tertiary,no,387,yes,no,,26,may,3,-1,0,,no,0,25-59,test,0.075,0,0,0
30,management,single,tertiary,no,2317,yes,no,,26,may,5,-1,0,,no,0,25-59,test,0.055,0,0,0
52,admin.,divorced,secondary,no,0,yes,no,,26,may,1,-1,0,,no,0,25-59,train,0.085,0,0,0
44,technician,married,primary,no,-1379,yes,yes,,26,may,1,-1,0,,no,0,25-59,train,0.014,0,0,0
50,services,married,secondary,no,683,yes,yes,,26,may,3,-1,0,,no,0,25-59,train,0.022,0,0,0
46,admin.,divorced,secondary,no,-454,yes,no,,26,may,1,-1,0,,no,0,25-59,test,0.083,0,0,0
29,admin.,married,secondary,no,494,yes,no,,26,may,2,-1,0,,no,0,25-59,train,0.044,0,0,0
51,blue-collar,married,primary,no,21,no,no,,26,may,1,-1,0,,no,0,25-59,train,0.026,0,0,0
39,blue-collar,married,primary,no,519,yes,yes,,26,may,1,-1,0,,no,0,25-59,train,0.009,0,0,0
26,technician,single,secondary,no,1256,no,no,,26,may,1,-1,0,,no,0,25-59,train,0.073,0,0,0
54,management,divorced,secondary,no,-415,yes,no,,26,may,2,-1,0,,no,0,25-59,test,0.053,0,0,0
45,blue-collar,divorced,secondary,no,77,yes,no,,26,may,3,-1,0,,no,0,25-59,test,0.029,0,0,0
35,technician,single,secondary,no,-158,no,no,,26,may,2,-1,0,,no,0,25-59,train,0.063,0,0,0
54,technician,married,tertiary,no,-800,yes,no,,26,may,2,-1,0,,no,0,25-59,train,0.037,0,0,0
38,unemployed,married,tertiary,no,1449,no,no,,26,may,6,-1,0,,no,0,25-59,train,0.083,0,0,0
27,admin.,married,secondary,no,953,yes,no,,26,may,2,-1,0,,no,0,25-59,train,0.045,0,0,0
32,blue-collar,married,primary,no,5151,yes,yes,,26,may,4,-1,0,,no,0,25-59,test,0.01,0,0,0
45,blue-collar,married,secondary,no,-376,yes,no,,26,may,4,-1,0,,no,0,25-59,test,0.014,0,0,0
31,blue-collar,single,secondary,no,823,no,no,,26,may,3,-1,0,,no,0,25-59,train,0.038,0,0,0
32,blue-collar,married,primary,no,4,yes,no,,26,may,5,-1,0,,no,0,25-59,train,0.012,0,0,0
40,blue-collar,single,secondary,no,0,yes,no,,27,may,4,-1,0,,no,0,25-59,train,0.022,0,0,0
43,admin.,married,secondary,no,429,yes,no,,27,may,4,-1,0,,no,0,25-59,train,0.038,0,0,0
37,blue-collar,married,secondary,no,132,no,no,,27,may,2,-1,0,,no,0,25-59,train,0.027,0,0,0
52,admin.,married,secondary,no,876,no,no,,27,may,3,-1,0,,no,0,25-59,train,0.067,0,0,0
32,admin.,married,secondary,no,-458,no,no,,27,may,1,-1,0,,no,0,25-59,test,0.073,0,0,0
36,services,divorced,secondary,no,-330,yes,yes,,27,may,2,-1,0,,no,0,25-59,train,0.043,0,0,0
26,admin.,married,secondary,no,1641,yes,no,,27,may,1,-1,0,,no,0,25-59,train,0.051,0,0,0
31,services,married,secondary,no,-641,yes,yes,,27,may,2,-1,0,,no,0,25-59,test,0.023,0,0,0
35,technician,married,tertiary,no,712,yes,no,,27,may,2,-1,0,,no,0,25-59,train,0.041,0,0,0
57,management,single,tertiary,no,33,yes,no,,27,may,1,-1,0,,no,0,25-59,train,0.067,0,0,0
27,self-employed,single,tertiary,no,270,yes,no,,27,may,2,-1,0,,no,0,25-59,train,0.046,0,0,0
52,services,married,primary,no,-585,yes,yes,,27,may,2,-1,0,,no,0,25-59,test,0.02,0,0,0
33,blue-collar,married,secondary,no,0,yes,no,,27,may,1,-1,0,,no,0,25-59,test,0.018,0,0,0
43,unemployed,divorced,secondary,no,700,yes,no,,27,may,1,-1,0,,no,0,25-59,train,0.098,0,0,0
47,technician,married,tertiary,no,-512,yes,yes,,27,may,2,-1,0,,no,0,25-59,train,0.022,0,0,0
43,management,divorced,tertiary,no,3257,yes,no,,27,may,2,-1,0,,no,0,25-59,train,0.091,0,0,0
26,blue-collar,married,secondary,no,284,yes,no,,27,may,1,-1,0,,no,0,25-59,test,0.019,0,0,0
35,technician,divorced,secondary,no,-199,yes,no,,27,may,2,-1,0,,no,0,25-59,train,0.051,0,0,0
24,technician,single,secondary,no,84,yes,no,,27,may,1,-1,0,,no,0,under 25 or 60+,train,0.045,0,0,0
33,services,married,secondary,no,1553,yes,no,,27,may,8,-1,0,,no,0,25-59,train,0.027,0,0,0
30,blue-collar,single,secondary,no,-93,yes,no,,27,may,2,-1,0,,no,0,25-59,train,0.025,0,0,0
51,blue-collar,divorced,secondary,no,78,yes,no,,27,may,2,-1,0,,no,0,25-59,train,0.032,0,0,0
31,blue-collar,married,secondary,no,175,yes,no,,27,may,5,-1,0,,no,0,25-59,test,0.014,0,0,0
30,management,single,tertiary,no,6164,yes,no,,27,may,11,-1,0,,no,0,25-59,train,0.043,0,0,0
40,management,divorced,tertiary,no,-78,yes,no,,27,may,4,-1,0,,no,0,25-59,test,0.066,0,0,0
34,technician,married,secondary,no,-259,yes,no,,27,may,2,-1,0,,no,0,25-59,train,0.028,0,0,0
36,blue-collar,married,primary,no,8326,yes,no,,27,may,4,-1,0,,no,0,25-59,train,0.02,0,0,0
38,services,divorced,secondary,no,-345,yes,no,,28,may,2,-1,0,,no,0,25-59,train,0.074,0,0,0
59,management,divorced,secondary,no,0,yes,no,,28,may,6,-1,0,,no,0,25-59,train,0.041,0,0,0
32,technician,married,tertiary,no,-196,yes,no,,28,may,1,-1,0,,no,0,25-59,train,0.043,0,0,0
24,blue-collar,married,secondary,no,0,no,no,,28,may,1,-1,0,,no,0,under 25 or 60+,train,0.03,0,0,0
39,blue-collar,married,primary,no,2862,yes,no,,28,may,2,-1,0,,no,0,25-59,test,0.018,0,0,0
44,admin.,married,secondary,no,72,yes,yes,,28,may,2,-1,0,,no,0,25-59,train,0.026,0,0,0
24,blue-collar,single,secondary,no,674,yes,yes,,28,may,1,-1,0,,no,0,under 25 or 60+,test,0.017,0,0,0
40,admin.,divorced,secondary,no,-541,yes,yes,,28,may,4,-1,0,,no,0,25-59,train,0.04,0,0,0
28,services,single,secondary,no,281,yes,no,,28,may,1,-1,0,,no,0,25-59,test,0.066,0,0,0
33,blue-collar,married,secondary,no,-112,yes,no,,28,may,1,-1,0,,no,0,25-59,train,0.019,0,0,0
25,entrepreneur,single,primary,no,-65,yes,no,,28,may,2,-1,0,,no,0,25-59,train,0.053,0,0,0
35,blue-collar,divorced,secondary,no,105,yes,yes,,28,may,1,-1,0,,no,0,25-59,train,0.02,0,0,0
26,blue-collar,married,secondary,no,-284,yes,no,,28,may,3,-1,0,,no,0,25-59,train,0.016,0,0,0
55,blue-collar,married,primary,no,81,yes,no,,28,may,1,-1,0,,no,0,25-59,train,0.017,0,0,0
33,admin.,married,secondary,yes,-675,yes,no,,28,may,2,-1,0,,no,0,25-59,train,0.03,0,0,0
32,management,single,tertiary,no,1493,yes,no,,28,may,11,-1,0,,no,0,25-59,train,0.034,0,0,0
54,technician,married,tertiary,yes,337,yes,no,,28,may,2,-1,0,,no,0,25-59,train,0.029,0,0,0
57,admin.,divorced,secondary,no,-140,yes,no,,28,may,2,-1,0,,no,0,25-59,test,0.081,0,0,0
34,blue-collar,married,secondary,no,225,yes,no,,28,may,2,-1,0,,no,0,25-59,train,0.018,0,0,0
35,blue-collar,married,secondary,no,-659,yes,yes,,28,may,2,-1,0,,no,0,25-59,test,0.01,0,0,0
26,blue-collar,married,secondary,no,245,yes,no,,28,may,2,-1,0,,no,0,25-59,train,0.018,0,0,0
53,retired,married,secondary,no,1004,yes,no,,29,may,1,-1,0,,no,0,25-59,test,0.057,0,0,0
42,technician,divorced,secondary,no,-106,yes,no,,29,may,1,-1,0,,no,0,25-59,train,0.058,0,0,0
35,admin.,married,secondary,no,404,yes,no,,29,may,1,-1,0,,yes,1,25-59,train,0.05,0,0,0
38,retired,single,secondary,no,44,no,no,,29,may,1,-1,0,,no,0,25-59,train,0.123,0,0,0
43,management,married,,no,5172,yes,no,,29,may,3,-1,0,,no,0,25-59,test,0.024,0,0,0
50,technician,married,secondary,no,1541,yes,no,,29,may,1,-1,0,,no,0,25-59,train,0.034,0,0,0
53,self-employed,married,tertiary,no,451,yes,no,,29,may,2,-1,0,,no,0,25-59,train,0.033,0,0,0
37,blue-collar,married,secondary,no,11953,yes,yes,,29,may,1,-1,0,,no,0,25-59,train,0.021,0,0,0
46,blue-collar,married,secondary,no,176,no,no,,29,may,1,-1,0,,no,0,25-59,train,0.031,0,0,0
35,self-employed,married,secondary,no,0,yes,no,,29,may,6,-1,0,,no,0,25-59,train,0.016,0,0,0
45,unemployed,divorced,secondary,no,3354,yes,no,,29,may,1,-1,0,,yes,1,25-59,train,0.115,0,0,0
49,admin.,divorced,secondary,no,266,yes,no,,29,may,2,-1,0,,no,0,25-59,train,0.084,0,0,0
48,unemployed,married,primary,no,551,yes,no,,29,may,2,-1,0,,no,0,25-59,train,0.046,0,0,0
35,technician,married,secondary,no,295,yes,no,,29,may,2,-1,0,,no,0,25-59,train,0.029,0,0,0
51,services,married,,no,5801,yes,no,,29,may,2,-1,0,,no,0,25-59,train,0.037,0,0,0
43,technician,single,secondary,no,799,yes,yes,,29,may,3,-1,0,,no,0,25-59,test,0.024,0,0,0
36,admin.,married,tertiary,no,828,yes,no,,29,may,1,-1,0,,no,0,25-59,train,0.072,0,0,0
43,blue-collar,single,secondary,no,747,no,no,,29,may,2,-1,0,,no,0,25-59,train,0.043,0,0,0
36,services,married,secondary,no,0,no,no,,29,may,2,-1,0,,no,0,25-59,train,0.066,0,0,0
46,blue-collar,married,primary,no,-169,no,yes,,29,may,3,-1,0,,no,0,25-59,train,0.013,0,0,0
36,management,single,tertiary,no,0,yes,no,,29,may,6,-1,0,,no,0,25-59,test,0.047,0,0,0
58,technician,married,secondary,no,4299,yes,no,,29,may,3,-1,0,,no,0,25-59,train,0.034,0,0,0
36,management,single,tertiary,no,7606,yes,no,,30,may,1,-1,0,,yes,1,25-59,test,0.103,0,0,0
38,entrepreneur,single,secondary,no,473,yes,yes,,30,may,4,-1,0,,no,0,25-59,test,0.032,0,0,0
51,entrepreneur,married,tertiary,no,267,yes,no,,30,may,1,-1,0,,no,0,25-59,train,0.066,0,0,0
45,blue-collar,married,secondary,no,130,yes,no,,30,may,1,-1,0,,no,0,25-59,train,0.02,0,0,0
36,management,single,tertiary,no,1089,yes,no,,30,may,1,-1,0,,no,0,25-59,test,0.075,0,0,0
53,technician,divorced,primary,no,7290,yes,no,,30,may,1,-1,0,,no,0,25-59,train,0.076,0,0,0
26,blue-collar,single,secondary,no,2,yes,no,,30,may,4,-1,0,,no,0,25-59,train,0.023,0,0,0
34,technician,divorced,secondary,no,1451,yes,no,,30,may,15,-1,0,,yes,1,25-59,train,0.021,0,0,0
44,technician,married,secondary,no,561,yes,no,,30,may,2,-1,0,,no,0,25-59,test,0.03,0,0,0
41,housemaid,married,tertiary,no,783,yes,no,,30,may,2,-1,0,,no,0,25-59,train,0.046,0,0,0
35,blue-collar,single,secondary,no,-257,yes,no,,30,may,7,-1,0,,no,0,25-59,test,0.018,0,0,0
41,admin.,married,secondary,no,8238,yes,yes,,30,may,4,-1,0,,no,0,25-59,train,0.035,0,0,0
51,retired,divorced,secondary,no,343,yes,no,,30,may,2,-1,0,,no,0,25-59,train,0.095,0,0,0
54,blue-collar,married,primary,no,-636,yes,no,,30,may,3,-1,0,,no,0,25-59,train,0.014,0,0,0
52,blue-collar,single,,no,905,yes,no,,30,may,4,-1,0,,no,0,25-59,train,0.015,0,0,0
27,blue-collar,single,secondary,no,5563,yes,no,,30,may,2,-1,0,,no,0,25-59,train,0.036,0,0,0
38,self-employed,married,secondary,no,-10,no,no,,2,jun,7,-1,0,,no,0,25-59,train,0.024,0,0,0
39,blue-collar,married,secondary,no,280,yes,no,,2,jun,3,-1,0,,no,0,25-59,train,0.016,0,0,0
43,management,single,secondary,no,1029,yes,no,,2,jun,1,-1,0,,no,0,25-59,train,0.051,0,0,0
35,blue-collar,married,secondary,no,80,yes,yes,,2,jun,2,-1,0,,no,0,25-59,train,0.01,0,0,0
37,technician,married,secondary,no,410,yes,yes,,2,jun,6,-1,0,,no,0,25-59,train,0.012,0,0,0
30,blue-collar,married,secondary,no,579,yes,yes,,2,jun,2,-1,0,,no,0,25-59,test,0.01,0,0,0
60,retired,divorced,tertiary,no,-79,yes,no,,2,jun,1,-1,0,,no,0,under 25 or 60+,train,0.133,0,0,0
32,housemaid,married,tertiary,no,10,yes,no,,2,jun,2,-1,0,,no,0,25-59,train,0.043,0,0,0
54,blue-collar,divorced,primary,no,2227,yes,no,,2,jun,3,-1,0,,no,0,25-59,train,0.03,0,0,0
29,blue-collar,single,secondary,no,80,yes,yes,,2,jun,4,-1,0,,no,0,25-59,train,0.013,0,0,0
46,technician,married,secondary,no,-59,yes,yes,,2,jun,2,-1,0,,no,0,25-59,train,0.016,0,0,0
42,technician,single,secondary,yes,-1129,yes,no,,2,jun,5,-1,0,,yes,1,25-59,test,0.021,0,0,0
38,blue-collar,married,primary,no,-537,yes,no,,2,jun,1,-1,0,,no,0,25-59,train,0.016,0,0,0
36,blue-collar,married,secondary,no,63,yes,no,,2,jun,8,-1,0,,no,0,25-59,train,0.011,0,0,0
35,blue-collar,married,secondary,no,53,yes,no,,2,jun,4,-1,0,,no,0,25-59,train,0.015,0,0,0
32,blue-collar,single,secondary,no,-691,yes,yes,,2,jun,1,-1,0,,no,0,25-59,train,0.015,0,0,0
34,blue-collar,married,primary,no,1090,yes,no,,2,jun,2,-1,0,,no,0,25-59,train,0.016,0,0,0
41,admin.,married,secondary,no,-18,yes,yes,,2,jun,6,-1,0,,no,0,25-59,train,0.019,0,0,0
31,admin.,single,secondary,no,2398,yes,no,,2,jun,13,-1,0,,no,0,25-59,train,0.031,0,0,0
42,blue-collar,married,secondary,no,130,no,no,,2,jun,3,-1,0,,no,0,25-59,train,0.026,0,0,0
25,admin.,single,tertiary,no,407,yes,no,,3,jun,1,-1,0,,no,0,25-59,test,0.102,0,0,0
42,technician,married,secondary,no,-129,yes,no,,3,jun,1,-1,0,,no,0,25-59,train,0.031,0,0,0
58,retired,married,secondary,no,3909,yes,no,,3,jun,1,-1,0,,no,0,25-59,train,0.066,0,0,0
37,blue-collar,married,secondary,no,67,no,no,,3,jun,2,-1,0,,no,0,25-59,train,0.028,0,0,0
37,blue-collar,married,primary,no,907,yes,no,,3,jun,1,-1,0,,no,0,25-59,train,0.018,0,0,0
30,blue-collar,married,primary,no,346,yes,no,,3,jun,1,-1,0,,no,0,25-59,train,0.017,0,0,0
32,blue-collar,married,secondary,no,1780,yes,yes,,3,jun,6,-1,0,,no,0,25-59,train,0.008,0,0,0
38,management,single,tertiary,no,1602,yes,no,,3,jun,3,-1,0,,no,0,25-59,train,0.065,0,0,0
31,management,single,tertiary,no,-24,yes,yes,,3,jun,6,-1,0,,no,0,25-59,train,0.027,0,0,0
39,admin.,single,secondary,no,1078,no,no,,3,jun,3,-1,0,,no,0,25-59,test,0.101,0,0,0
57,technician,divorced,secondary,no,910,yes,no,,3,jun,2,-1,0,,no,0,25-59,test,0.056,0,0,0
38,blue-collar,married,secondary,no,284,yes,yes,,3,jun,6,-1,0,,no,0,25-59,train,0.007,0,0,0
32,services,married,secondary,no,2796,yes,no,,3,jun,8,-1,0,,no,0,25-59,train,0.03,0,0,0
27,blue-collar,married,primary,no,1002,yes,no,,3,jun,1,-1,0,,no,0,25-59,train,0.018,0,0,0
36,blue-collar,married,secondary,no,6290,yes,no,,3,jun,20,-1,0,,no,0,25-59,train,0.006,0,0,0
34,services,single,primary,no,654,no,no,,3,jun,14,-1,0,,no,0,25-59,test,0.035,0,0,0
34,management,divorced,tertiary,no,224,no,no,,3,jun,11,-1,0,,no,0,25-59,test,0.064,0,0,0
49,blue-collar,married,primary,no,-347,yes,yes,,4,jun,3,-1,0,,no,0,25-59,train,0.008,0,0,0
28,blue-collar,single,secondary,yes,0,yes,no,,4,jun,1,-1,0,,no,0,25-59,test,0.02,0,0,0
51,technician,married,secondary,no,1446,yes,no,,4,jun,7,-1,0,,no,0,25-59,train,0.021,0,0,0
34,services,married,secondary,no,-211,yes,no,,4,jun,8,-1,0,,no,0,25-59,train,0.026,0,0,0
35,management,married,tertiary,no,5057,yes,no,,4,jun,10,-1,0,,no,0,25-59,train,0.031,0,0,0
29,blue-collar,single,secondary,no,-37,yes,no,,4,jun,1,-1,0,,no,0,25-59,test,0.029,0,0,0
46,blue-collar,married,primary,no,296,yes,no,,4,jun,2,-1,0,,no,0,25-59,test,0.016,0,0,0
32,blue-collar,divorced,secondary,no,880,yes,yes,,4,jun,1,-1,0,,no,0,25-59,train,0.022,0,0,0
40,blue-collar,married,secondary,no,2671,yes,yes,,4,jun,2,-1,0,,no,0,25-59,train,0.012,0,0,0
48,admin.,married,secondary,no,395,no,no,,5,jun,1,-1,0,,no,0,25-59,train,0.081,0,0,0
38,management,married,primary,no,1365,yes,no,,5,jun,1,-1,0,,no,0,25-59,test,0.033,0,0,0
59,admin.,single,secondary,no,848,no,no,,5,jun,1,-1,0,,no,0,25-59,test,0.119,0,0,0
57,management,married,tertiary,no,561,no,no,,5,jun,1,-1,0,,no,0,25-59,train,0.079,0,0,0
53,management,married,tertiary,no,1619,no,no,,5,jun,1,-1,0,,no,0,25-59,test,0.084,0,0,0
44,services,married,secondary,no,382,no,no,,5,jun,1,-1,0,,no,0,25-59,test,0.075,0,0,0
48,retired,single,secondary,no,3458,no,no,,5,jun,1,-1,0,,no,0,25-59,test,0.148,0,0,0
37,management,single,tertiary,no,240,no,no,,5,jun,1,-1,0,,yes,1,25-59,train,0.112,0,0,0
59,blue-collar,married,primary,no,3587,no,yes,,5,jun,2,-1,0,,no,0,25-59,test,0.018,0,0,0
41,admin.,married,secondary,no,4320,yes,no,,5,jun,2,-1,0,,no,0,25-59,test,0.059,0,0,0
60,blue-collar,married,secondary,no,71,no,no,,5,jun,1,-1,0,,no,0,under 25 or 60+,test,0.032,0,0,0
35,entrepreneur,married,secondary,no,2074,yes,no,,5,jun,7,-1,0,,no,0,25-59,train,0.032,0,0,0
41,blue-collar,married,secondary,no,0,no,no,,5,jun,2,-1,0,,no,0,25-59,train,0.029,0,0,0
42,technician,married,tertiary,no,1189,no,no,,5,jun,3,-1,0,,no,0,25-59,test,0.066,0,0,0
30,technician,single,tertiary,no,799,yes,yes,,6,jun,18,-1,0,,no,0,25-59,test,0.011,0,0,0
58,,married,tertiary,no,4150,no,no,,6,jun,1,-1,0,,no,0,25-59,train,0.106,0,0,0
43,blue-collar,married,secondary,no,101,no,no,,6,jun,1,-1,0,,no,0,25-59,train,0.032,0,0,0
40,technician,married,secondary,no,-282,yes,no,,6,jun,3,-1,0,,no,0,25-59,train,0.028,0,0,0
58,management,divorced,tertiary,no,1266,no,yes,,6,jun,1,-1,0,,no,0,25-59,train,0.09,0,0,0
55,services,divorced,primary,no,653,no,no,,6,jun,1,-1,0,,no,0,25-59,train,0.124,0,0,0
43,self-employed,married,tertiary,no,64,no,no,,6,jun,2,-1,0,,no,0,25-59,train,0.054,0,0,0
39,services,married,secondary,no,207,no,no,,6,jun,2,-1,0,,no,0,25-59,train,0.071,0,0,0
48,management,married,primary,no,2803,yes,no,,6,jun,24,-1,0,,no,0,25-59,train,0.006,0,0,0
45,admin.,divorced,secondary,no,246,no,no,,6,jun,1,-1,0,,no,0,25-59,train,0.145,0,0,0
52,housemaid,single,tertiary,no,0,no,no,,6,jun,2,-1,0,,no,0,25-59,train,0.105,0,0,0
44,technician,divorced,secondary,no,414,yes,yes,,6,jun,2,-1,0,,no,0,25-59,test,0.034,0,0,0
28,blue-collar,married,secondary,no,2788,yes,no,,6,jun,2,-1,0,,yes,1,25-59,train,0.022,0,0,0
32,blue-collar,single,primary,no,5418,yes,no,,6,jun,6,-1,0,,no,0,25-59,train,0.024,0,0,0
39,technician,single,secondary,no,1963,yes,no,,6,jun,4,-1,0,,no,0,25-59,train,0.043,0,0,0
40,entrepreneur,married,tertiary,no,1953,yes,no,,6,jun,5,-1,0,,no,0,25-59,train,0.054,0,0,0
46,services,married,secondary,no,2215,no,no,,6,jun,2,-1,0,,no,0,25-59,train,0.078,0,0,0
39,management,married,tertiary,no,575,no,no,,6,jun,1,-1,0,,no,0,25-59,train,0.081,0,0,0
40,blue-collar,single,primary,no,397,no,no,,9,jun,1,-1,0,,no,0,25-59,train,0.046,0,0,0
54,housemaid,divorced,primary,no,215,no,yes,,9,jun,2,-1,0,,no,0,25-59,train,0.053,0,0,0
56,admin.,married,secondary,no,2146,no,yes,,9,jun,1,-1,0,,no,0,25-59,train,0.056,0,0,0
53,retired,single,primary,no,0,no,no,,9,jun,1,-1,0,,no,0,25-59,train,0.122,0,0,0
45,services,married,secondary,no,-1036,yes,no,,9,jun,17,-1,0,,no,0,25-59,train,0.014,0,0,0
38,technician,single,tertiary,no,1619,no,no,,9,jun,1,-1,0,,no,0,25-59,train,0.121,0,0,0
56,services,divorced,secondary,no,450,no,no,,9,jun,1,-1,0,,no,0,25-59,train,0.144,0,0,0
38,technician,married,primary,no,217,yes,no,,9,jun,6,-1,0,,yes,1,25-59,train,0.021,0,0,0
42,management,single,tertiary,no,1206,no,no,,9,jun,4,-1,0,,no,0,25-59,test,0.102,0,0,0
59,housemaid,married,primary,no,5501,no,no,,9,jun,4,-1,0,,no,0,25-59,train,0.055,0,0,0
46,services,married,tertiary,no,474,no,no,,9,jun,2,-1,0,,no,0,25-59,train,0.105,0,0,0
39,blue-collar,married,secondary,no,138,no,no,,9,jun,2,-1,0,,no,0,25-59,train,0.032,0,0,0
48,technician,married,secondary,no,1637,yes,no,,11,jun,10,-1,0,,no,0,25-59,train,0.019,0,0,0
57,housemaid,married,primary,no,625,no,yes,,11,jun,1,-1,0,,yes,1,25-59,train,0.033,0,0,0
38,housemaid,married,secondary,no,634,no,no,,11,jun,4,-1,0,,no,0,25-59,train,0.05,0,0,0
41,housemaid,single,primary,no,1179,yes,no,,11,jun,4,-1,0,,no,0,25-59,test,0.043,0,0,0
38,blue-collar,married,primary,no,8637,yes,no,,11,jun,1,-1,0,,no,0,25-59,train,0.031,0,0,0
40,admin.,single,tertiary,no,1248,no,no,,11,jun,2,-1,0,,yes,1,25-59,train,0.171,0,0,0
48,blue-collar,married,primary,no,3304,no,no,,11,jun,3,-1,0,,no,0,25-59,train,0.032,0,0,0
37,blue-collar,married,primary,yes,-142,no,no,,11,jun,3,-1,0,,no,0,25-59,train,0.018,0,0,0
39,management,married,,no,4800,no,no,,12,jun,3,-1,0,,no,0,25-59,test,0.044,0,0,0
43,services,married,secondary,no,0,no,no,,12,jun,1,-1,0,,no,0,25-59,train,0.084,0,0,0
37,housemaid,married,secondary,no,187,no,no,,12,jun,1,-1,0,,no,0,25-59,test,0.063,0,0,0
36,blue-collar,married,secondary,no,753,yes,no,,12,jun,1,-1,0,,no,0,25-59,train,0.024,0,0,0
43,blue-collar,married,primary,no,0,no,no,,12,jun,1,-1,0,,no,0,25-59,train,0.032,0,0,0
55,blue-collar,married,primary,no,472,no,no,,12,jun,2,-1,0,,no,0,25-59,train,0.03,0,0,0
36,student,single,,no,172,no,no,,12,jun,1,-1,0,,no,0,25-59,train,0.112,0,0,0
53,unemployed,married,secondary,no,0,yes,no,,12,jun,1,-1,0,,no,0,25-59,train,0.064,0,0,0
42,unemployed,married,secondary,no,583,yes,no,,12,jun,6,-1,0,,no,0,25-59,train,0.045,0,0,0
48,management,divorced,tertiary,no,503,no,yes,,12,jun,7,-1,0,,yes,1,25-59,train,0.061,0,0,0
29,management,single,tertiary,no,573,yes,yes,,16,jun,4,-1,0,,no,0,25-59,train,0.042,0,0,0
36,blue-collar,married,primary,no,-255,yes,yes,,16,jun,2,-1,0,,no,0,25-59,train,0.011,0,0,0
45,management,married,tertiary,no,1493,no,no,,16,jun,3,-1,0,,no,0,25-59,test,0.087,0,0,0
50,blue-collar,divorced,primary,no,4882,yes,no,,16,jun,2,-1,0,,no,0,25-59,train,0.048,0,0,0
45,technician,married,tertiary,no,533,yes,no,,16,jun,2,-1,0,,no,0,25-59,train,0.054,0,0,0
38,services,divorced,secondary,no,439,no,no,,16,jun,1,-1,0,,no,0,25-59,test,0.161,0,0,0
58,entrepreneur,married,secondary,no,2,no,no,,16,jun,1,-1,0,,no,0,25-59,train,0.089,0,0,0
43,blue-collar,married,primary,no,8014,no,no,,16,jun,1,-1,0,,no,0,25-59,train,0.052,0,0,0
50,entrepreneur,married,tertiary,no,2198,no,no,,16,jun,6,-1,0,,no,0,25-59,train,0.095,0,0,0
47,blue-collar,married,secondary,no,4840,no,no,,16,jun,1,-1,0,,no,0,25-59,test,0.05,0,0,0
53,self-employed,married,tertiary,no,2627,yes,yes,,16,jun,30,-1,0,,no,0,25-59,train,0.003,0,0,0
37,blue-collar,single,secondary,no,3764,no,no,,16,jun,1,-1,0,,no,0,25-59,train,0.069,0,0,0
30,self-employed,divorced,secondary,no,92,yes,no,,17,jun,10,-1,0,,no,0,25-59,train,0.029,0,0,0
58,management,married,primary,no,1136,no,no,,17,jun,3,-1,0,,no,0,25-59,test,0.055,0,0,0
39,blue-collar,married,primary,no,2169,no,no,,17,jun,2,-1,0,,no,0,25-59,train,0.037,0,0,0
55,technician,married,primary,no,1498,no,yes,,17,jun,2,-1,0,,no,0,25-59,train,0.033,0,0,0
38,blue-collar,married,secondary,no,702,no,no,,17,jun,2,-1,0,,no,0,25-59,test,0.038,0,0,0
45,housemaid,married,primary,yes,0,no,yes,,17,jun,1,-1,0,,no,0,25-59,train,0.025,0,0,0
58,self-employed,married,primary,no,671,yes,no,,17,jun,3,-1,0,,no,0,25-59,train,0.025,0,0,0
50,management,married,tertiary,no,557,yes,no,,17,jun,4,-1,0,,no,0,25-59,test,0.05,0,0,0
38,student,single,tertiary,no,3316,no,no,,17,jun,3,-1,0,,yes,1,25-59,test,0.241,0,0,0
56,entrepreneur,divorced,tertiary,no,22946,no,no,,17,jun,3,-1,0,,no,0,25-59,test,0.444,0,0,1
48,technician,married,secondary,no,178,yes,no,,17,jun,4,-1,0,,no,0,25-59,train,0.032,0,0,0
57,housemaid,married,primary,no,0,no,no,,17,jun,2,-1,0,,no,0,25-59,test,0.056,0,0,0
38,admin.,divorced,secondary,no,156,yes,no,,17,jun,3,-1,0,,no,0,25-59,test,0.099,0,0,0
36,services,married,secondary,no,1981,no,no,,17,jun,2,-1,0,,no,0,25-59,test,0.094,0,0,0
52,management,married,tertiary,no,502,no,no,,17,jun,3,-1,0,,no,0,25-59,train,0.084,0,0,0
45,,married,,no,1979,no,no,,17,jun,3,-1,0,,no,0,25-59,test,0.046,0,0,0
29,admin.,single,secondary,yes,-95,yes,no,,17,jun,3,-1,0,,no,0,25-59,train,0.055,0,0,0
49,management,married,primary,no,1330,no,yes,,18,jun,1,-1,0,,no,0,25-59,train,0.039,0,0,0
60,retired,married,primary,no,0,no,no,,18,jun,1,-1,0,,no,0,under 25 or 60+,train,0.099,0,0,0
39,blue-collar,married,secondary,no,39,yes,no,,18,jun,6,-1,0,,no,0,25-59,train,0.017,0,0,0
43,management,married,tertiary,no,657,no,no,,18,jun,1,-1,0,,no,0,25-59,train,0.1,0,0,0
45,,single,secondary,no,0,no,no,,18,jun,1,-1,0,,no,0,25-59,train,0.11,0,0,0
36,services,single,secondary,no,755,no,no,,18,jun,1,-1,0,,no,0,25-59,train,0.138,0,0,0
47,management,married,tertiary,no,414,no,no,,18,jun,1,-1,0,,no,0,25-59,train,0.099,0,0,0
59,retired,married,primary,no,1245,no,no,,18,jun,2,-1,0,,no,0,25-59,test,0.098,0,0,0
52,management,married,tertiary,no,1147,no,no,,18,jun,1,-1,0,,no,0,25-59,train,0.103,0,0,0
44,blue-collar,married,secondary,no,-448,yes,no,,18,jun,2,-1,0,,no,0,25-59,train,0.023,0,0,0
43,housemaid,married,secondary,no,5233,no,no,,18,jun,2,-1,0,,no,0,25-59,test,0.083,0,0,0
44,blue-collar,single,tertiary,no,827,yes,no,,18,jun,4,-1,0,,no,0,25-59,test,0.044,0,0,0
39,housemaid,single,primary,no,1340,no,no,,18,jun,2,-1,0,,no,0,25-59,test,0.089,0,0,0
48,blue-collar,married,primary,no,649,no,no,,19,jun,2,-1,0,,no,0,25-59,train,0.035,0,0,0
59,retired,married,secondary,no,1723,no,no,,19,jun,1,-1,0,,no,0,25-59,train,0.122,0,0,0
41,unemployed,married,primary,no,2636,no,no,,19,jun,1,-1,0,,no,0,25-59,test,0.114,0,0,0
52,entrepreneur,divorced,secondary,no,302,no,no,,19,jun,2,-1,0,,no,0,25-59,train,0.155,0,0,0
56,blue-collar,married,secondary,no,771,yes,yes,,19,jun,1,-1,0,,no,0,25-59,train,0.016,0,0,0
59,housemaid,married,primary,no,1071,no,no,,19,jun,1,-1,0,,no,0,25-59,train,0.066,0,0,0
41,entrepreneur,married,tertiary,no,5736,yes,yes,,19,jun,2,-1,0,,no,0,25-59,test,0.062,0,0,0
37,entrepreneur,married,tertiary,no,2685,no,no,,20,jun,2,-1,0,,no,0,25-59,train,0.139,0,0,0
52,blue-collar,married,primary,no,1624,no,no,,20,jun,3,-1,0,,no,0,25-59,train,0.035,0,0,0
36,management,married,secondary,no,1736,yes,no,,20,jun,1,-1,0,,no,0,25-59,train,0.05,0,0,0
55,technician,married,secondary,no,0,yes,yes,,20,jun,1,-1,0,,no,0,25-59,train,0.025,0,0,0
44,blue-collar,single,primary,no,10984,no,no,,20,jun,18,-1,0,,no,0,25-59,train,0.026,0,0,0
40,technician,married,secondary,no,109,no,no,,20,jun,22,-1,0,,no,0,25-59,test,0.013,0,0,0
57,management,married,tertiary,no,9103,no,yes,,20,jun,2,-1,0,,yes,1,25-59,train,0.088,0,0,0
46,blue-collar,divorced,primary,no,0,no,no,,20,jun,2,-1,0,,no,0,25-59,train,0.064,0,0,0
52,management,married,tertiary,no,0,no,no,,20,jun,1,-1,0,,no,0,25-59,train,0.101,0,0,0
42,admin.,married,secondary,yes,-9,no,no,,20,jun,1,-1,0,,no,0,25-59,train,0.073,0,0,0
39,entrepreneur,divorced,tertiary,yes,-251,no,no,,20,jun,6,-1,0,,no,0,25-59,train,0.115,0,0,0
57,admin.,married,,no,5,no,no,,20,jun,2,-1,0,,no,0,25-59,train,0.063,0,0,0
41,self-employed,divorced,tertiary,no,-319,no,no,,20,jun,3,-1,0,,no,0,25-59,test,0.114,0,0,0
43,management,married,tertiary,no,177,no,no,,20,jun,18,-1,0,,no,0,25-59,test,0.028,0,0,0
45,management,married,tertiary,no,904,yes,yes,,20,jun,9,-1,0,,no,0,25-59,test,0.021,0,0,0
54,self-employed,divorced,tertiary,no,1323,no,no,,20,jun,4,-1,0,,no,0,25-59,test,0.114,0,0,0
45,admin.,married,,no,1557,no,no,,20,jun,5,-1,0,,no,0,25-59,test,0.054,0,0,0
47,services,married,secondary,no,505,no,no,,20,jun,3,-1,0,,no,0,25-59,train,0.085,0,0,0
48,blue-collar,divorced,primary,no,2677,no,no,,20,jun,3,-1,0,,no,0,25-59,train,0.068,0,0,0
39,housemaid,married,,no,9716,no,no,,20,jun,2,-1,0,,no,0,25-59,test,0.071,0,0,0
39,blue-collar,married,secondary,no,281,no,no,,20,jun,7,-1,0,,no,0,25-59,train,0.027,0,0,0
23,services,married,secondary,no,-19,yes,no,,20,jun,10,-1,0,,no,0,under 25 or 60+,test,0.031,0,0,0
52,blue-collar,married,secondary,no,1860,no,no,,20,jun,3,-1,0,,no,0,25-59,test,0.039,0,0,0
40,services,married,secondary,no,405,no,no,,20,jun,3,-1,0,,no,0,25-59,train,0.085,0,0,0
49,,married,tertiary,no,325,no,no,,20,jun,15,-1,0,,no,0,25-59,train,0.039,0,0,0
35,management,married,tertiary,no,3083,no,no,,20,jun,9,-1,0,,no,0,25-59,test,0.065,0,0,0
42,technician,married,secondary,no,738,no,no,,20,jun,3,-1,0,,no,0,25-59,test,0.06,0,0,0
36,student,single,secondary,no,904,no,no,,20,jun,8,-1,0,,no,0,25-59,train,0.12,0,0,0
40,blue-collar,married,secondary,no,925,yes,yes,,20,jun,8,-1,0,,no,0,25-59,train,0.009,0,0,0
45,self-employed,single,primary,no,112,no,no,,20,jun,4,-1,0,,no,0,25-59,test,0.055,0,0,0
49,housemaid,married,primary,no,57,no,yes,,25,jun,1,-1,0,,no,0,25-59,train,0.041,0,0,0
58,blue-collar,divorced,secondary,no,314,no,no,,25,jun,2,-1,0,,no,0,25-59,train,0.079,0,0,0
29,blue-collar,divorced,secondary,no,0,yes,no,,25,jun,3,-1,0,,no,0,25-59,train,0.046,0,0,0
29,management,single,tertiary,no,42,yes,no,,26,jun,4,-1,0,,no,0,25-59,train,0.084,0,0,0
37,self-employed,single,tertiary,no,3759,no,no,,26,jun,2,-1,0,,no,0,25-59,train,0.133,0,0,0
30,blue-collar,married,primary,no,62,no,no,,27,jun,1,-1,0,,no,0,25-59,train,0.043,0,0,0
57,housemaid,married,primary,no,85,no,no,,27,jun,1,-1,0,,no,0,25-59,train,0.073,0,0,0
40,admin.,married,secondary,no,220,yes,no,,30,jun,3,-1,0,,no,0,25-59,train,0.07,0,0,0
35,services,married,secondary,no,871,yes,no,,1,jul,1,-1,0,,no,0,25-59,train,0.023,0,0,0
57,housemaid,married,primary,no,53,no,no,,1,jul,3,-1,0,,no,0,25-59,train,0.02,0,0,0
29,technician,married,tertiary,no,975,no,no,,1,jul,1,-1,0,,no,0,25-59,train,0.036,0,0,0
37,technician,single,tertiary,no,0,no,no,,1,jul,2,-1,0,,yes,1,25-59,train,0.047,0,0,0
31,management,single,tertiary,no,394,no,yes,,2,jul,3,-1,0,,no,0,25-59,train,0.028,0,0,0
37,services,single,primary,no,0,no,yes,,2,jul,1,-1,0,,no,0,25-59,test,0.027,0,0,0
32,management,married,tertiary,no,92,no,no,,3,jul,1,-1,0,,no,0,25-59,train,0.038,0,0,0
40,blue-collar,married,secondary,no,-313,yes,no,,3,jul,2,-1,0,,no,0,25-59,train,0.009,0,0,0
42,admin.,single,secondary,no,506,yes,yes,,3,jul,2,-1,0,,no,0,25-59,test,0.02,0,0,0
27,admin.,married,secondary,no,-435,no,no,,3,jul,2,-1,0,,no,0,25-59,train,0.036,0,0,0
39,blue-collar,married,primary,no,192,no,no,,4,jul,1,-1,0,,no,0,25-59,train,0.014,0,0,0
31,technician,single,secondary,no,223,no,no,,4,jul,1,-1,0,,no,0,25-59,train,0.038,0,0,0
31,admin.,married,secondary,no,-36,yes,yes,,4,jul,1,-1,0,,no,0,25-59,train,0.015,0,0,0
29,services,married,primary,no,-102,no,no,,4,jul,1,-1,0,,no,0,25-59,train,0.033,0,0,0
25,unemployed,single,secondary,no,34,no,yes,,4,jul,1,-1,0,,no,0,25-59,test,0.038,0,0,0
34,admin.,divorced,secondary,no,183,no,yes,,4,jul,1,-1,0,,no,0,25-59,train,0.044,0,0,0
28,admin.,married,secondary,no,934,yes,no,,4,jul,2,-1,0,,no,0,25-59,train,0.025,0,0,0
43,blue-collar,married,secondary,no,105,no,yes,cellular,4,jul,2,-1,0,,no,0,25-59,train,0.025,0,0,0
34,admin.,single,secondary,no,296,no,no,cellular,7,jul,4,-1,0,,no,0,25-59,test,0.142,0,0,0
58,management,married,primary,no,4850,no,no,cellular,7,jul,2,-1,0,,no,0,25-59,train,0.09,0,0,0
50,blue-collar,married,primary,no,9301,yes,no,cellular,7,jul,4,-1,0,,no,0,25-59,train,0.036,0,0,0
38,management,married,tertiary,no,1444,yes,no,cellular,7,jul,2,-1,0,,no,0,25-59,train,0.076,0,0,0
42,unemployed,married,primary,no,11,no,no,cellular,7,jul,3,-1,0,,no,0,25-59,train,0.104,0,0,0
43,management,married,tertiary,no,460,no,yes,cellular,7,jul,1,-1,0,,no,0,25-59,train,0.073,0,0,0
41,management,married,secondary,no,0,no,yes,cellular,7,jul,3,-1,0,,no,0,25-59,test,0.043,0,0,0
38,technician,married,secondary,no,-228,yes,no,cellular,7,jul,4,-1,0,,no,0,25-59,train,0.04,0,0,0
31,housemaid,married,,yes,-6,no,yes,telephone,7,jul,2,-1,0,,no,0,25-59,train,0.017,0,0,0
41,technician,divorced,secondary,no,0,no,no,cellular,7,jul,4,-1,0,,no,0,25-59,test,0.114,0,0,0
47,housemaid,married,tertiary,no,333,no,no,telephone,7,jul,1,-1,0,,no,0,25-59,train,0.101,0,0,0
51,management,married,tertiary,no,1392,no,no,cellular,7,jul,3,-1,0,,no,0,25-59,train,0.109,0,0,0
45,blue-collar,married,secondary,no,226,no,no,telephone,7,jul,2,-1,0,,no,0,25-59,test,0.039,0,0,0
29,blue-collar,single,secondary,no,218,no,no,cellular,7,jul,2,-1,0,,no,0,25-59,test,0.068,0,0,0
27,blue-collar,single,primary,no,1659,no,yes,cellular,7,jul,3,-1,0,,no,0,25-59,test,0.036,0,0,0
27,blue-collar,married,primary,no,52,no,yes,cellular,7,jul,1,-1,0,,no,0,25-59,test,0.026,0,0,0
28,self-employed,single,tertiary,no,226,no,yes,cellular,8,jul,1,-1,0,,no,0,25-59,train,0.078,0,0,0
27,services,married,primary,no,-90,no,yes,cellular,8,jul,1,-1,0,,no,0,25-59,train,0.062,0,0,0
32,technician,married,secondary,no,2,yes,yes,cellular,8,jul,1,-1,0,,no,0,25-59,train,0.03,0,0,0
58,retired,divorced,tertiary,no,264,yes,yes,cellular,8,jul,3,-1,0,,no,0,25-59,test,0.116,0,0,0
56,retired,married,tertiary,no,87,no,no,cellular,8,jul,2,-1,0,,no,0,25-59,train,0.174,0,0,0
34,admin.,single,tertiary,no,-199,no,yes,cellular,8,jul,1,-1,0,,no,0,25-59,train,0.147,0,0,0
54,management,married,tertiary,no,3,no,yes,cellular,8,jul,1,-1,0,,no,0,25-59,train,0.072,0,0,0
31,self-employed,married,secondary,no,731,no,yes,cellular,8,jul,1,-1,0,,no,0,25-59,train,0.039,0,0,0
35,admin.,divorced,secondary,no,148,no,yes,cellular,8,jul,1,-1,0,,no,0,25-59,test,0.134,0,0,0
35,self-employed,married,tertiary,yes,28,no,yes,cellular,8,jul,1,-1,0,,no,0,25-59,train,0.037,0,0,0
51,retired,married,secondary,no,35,no,yes,cellular,8,jul,4,-1,0,,no,0,25-59,train,0.066,0,0,0
29,technician,single,secondary,no,359,yes,no,cellular,8,jul,1,-1,0,,no,0,25-59,test,0.077,0,0,0
51,services,single,,no,415,no,no,cellular,8,jul,2,-1,0,,no,0,25-59,train,0.104,0,0,0
57,blue-collar,married,secondary,no,75,no,no,cellular,8,jul,8,-1,0,,no,0,25-59,train,0.029,0,0,0
33,services,single,secondary,no,969,no,no,telephone,8,jul,3,-1,0,,no,0,25-59,test,0.126,0,0,0
40,admin.,married,secondary,no,1011,yes,no,cellular,8,jul,12,-1,0,,no,0,25-59,train,0.036,0,0,0
54,housemaid,married,primary,no,8,no,yes,telephone,8,jul,2,-1,0,,no,0,25-59,train,0.035,0,0,0
36,blue-collar,married,secondary,no,199,yes,no,cellular,9,jul,1,-1,0,,no,0,25-59,train,0.033,0,0,0
47,services,married,secondary,no,0,yes,no,telephone,9,jul,1,-1,0,,no,0,25-59,train,0.064,0,0,0
33,management,married,,no,117,no,yes,cellular,9,jul,2,-1,0,,no,0,25-59,train,0.031,0,0,0
33,services,married,secondary,no,0,no,no,cellular,9,jul,1,-1,0,,no,0,25-59,test,0.117,0,0,0
31,management,single,,no,1023,no,yes,cellular,9,jul,1,-1,0,,no,0,25-59,train,0.052,0,0,0
28,self-employed,single,secondary,no,241,yes,no,cellular,9,jul,1,-1,0,,no,0,25-59,train,0.061,0,0,0
39,management,single,tertiary,no,416,no,no,cellular,9,jul,1,-1,0,,no,0,25-59,train,0.176,0,0,0
43,retired,single,primary,no,140,no,yes,telephone,9,jul,1,-1,0,,no,0,25-59,train,0.092,0,0,0
54,management,married,primary,no,621,no,yes,cellular,9,jul,1,-1,0,,no,0,25-59,train,0.048,0,0,0
28,admin.,single,secondary,no,404,no,yes,cellular,9,jul,1,-1,0,,no,0,25-59,test,0.112,0,0,0
42,blue-collar,married,secondary,no,704,yes,no,telephone,9,jul,1,-1,0,,no,0,25-59,train,0.028,0,0,0
56,blue-collar,married,primary,yes,-160,no,no,cellular,9,jul,2,-1,0,,no,0,25-59,train,0.029,0,0,0
33,admin.,married,secondary,no,0,yes,yes,cellular,9,jul,1,-1,0,,no,0,25-59,train,0.048,0,0,0
48,technician,single,secondary,no,469,no,yes,cellular,9,jul,1,-1,0,,no,0,25-59,train,0.073,0,0,0
26,technician,married,secondary,no,-119,no,yes,cellular,9,jul,5,-1,0,,yes,1,25-59,test,0.036,0,0,0
37,blue-collar,married,secondary,no,982,yes,no,cellular,9,jul,2,-1,0,,no,0,25-59,train,0.032,0,0,0
39,services,married,secondary,no,0,yes,no,telephone,10,jul,1,-1,0,,no,0,25-59,train,0.065,0,0,0
29,services,married,secondary,no,13,no,no,cellular,10,jul,1,-1,0,,no,0,25-59,train,0.119,0,0,0
36,admin.,single,secondary,no,9002,yes,yes,cellular,10,jul,1,-1,0,,no,0,25-59,test,0.112,0,0,0
26,services,married,secondary,no,2063,yes,yes,cellular,10,jul,1,-1,0,,no,0,25-59,train,0.051,0,0,0
34,self-employed,married,tertiary,no,0,yes,no,cellular,10,jul,1,-1,0,,no,0,25-59,train,0.06,0,0,0
32,blue-collar,divorced,secondary,no,107,yes,yes,cellular,10,jul,1,-1,0,,no,0,25-59,train,0.036,0,0,0
41,blue-collar,married,secondary,no,393,yes,yes,cellular,10,jul,1,-1,0,,no,0,25-59,train,0.02,0,0,0
56,retired,divorced,secondary,no,275,yes,yes,cellular,10,jul,1,-1,0,,no,0,25-59,train,0.1,0,0,0
56,retired,married,tertiary,no,89,no,no,telephone,10,jul,1,-1,0,,no,0,25-59,test,0.164,0,0,0
29,technician,single,secondary,no,1714,no,yes,telephone,10,jul,1,-1,0,,no,0,25-59,train,0.066,0,0,0
34,management,married,secondary,no,5127,no,yes,cellular,10,jul,2,-1,0,,no,0,25-59,test,0.064,0,0,0
30,technician,married,tertiary,no,1338,yes,yes,cellular,10,jul,6,-1,0,,no,0,25-59,train,0.032,0,0,0
32,management,married,tertiary,no,1196,yes,no,cellular,11,jul,1,-1,0,,no,0,25-59,train,0.087,0,0,0
37,technician,married,secondary,no,407,yes,no,cellular,11,jul,2,-1,0,,no,0,25-59,train,0.052,0,0,0
29,management,single,tertiary,no,983,yes,no,cellular,11,jul,2,-1,0,,yes,1,25-59,train,0.115,0,0,0
33,management,single,,no,1534,yes,no,cellular,11,jul,2,-1,0,,yes,1,25-59,train,0.056,0,0,0
35,technician,married,secondary,no,483,yes,no,cellular,11,jul,2,-1,0,,no,0,25-59,test,0.052,0,0,0
43,blue-collar,married,secondary,no,500,yes,no,cellular,14,jul,2,-1,0,,no,0,25-59,train,0.034,0,0,0
33,blue-collar,single,secondary,no,179,no,no,cellular,14,jul,7,-1,0,,no,0,25-59,train,0.053,0,0,0
42,blue-collar,married,secondary,no,-336,yes,no,cellular,14,jul,2,-1,0,,no,0,25-59,train,0.033,0,0,0
35,entrepreneur,married,secondary,no,2436,no,yes,cellular,14,jul,3,-1,0,,yes,1,25-59,train,0.074,0,0,0
36,management,married,tertiary,no,327,yes,no,cellular,14,jul,6,-1,0,,no,0,25-59,train,0.06,0,0,0
36,entrepreneur,married,tertiary,no,733,no,yes,telephone,14,jul,12,-1,0,,no,0,25-59,train,0.04,0,0,0
37,housemaid,married,primary,no,577,no,no,cellular,14,jul,2,-1,0,,no,0,25-59,train,0.082,0,0,0
35,management,single,tertiary,no,31,yes,no,cellular,14,jul,3,-1,0,,no,0,25-59,train,0.108,0,0,0
47,technician,married,secondary,no,0,no,no,telephone,14,jul,2,-1,0,,no,0,25-59,train,0.07,0,0,0
33,admin.,single,secondary,no,0,yes,no,cellular,14,jul,3,-1,0,,no,0,25-59,train,0.111,0,0,0
43,blue-collar,single,secondary,no,615,no,no,cellular,14,jul,4,-1,0,,no,0,25-59,train,0.068,0,0,0
34,admin.,divorced,secondary,no,0,yes,yes,cellular,14,jul,3,-1,0,,no,0,25-59,test,0.083,0,0,0
40,management,married,primary,no,-90,no,no,telephone,14,jul,3,-1,0,,no,0,25-59,train,0.062,0,0,0
52,blue-collar,divorced,secondary,no,0,no,yes,cellular,15,jul,2,-1,0,,no,0,25-59,test,0.058,0,0,0
29,housemaid,married,primary,no,0,yes,no,cellular,15,jul,3,-1,0,,no,0,25-59,train,0.048,0,0,0
31,management,married,tertiary,no,582,yes,no,cellular,15,jul,2,-1,0,,no,0,25-59,test,0.084,0,0,0
47,blue-collar,married,primary,no,185,no,no,cellular,15,jul,5,-1,0,,no,0,25-59,train,0.038,0,0,0
41,technician,married,secondary,no,10438,yes,no,telephone,15,jul,4,-1,0,,no,0,25-59,train,0.067,0,0,0
28,unemployed,single,secondary,no,-34,no,no,cellular,15,jul,1,-1,0,,no,0,25-59,train,0.211,0,0,0
36,blue-collar,married,secondary,no,-231,no,yes,cellular,15,jul,2,-1,0,,no,0,25-59,train,0.031,0,0,0
32,technician,married,tertiary,no,4654,yes,yes,cellular,15,jul,2,-1,0,,no,0,25-59,test,0.058,0,0,0
36,services,divorced,secondary,yes,0,no,yes,cellular,15,jul,7,-1,0,,yes,1,25-59,train,0.064,0,0,0
38,technician,married,secondary,no,0,yes,yes,cellular,15,jul,4,-1,0,,no,0,25-59,test,0.027,0,0,0
45,blue-collar,single,primary,yes,-183,no,yes,cellular,15,jul,4,-1,0,,no,0,25-59,train,0.024,0,0,0
26,blue-collar,single,primary,no,-35,no,no,cellular,16,jul,1,-1,0,,no,0,25-59,test,0.076,0,0,0
34,blue-collar,married,primary,no,602,yes,no,cellular,16,jul,1,-1,0,,no,0,25-59,train,0.034,0,0,0
33,housemaid,single,primary,no,39,yes,no,cellular,16,jul,3,-1,0,,no,0,25-59,train,0.071,0,0,0
49,technician,married,tertiary,no,80,no,no,cellular,17,jul,1,-1,0,,no,0,25-59,train,0.133,0,0,0
51,technician,married,secondary,no,563,yes,no,cellular,17,jul,3,-1,0,,no,0,25-59,test,0.054,0,0,0
42,admin.,single,tertiary,no,168,yes,no,cellular,17,jul,1,-1,0,,no,0,25-59,test,0.185,0,0,0
39,management,married,primary,no,3760,no,yes,cellular,17,jul,1,-1,0,,no,0,25-59,test,0.065,0,0,0
27,housemaid,married,secondary,yes,65,yes,yes,cellular,17,jul,1,-1,0,,no,0,25-59,test,0.026,0,0,0
58,services,married,secondary,no,553,no,yes,telephone,17,jul,3,-1,0,,no,0,25-59,train,0.06,0,0,0
35,blue-collar,married,primary,no,-35,yes,no,cellular,17,jul,2,-1,0,,no,0,25-59,train,0.031,0,0,0
41,unemployed,divorced,secondary,no,142,yes,no,cellular,17,jul,3,-1,0,,no,0,25-59,test,0.158,0,0,0
50,blue-collar,married,secondary,no,84,yes,no,cellular,17,jul,8,-1,0,,no,0,25-59,test,0.022,0,0,0
40,technician,married,tertiary,no,0,yes,no,cellular,17,jul,3,-1,0,,no,0,25-59,test,0.074,0,0,0
27,entrepreneur,single,secondary,no,2,yes,no,cellular,17,jul,1,-1,0,,no,0,25-59,test,0.124,0,0,0
36,admin.,married,secondary,no,1314,yes,no,cellular,17,jul,3,-1,0,,no,0,25-59,train,0.087,0,0,0
27,services,married,secondary,no,0,yes,no,cellular,17,jul,5,-1,0,,yes,1,25-59,train,0.065,0,0,0
35,housemaid,married,tertiary,no,20,yes,yes,cellular,17,jul,3,-1,0,,no,0,25-59,train,0.046,0,0,0
34,blue-collar,married,primary,no,151,yes,no,cellular,17,jul,6,-1,0,,no,0,25-59,train,0.023,0,0,0
37,management,married,tertiary,yes,0,no,no,cellular,17,jul,2,-1,0,,no,0,25-59,train,0.093,0,0,0
31,blue-collar,married,secondary,no,64,yes,no,cellular,18,jul,3,-1,0,,no,0,25-59,test,0.033,0,0,0
60,retired,divorced,secondary,no,0,no,no,cellular,18,jul,10,-1,0,,no,0,under 25 or 60+,train,0.149,0,0,0
45,admin.,married,secondary,no,373,no,yes,cellular,18,jul,3,-1,0,,no,0,25-59,train,0.078,0,0,0
30,admin.,divorced,secondary,no,10,yes,no,cellular,18,jul,2,-1,0,,yes,1,25-59,train,0.157,0,0,0
31,management,married,tertiary,no,1720,yes,yes,cellular,18,jul,1,-1,0,,no,0,25-59,test,0.06,0,0,0
36,technician,married,secondary,no,1975,no,no,cellular,18,jul,1,-1,0,,no,0,25-59,test,0.107,0,0,0
38,blue-collar,single,secondary,no,334,yes,no,cellular,18,jul,7,-1,0,,no,0,25-59,train,0.036,0,0,0
38,management,single,tertiary,no,21963,no,no,telephone,18,jul,2,-1,0,,no,0,25-59,test,0.382,0,0,0
34,blue-collar,married,secondary,no,45,yes,yes,cellular,18,jul,3,-1,0,,no,0,25-59,test,0.019,0,0,0
37,technician,married,tertiary,no,-86,yes,no,cellular,21,jul,4,-1,0,,no,0,25-59,train,0.074,0,0,0
42,blue-collar,married,secondary,no,0,no,no,cellular,21,jul,2,-1,0,,no,0,25-59,train,0.06,0,0,0
41,technician,married,secondary,no,525,yes,no,cellular,21,jul,1,-1,0,,no,0,25-59,train,0.068,0,0,0
35,blue-collar,married,secondary,no,0,no,yes,cellular,21,jul,4,-1,0,,no,0,25-59,test,0.03,0,0,0
40,management,married,tertiary,no,-65,no,yes,cellular,21,jul,2,-1,0,,no,0,25-59,train,0.084,0,0,0
44,technician,divorced,secondary,no,316,yes,no,cellular,21,jul,3,-1,0,,no,0,25-59,train,0.104,0,0,0
37,management,married,tertiary,no,1893,no,yes,cellular,21,jul,2,-1,0,,no,0,25-59,train,0.093,0,0,0
52,blue-collar,divorced,primary,no,29,yes,no,cellular,21,jul,1,-1,0,,no,0,25-59,train,0.067,0,0,0
32,management,divorced,tertiary,no,1486,yes,no,cellular,21,jul,2,-1,0,,no,0,25-59,train,0.171,0,0,0
28,unemployed,married,secondary,no,-353,no,yes,cellular,21,jul,1,-1,0,,no,0,25-59,train,0.101,0,0,0
31,blue-collar,married,secondary,no,-596,yes,no,cellular,21,jul,1,-1,0,,no,0,25-59,train,0.04,0,0,0
43,management,married,tertiary,no,0,yes,no,cellular,21,jul,1,-1,0,,no,0,25-59,train,0.098,0,0,0
56,technician,divorced,secondary,no,672,no,no,cellular,21,jul,9,-1,0,,no,0,25-59,train,0.105,0,0,0
59,management,married,tertiary,no,1889,no,no,cellular,21,jul,1,-1,0,,no,0,25-59,train,0.163,0,0,0
35,blue-collar,single,tertiary,no,0,yes,no,cellular,21,jul,4,-1,0,,no,0,25-59,train,0.067,0,0,0
29,services,married,secondary,no,57,yes,no,telephone,21,jul,9,-1,0,,no,0,25-59,train,0.043,0,0,0
46,admin.,married,secondary,no,5169,no,no,cellular,22,jul,14,-1,0,,no,0,25-59,train,0.078,0,0,0
58,unemployed,married,tertiary,no,0,no,yes,cellular,22,jul,3,-1,0,,no,0,25-59,train,0.126,0,0,0
27,blue-collar,single,secondary,no,28,no,no,telephone,22,jul,3,-1,0,,no,0,25-59,train,0.069,0,0,0
43,management,divorced,tertiary,no,-496,yes,yes,cellular,22,jul,3,-1,0,,no,0,25-59,train,0.09,0,0,0
37,technician,single,secondary,no,-59,yes,no,cellular,22,jul,1,-1,0,,no,0,25-59,train,0.097,0,0,0
47,technician,single,secondary,no,-504,no,yes,cellular,22,jul,1,-1,0,,no,0,25-59,test,0.088,0,0,0
27,admin.,married,secondary,no,-790,yes,no,cellular,22,jul,4,-1,0,,no,0,25-59,train,0.079,0,0,0
30,entrepreneur,married,secondary,no,-346,yes,yes,cellular,22,jul,1,-1,0,,no,0,25-59,test,0.055,0,0,0
25,admin.,single,secondary,no,18,yes,no,cellular,22,jul,1,-1,0,,no,0,25-59,test,0.147,0,0,0
37,technician,married,secondary,no,54,yes,yes,cellular,22,jul,2,-1,0,,no,0,25-59,test,0.036,0,0,0
32,services,single,tertiary,no,143,yes,yes,cellular,22,jul,3,-1,0,,no,0,25-59,test,0.1,0,0,0
41,admin.,married,secondary,no,2993,yes,no,cellular,22,jul,12,-1,0,,no,0,25-59,test,0.052,0,0,0
51,blue-collar,married,secondary,no,0,yes,yes,cellular,22,jul,2,-1,0,,no,0,25-59,train,0.022,0,0,0
58,admin.,divorced,secondary,no,74,yes,no,telephone,22,jul,11,-1,0,,no,0,25-59,test,0.074,0,0,0
33,blue-collar,married,secondary,no,-130,yes,no,cellular,22,jul,2,-1,0,,no,0,25-59,test,0.038,0,0,0
59,blue-collar,married,secondary,no,786,no,yes,cellular,22,jul,4,-1,0,,no,0,25-59,train,0.032,0,0,0
34,blue-collar,single,secondary,no,-199,no,no,cellular,22,jul,10,-1,0,,no,0,25-59,train,0.048,0,0,0
25,technician,single,secondary,no,0,yes,no,cellular,23,jul,5,-1,0,,no,0,25-59,train,0.073,0,0,0
45,admin.,married,secondary,no,295,yes,no,cellular,23,jul,1,-1,0,,no,0,25-59,train,0.106,0,0,0
26,blue-collar,married,secondary,no,0,yes,no,telephone,23,jul,4,-1,0,,no,0,25-59,train,0.028,0,0,0
36,technician,married,tertiary,no,62,no,no,cellular,23,jul,2,-1,0,,no,0,25-59,test,0.136,0,0,0
31,admin.,single,secondary,no,5248,no,yes,cellular,23,jul,1,-1,0,,no,0,25-59,train,0.176,0,0,0
47,admin.,divorced,secondary,no,136,no,yes,cellular,23,jul,1,-1,0,,no,0,25-59,test,0.171,0,0,0
33,services,divorced,secondary,no,44,no,yes,cellular,23,jul,1,-1,0,,yes,1,25-59,train,0.159,0,0,0
48,blue-collar,married,primary,no,-460,no,no,cellular,23,jul,1,-1,0,,no,0,25-59,test,0.058,0,0,0
39,management,married,secondary,no,6012,no,no,telephone,23,jul,2,-1,0,,no,0,25-59,train,0.118,0,0,0
28,student,single,secondary,no,153,no,no,cellular,23,jul,2,-1,0,,yes,1,25-59,train,0.259,0,0,0
39,technician,married,secondary,no,694,yes,no,cellular,23,jul,5,-1,0,,no,0,25-59,train,0.052,0,0,0
59,retired,married,secondary,no,1449,yes,yes,cellular,23,jul,2,-1,0,,no,0,25-59,test,0.069,0,0,0
42,blue-collar,married,,no,149,yes,no,telephone,23,jul,3,-1,0,,no,0,25-59,test,0.019,0,0,0
51,self-employed,married,secondary,no,95,yes,no,cellular,23,jul,4,-1,0,,yes,1,25-59,train,0.043,0,0,0
27,self-employed,single,tertiary,no,1,yes,no,cellular,23,jul,4,-1,0,,no,0,25-59,train,0.087,0,0,0
34,technician,married,tertiary,no,4,yes,no,telephone,24,jul,1,-1,0,,no,0,25-59,train,0.082,0,0,0
40,management,married,tertiary,no,416,yes,no,cellular,24,jul,2,-1,0,,no,0,25-59,train,0.098,0,0,0
59,retired,married,secondary,no,163,no,no,cellular,24,jul,1,-1,0,,no,0,25-59,train,0.178,0,0,0
35,technician,single,tertiary,no,4,yes,no,cellular,24,jul,1,-1,0,,no,0,25-59,train,0.139,0,0,0
38,unemployed,married,secondary,no,0,no,no,cellular,24,jul,2,-1,0,,no,0,25-59,test,0.164,0,0,0
33,management,divorced,tertiary,no,990,yes,no,cellular,24,jul,2,-1,0,,yes,1,25-59,train,0.175,0,0,0
38,technician,married,secondary,no,69,no,yes,cellular,24,jul,2,-1,0,,no,0,25-59,train,0.06,0,0,0
38,management,married,tertiary,no,272,yes,no,cellular,24,jul,1,-1,0,,no,0,25-59,train,0.105,0,0,0
35,blue-collar,married,primary,no,0,yes,no,cellular,24,jul,6,-1,0,,no,0,25-59,train,0.026,0,0,0
47,services,married,secondary,no,2,no,no,cellular,24,jul,2,-1,0,,no,0,25-59,train,0.141,0,0,0
29,blue-collar,married,primary,no,787,yes,no,cellular,24,jul,2,-1,0,,no,0,25-59,train,0.037,0,0,0
35,technician,single,secondary,yes,0,no,no,cellular,25,jul,3,-1,0,,no,0,25-59,train,0.096,0,0,0
57,entrepreneur,married,secondary,yes,-525,no,yes,cellular,25,jul,1,-1,0,,no,0,25-59,train,0.063,0,0,0
27,technician,single,secondary,no,3485,no,yes,cellular,25,jul,2,-1,0,,no,0,25-59,train,0.105,0,0,0
44,technician,single,primary,no,237,yes,no,cellular,25,jul,1,-1,0,,no,0,25-59,train,0.093,0,0,0
36,housemaid,married,tertiary,no,147,yes,yes,cellular,25,jul,1,-1,0,,no,0,25-59,test,0.063,0,0,0
40,management,married,tertiary,no,-7,no,yes,telephone,25,jul,1,-1,0,,no,0,25-59,train,0.082,0,0,0
42,management,divorced,secondary,no,284,no,no,cellular,25,jul,4,-1,0,,no,0,25-59,train,0.166,0,0,0
49,entrepreneur,married,secondary,no,1147,yes,yes,cellular,25,jul,3,-1,0,,no,0,25-59,train,0.054,0,0,0
38,admin.,married,primary,no,0,yes,yes,telephone,25,jul,5,-1,0,,no,0,25-59,train,0.035,0,0,0
39,technician,married,secondary,no,10685,yes,no,cellular,25,jul,9,-1,0,,yes,1,25-59,test,0.066,0,0,0
35,self-employed,married,secondary,no,5613,yes,no,cellular,28,jul,3,-1,0,,yes,1,25-59,test,0.067,0,0,0
59,housemaid,married,primary,no,0,no,yes,telephone,28,jul,2,-1,0,,no,0,25-59,train,0.051,0,0,0
26,blue-collar,single,primary,no,1538,no,yes,cellular,28,jul,3,-1,0,,no,0,25-59,test,0.052,0,0,0
33,entrepreneur,married,tertiary,no,407,yes,no,cellular,28,jul,2,-1,0,,no,0,25-59,test,0.138,0,0,0
41,housemaid,married,secondary,no,0,yes,no,telephone,28,jul,2,-1,0,,no,0,25-59,train,0.061,0,0,0
37,blue-collar,single,primary,no,147,no,no,cellular,28,jul,19,-1,0,,no,0,25-59,train,0.024,0,0,0
45,admin.,married,secondary,no,1214,yes,no,cellular,28,jul,2,-1,0,,no,0,25-59,test,0.113,0,0,0
33,management,married,tertiary,no,1206,yes,no,cellular,28,jul,6,-1,0,,no,0,25-59,train,0.081,0,0,0
40,admin.,single,secondary,no,419,no,yes,cellular,28,jul,16,-1,0,,no,0,25-59,train,0.051,0,0,0
30,blue-collar,single,secondary,no,567,yes,no,cellular,28,jul,5,-1,0,,no,0,25-59,train,0.051,0,0,0
27,management,single,secondary,no,0,yes,yes,cellular,28,jul,2,-1,0,,no,0,25-59,train,0.064,0,0,0
57,services,married,primary,no,1700,yes,no,cellular,29,jul,12,-1,0,,no,0,25-59,train,0.046,0,0,0
32,blue-collar,married,secondary,no,129,yes,no,cellular,29,jul,7,-1,0,,no,0,25-59,train,0.03,0,0,0
56,retired,married,primary,no,21,no,no,cellular,29,jul,7,-1,0,,no,0,25-59,train,0.115,0,0,0
44,management,single,primary,no,4,no,no,cellular,29,jul,3,-1,0,,no,0,25-59,train,0.138,0,0,0
56,services,married,,no,0,no,no,cellular,29,jul,2,-1,0,,no,0,25-59,train,0.103,0,0,0
42,admin.,single,secondary,no,2534,no,no,cellular,29,jul,2,-1,0,,no,0,25-59,train,0.251,0,0,0
32,services,married,secondary,no,2578,no,no,cellular,29,jul,3,-1,0,,no,0,25-59,test,0.161,0,0,0
33,technician,single,secondary,no,338,yes,no,cellular,29,jul,4,-1,0,,no,0,25-59,train,0.089,0,0,0
42,technician,single,secondary,no,275,no,no,cellular,29,jul,3,-1,0,,no,0,25-59,test,0.146,0,0,0
50,services,married,,no,1688,no,no,telephone,29,jul,2,-1,0,,no,0,25-59,train,0.094,0,0,0
53,technician,married,,no,8605,no,no,cellular,29,jul,3,-1,0,,no,0,25-59,train,0.102,0,0,0
56,housemaid,married,secondary,no,559,no,no,cellular,29,jul,5,-1,0,,no,0,25-59,train,0.095,0,0,0
49,admin.,married,secondary,no,0,yes,yes,cellular,29,jul,7,-1,0,,no,0,25-59,train,0.044,0,0,0
35,technician,married,secondary,no,840,yes,no,cellular,29,jul,4,-1,0,,no,0,25-59,test,0.063,0,0,0
47,entrepreneur,divorced,secondary,no,2,yes,yes,cellular,29,jul,4,-1,0,,no,0,25-59,test,0.092,0,0,0
45,services,married,secondary,no,219,yes,yes,cellular,29,jul,8,-1,0,,no,0,25-59,test,0.038,0,0,0
48,management,single,tertiary,no,906,yes,no,telephone,29,jul,9,-1,0,,no,0,25-59,train,0.079,0,0,0
25,services,single,secondary,no,5,no,yes,cellular,30,jul,6,-1,0,,no,0,25-59,test,0.102,0,0,0
33,unemployed,married,secondary,no,66,no,yes,cellular,30,jul,8,-1,0,,no,0,25-59,train,0.072,0,0,0
49,technician,married,secondary,no,1091,no,no,telephone,30,jul,2,-1,0,,no,0,25-59,train,0.099,0,0,0
37,admin.,divorced,tertiary,no,43,yes,no,cellular,30,jul,2,-1,0,,no,0,25-59,train,0.253,0,0,0
30,housemaid,married,primary,no,462,no,yes,cellular,30,jul,3,-1,0,,no,0,25-59,train,0.06,0,0,0
46,technician,married,secondary,no,0,no,no,cellular,30,jul,2,-1,0,,no,0,25-59,train,0.111,0,0,0
31,management,married,tertiary,no,18,yes,no,cellular,30,jul,19,-1,0,,no,0,25-59,train,0.029,0,0,0
41,blue-collar,divorced,primary,no,0,no,no,cellular,30,jul,2,-1,0,,yes,1,25-59,train,0.113,0,0,0
51,technician,married,secondary,yes,61,no,yes,telephone,30,jul,20,-1,0,,no,0,25-59,test,0.009,0,0,0
35,unemployed,single,secondary,no,0,no,no,cellular,30,jul,3,-1,0,,no,0,25-59,train,0.234,0,0,0
53,unemployed,married,secondary,no,2248,yes,no,cellular,30,jul,1,-1,0,,no,0,25-59,train,0.143,0,0,0
45,technician,divorced,secondary,no,167,no,no,cellular,30,jul,11,-1,0,,no,0,25-59,test,0.103,0,0,0
57,retired,divorced,secondary,no,39,yes,no,cellular,30,jul,3,-1,0,,no,0,25-59,train,0.195,0,0,0
46,management,married,tertiary,no,37,yes,no,cellular,30,jul,4,-1,0,,no,0,25-59,test,0.092,0,0,0
40,services,divorced,secondary,no,694,yes,no,cellular,31,jul,14,-1,0,,no,0,25-59,train,0.08,0,0,0
43,admin.,married,secondary,no,0,no,no,cellular,31,jul,8,-1,0,,no,0,25-59,train,0.111,0,0,0
56,management,married,tertiary,no,25290,no,no,cellular,31,jul,12,-1,0,,no,0,25-59,test,0.254,0,0,0
43,admin.,married,secondary,no,1996,no,yes,cellular,31,jul,3,-1,0,,no,0,25-59,train,0.106,0,0,0
59,retired,married,,no,201,no,no,cellular,31,jul,7,-1,0,,no,0,25-59,test,0.088,0,0,0
27,technician,single,secondary,no,0,no,no,cellular,31,jul,3,-1,0,,no,0,25-59,test,0.149,0,0,0
37,admin.,single,secondary,no,483,no,no,cellular,31,jul,11,-1,0,,no,0,25-59,train,0.131,0,0,0
35,technician,single,secondary,no,161,yes,yes,cellular,31,jul,4,-1,0,,no,0,25-59,train,0.055,0,0,0
39,services,divorced,secondary,no,42,no,no,cellular,31,jul,2,-1,0,,no,0,25-59,train,0.263,0,0,0
41,blue-collar,married,secondary,no,750,yes,no,cellular,31,jul,2,-1,0,,no,0,25-59,test,0.047,0,0,0
35,admin.,divorced,secondary,no,-218,no,yes,cellular,31,jul,4,-1,0,,no,0,25-59,train,0.156,0,0,0
46,blue-collar,divorced,,no,2391,yes,no,cellular,31,jul,2,-1,0,,no,0,25-59,test,0.061,0,0,0
38,management,married,tertiary,no,0,no,yes,cellular,31,jul,2,-1,0,,no,0,25-59,test,0.101,0,0,0
45,blue-collar,married,primary,no,-455,yes,yes,cellular,31,jul,2,-1,0,,no,0,25-59,train,0.023,0,0,0
56,,married,,no,33,no,no,telephone,31,jul,15,-1,0,,no,0,25-59,train,0.027,0,0,0
36,technician,married,secondary,no,7957,no,no,cellular,31,jul,2,-1,0,,no,0,25-59,test,0.164,0,0,0
32,admin.,married,secondary,no,347,yes,no,cellular,31,jul,13,-1,0,,no,0,25-59,train,0.05,0,0,0
36,management,single,tertiary,no,2706,no,no,cellular,31,jul,3,-1,0,,no,0,25-59,train,0.239,0,0,0
59,admin.,married,primary,no,1040,no,no,telephone,31,jul,1,-1,0,,no,0,25-59,train,0.146,0,0,0
55,technician,married,tertiary,no,804,no,no,cellular,31,jul,5,-1,0,,no,0,25-59,train,0.131,0,0,0
50,blue-collar,married,primary,no,235,no,no,cellular,31,jul,20,-1,0,,no,0,25-59,test,0.016,0,0,0
49,technician,divorced,secondary,no,2677,yes,yes,cellular,31,jul,3,-1,0,,no,0,25-59,train,0.083,0,0,0
46,management,married,tertiary,no,4879,no,no,cellular,31,jul,3,-1,0,,no,0,25-59,train,0.191,0,0,0
52,services,divorced,secondary,no,0,no,no,cellular,31,jul,3,-1,0,,no,0,25-59,train,0.247,0,0,0
47,management,divorced,tertiary,no,94,yes,no,cellular,31,jul,19,-1,0,,no,0,25-59,train,0.055,0,0,0
54,self-employed,married,tertiary,no,368,no,no,telephone,31,jul,4,-1,0,,no,0,25-59,test,0.092,0,0,0
39,housemaid,married,secondary,no,315,yes,no,cellular,31,jul,13,-1,0,,no,0,25-59,test,0.034,0,0,0
33,blue-collar,married,secondary,no,249,yes,no,cellular,31,jul,4,-1,0,,no,0,25-59,test,0.039,0,0,0
40,admin.,married,secondary,no,341,no,no,cellular,31,jul,5,-1,0,,yes,1,25-59,train,0.14,0,0,0
26,admin.,single,tertiary,no,2053,no,no,cellular,31,jul,4,-1,0,,no,0,25-59,train,0.294,0,0,0
50,unemployed,single,secondary,no,588,no,no,cellular,31,jul,3,-1,0,,no,0,25-59,train,0.243,0,0,0
57,admin.,married,primary,no,6997,no,no,cellular,4,aug,1,-1,0,,no,0,25-59,test,0.132,0,0,0
37,management,married,tertiary,no,355,no,no,cellular,4,aug,1,-1,0,,no,0,25-59,test,0.104,0,0,0
52,management,married,tertiary,no,193,no,no,cellular,4,aug,1,-1,0,,no,0,25-59,train,0.103,0,0,0
58,retired,married,,no,928,no,no,telephone,4,aug,2,-1,0,,no,0,25-59,test,0.063,0,0,0
50,admin.,married,secondary,no,0,no,no,cellular,4,aug,4,-1,0,,no,0,25-59,train,0.085,0,0,0
49,admin.,married,secondary,no,949,no,no,cellular,4,aug,1,-1,0,,no,0,25-59,train,0.11,0,0,0
41,management,married,tertiary,no,1391,no,no,cellular,5,aug,1,-1,0,,no,0,25-59,test,0.111,0,0,0
53,admin.,married,tertiary,no,5094,no,no,cellular,5,aug,1,-1,0,,no,0,25-59,test,0.186,0,0,0
47,management,married,tertiary,no,295,yes,no,cellular,5,aug,1,-1,0,,no,0,25-59,train,0.068,0,0,0
35,management,married,tertiary,no,0,yes,no,cellular,5,aug,2,-1,0,,no,0,25-59,train,0.062,0,0,0
60,retired,married,secondary,no,0,no,no,cellular,5,aug,3,-1,0,,no,0,under 25 or 60+,test,0.102,0,0,0
39,management,married,tertiary,no,8195,no,no,cellular,5,aug,3,-1,0,,no,0,25-59,test,0.133,0,0,0
54,management,married,tertiary,no,0,no,no,cellular,5,aug,3,-1,0,,no,0,25-59,test,0.09,0,0,0
33,,married,secondary,no,2727,no,no,cellular,6,aug,3,-1,0,,no,0,25-59,train,0.082,0,0,0
45,admin.,married,secondary,no,925,no,no,cellular,6,aug,2,-1,0,,yes,1,25-59,train,0.106,0,0,0
48,technician,married,secondary,no,7020,no,no,cellular,6,aug,2,-1,0,,no,0,25-59,train,0.094,0,0,0
46,blue-collar,married,secondary,no,398,yes,yes,cellular,6,aug,2,-1,0,,no,0,25-59,train,0.015,0,0,0
55,retired,married,primary,no,628,no,yes,cellular,6,aug,2,-1,0,,no,0,25-59,train,0.062,0,0,0
35,management,married,secondary,no,533,no,no,cellular,6,aug,12,-1,0,,no,0,25-59,train,0.033,0,0,0
54,blue-collar,married,secondary,no,506,yes,no,cellular,6,aug,2,-1,0,,no,0,25-59,train,0.026,0,0,0
45,blue-collar,married,secondary,no,333,no,yes,cellular,6,aug,2,-1,0,,no,0,25-59,train,0.024,0,0,0
35,management,married,tertiary,no,249,yes,no,cellular,6,aug,2,-1,0,,no,0,25-59,train,0.064,0,0,0
32,technician,single,secondary,no,145,no,no,cellular,6,aug,2,-1,0,,no,0,25-59,train,0.096,0,0,0
57,technician,married,tertiary,no,624,no,no,cellular,6,aug,4,-1,0,,no,0,25-59,test,0.082,0,0,0
43,management,married,tertiary,no,690,yes,no,cellular,6,aug,3,-1,0,,no,0,25-59,train,0.061,0,0,0
50,admin.,married,secondary,no,-79,no,yes,cellular,6,aug,7,-1,0,,no,0,25-59,train,0.041,0,0,0
42,housemaid,married,primary,no,128,no,no,cellular,6,aug,2,-1,0,,no,0,25-59,train,0.063,0,0,0
35,technician,divorced,tertiary,no,20,yes,yes,cellular,7,aug,2,-1,0,,no,0,25-59,train,0.065,0,0,0
52,admin.,married,,no,635,no,no,cellular,7,aug,4,-1,0,,no,0,25-59,train,0.06,0,0,0
45,blue-collar,married,primary,no,-485,yes,no,cellular,7,aug,2,-1,0,,no,0,25-59,test,0.023,0,0,0
36,management,married,tertiary,no,1318,yes,no,cellular,7,aug,2,-1,0,,no,0,25-59,test,0.069,0,0,0
38,management,single,tertiary,no,470,no,no,cellular,7,aug,2,-1,0,,no,0,25-59,train,0.146,0,0,0
47,management,married,tertiary,no,5999,yes,no,cellular,7,aug,2,-1,0,,no,0,25-59,train,0.087,0,0,0
57,technician,married,tertiary,no,6822,no,no,cellular,7,aug,2,-1,0,,yes,1,25-59,train,0.131,0,0,0
50,blue-collar,married,secondary,no,1176,no,no,cellular,7,aug,2,-1,0,,no,0,25-59,train,0.044,0,0,0
33,management,married,tertiary,no,3915,no,no,cellular,7,aug,4,-1,0,,no,0,25-59,train,0.105,0,0,0
35,management,married,tertiary,no,416,no,no,cellular,7,aug,4,-1,0,,no,0,25-59,test,0.088,0,0,0
46,technician,divorced,secondary,no,-824,yes,no,cellular,7,aug,3,-1,0,,yes,1,25-59,train,0.07,0,0,0
31,management,married,tertiary,no,676,no,no,cellular,7,aug,1,-1,0,,yes,1,25-59,train,0.111,0,0,0
33,management,single,tertiary,no,605,no,no,cellular,7,aug,3,-1,0,,no,0,25-59,train,0.137,0,0,0
54,services,married,primary,no,1059,no,no,cellular,7,aug,3,-1,0,,no,0,25-59,train,0.084,0,0,0
44,technician,married,secondary,no,326,yes,no,cellular,8,aug,2,-1,0,,no,0,25-59,test,0.044,0,0,0
34,management,married,tertiary,yes,38,no,no,cellular,8,aug,11,-1,0,,no,0,25-59,test,0.036,0,0,0
32,technician,married,secondary,no,3333,no,no,cellular,8,aug,4,-1,0,,no,0,25-59,train,0.07,0,0,0
47,unemployed,married,secondary,no,1108,no,no,cellular,8,aug,2,-1,0,,no,0,25-59,test,0.121,0,0,0
37,technician,married,secondary,no,180,no,no,cellular,8,aug,2,-1,0,,no,0,25-59,train,0.069,0,0,0
36,management,divorced,tertiary,no,8119,no,yes,cellular,8,aug,2,-1,0,,no,0,25-59,test,0.16,0,0,0
33,management,married,tertiary,no,530,yes,no,cellular,8,aug,2,-1,0,,no,0,25-59,train,0.067,0,0,0
46,management,married,tertiary,no,1808,no,no,cellular,8,aug,2,-1,0,,no,0,25-59,test,0.111,0,0,0
31,technician,married,secondary,no,172,no,no,cellular,8,aug,2,-1,0,,no,0,25-59,train,0.069,0,0,0
34,management,divorced,tertiary,no,221,no,no,cellular,8,aug,2,-1,0,,no,0,25-59,train,0.179,0,0,0
57,admin.,married,primary,no,853,yes,no,cellular,8,aug,4,-1,0,,no,0,25-59,test,0.054,0,0,0
53,unemployed,divorced,tertiary,no,0,yes,yes,cellular,8,aug,2,-1,0,,no,0,25-59,train,0.112,0,0,0
31,technician,single,tertiary,no,2744,yes,no,cellular,8,aug,2,-1,0,,no,0,25-59,train,0.102,0,0,0
43,self-employed,married,primary,no,9304,no,no,cellular,8,aug,4,-1,0,,no,0,25-59,train,0.066,0,0,0
33,technician,married,secondary,no,-534,yes,yes,cellular,8,aug,7,-1,0,,no,0,25-59,train,0.017,0,0,0
47,management,single,tertiary,no,275,no,no,cellular,8,aug,2,-1,0,,no,0,25-59,train,0.147,0,0,0
33,technician,single,tertiary,no,6127,no,no,cellular,8,aug,3,-1,0,,no,0,25-59,train,0.169,0,0,0
46,management,married,tertiary,no,1103,yes,no,cellular,8,aug,3,-1,0,,no,0,25-59,train,0.064,0,0,0
32,technician,single,secondary,no,3297,no,no,cellular,11,aug,2,-1,0,,no,0,25-59,train,0.122,0,0,0
34,management,divorced,tertiary,no,4231,yes,no,cellular,11,aug,2,-1,0,,no,0,25-59,train,0.151,0,0,0
53,management,married,tertiary,no,657,no,no,cellular,11,aug,2,-1,0,,no,0,25-59,train,0.111,0,0,0
30,management,single,secondary,no,0,no,no,cellular,11,aug,5,-1,0,,no,0,25-59,test,0.089,0,0,0
55,technician,married,secondary,no,756,no,no,cellular,11,aug,3,-1,0,,no,0,25-59,train,0.07,0,0,0
31,technician,single,tertiary,no,1463,no,no,cellular,11,aug,2,-1,0,,no,0,25-59,test,0.154,0,0,0
33,housemaid,married,primary,no,0,no,no,cellular,11,aug,2,-1,0,,no,0,25-59,test,0.069,0,0,0
34,technician,single,tertiary,no,370,no,no,cellular,11,aug,2,-1,0,,no,0,25-59,train,0.147,0,0,0
30,management,single,tertiary,no,4889,no,no,cellular,11,aug,2,-1,0,,yes,1,25-59,train,0.19,0,0,0
35,management,married,tertiary,no,43,no,no,cellular,11,aug,4,-1,0,,yes,1,25-59,test,0.093,0,0,0
46,management,single,tertiary,no,379,no,no,cellular,11,aug,6,-1,0,,no,0,25-59,test,0.117,0,0,0
30,management,single,tertiary,no,725,no,no,cellular,11,aug,4,-1,0,,no,0,25-59,train,0.137,0,0,0
30,management,single,tertiary,no,6493,no,no,cellular,11,aug,5,-1,0,,no,0,25-59,train,0.167,0,0,0
47,services,married,secondary,no,24,no,no,cellular,11,aug,3,-1,0,,no,0,25-59,train,0.096,0,0,0
51,blue-collar,married,primary,no,541,no,no,cellular,11,aug,3,-1,0,,yes,1,25-59,train,0.038,0,0,0
31,technician,married,secondary,no,30,no,no,telephone,11,aug,5,-1,0,,no,0,25-59,test,0.048,0,0,0
50,self-employed,married,secondary,no,111,no,no,cellular,11,aug,3,-1,0,,no,0,25-59,train,0.053,0,0,0
47,blue-collar,married,secondary,no,2787,no,no,cellular,11,aug,1,-1,0,,yes,1,25-59,train,0.056,0,0,0
32,technician,married,secondary,no,1568,no,no,cellular,12,aug,6,-1,0,,no,0,25-59,train,0.059,0,0,0
35,management,married,tertiary,no,1383,no,no,cellular,12,aug,2,-1,0,,no,0,25-59,test,0.117,0,0,0
59,blue-collar,married,primary,no,2192,no,no,cellular,12,aug,2,-1,0,,no,0,25-59,train,0.046,0,0,0
32,technician,single,secondary,no,-114,no,no,cellular,12,aug,2,-1,0,,no,0,25-59,train,0.106,0,0,0
30,management,married,secondary,no,850,no,no,cellular,12,aug,2,-1,0,,yes,1,25-59,train,0.082,0,0,0
44,self-employed,married,primary,no,614,no,no,cellular,12,aug,4,-1,0,,no,0,25-59,test,0.046,0,0,0
30,technician,single,secondary,no,281,no,no,cellular,12,aug,2,-1,0,,no,0,25-59,train,0.108,0,0,0
42,unemployed,divorced,secondary,no,759,no,no,cellular,12,aug,3,-1,0,,no,0,25-59,train,0.204,0,0,0
33,technician,married,secondary,no,3243,no,no,cellular,12,aug,4,-1,0,,yes,1,25-59,test,0.074,0,0,0
52,housemaid,married,,no,544,no,no,cellular,12,aug,2,-1,0,,no,0,25-59,train,0.052,0,0,0
32,technician,single,tertiary,no,720,no,no,cellular,12,aug,4,-1,0,,no,0,25-59,test,0.132,0,0,0
54,technician,married,secondary,no,658,no,no,cellular,12,aug,4,-1,0,,no,0,25-59,test,0.065,0,0,0
52,technician,divorced,secondary,no,106,no,no,cellular,12,aug,4,-1,0,,no,0,25-59,train,0.114,0,0,0
60,technician,married,tertiary,no,131,no,no,cellular,12,aug,6,-1,0,,no,0,under 25 or 60+,train,0.077,0,0,0
54,management,divorced,tertiary,no,3473,yes,no,cellular,12,aug,2,-1,0,,no,0,25-59,train,0.148,0,0,0
54,blue-collar,married,primary,no,1173,no,no,telephone,12,aug,8,-1,0,,no,0,25-59,train,0.023,0,0,0
31,technician,single,tertiary,no,36,no,no,cellular,12,aug,3,-1,0,,no,0,25-59,train,0.137,0,0,0
31,management,single,tertiary,no,391,yes,no,cellular,12,aug,3,-1,0,,no,0,25-59,test,0.097,0,0,0
32,management,single,tertiary,no,1310,no,no,cellular,12,aug,3,-1,0,,no,0,25-59,test,0.154,0,0,0
52,admin.,married,secondary,no,692,yes,no,cellular,12,aug,9,-1,0,,no,0,25-59,test,0.044,0,0,0
45,management,divorced,tertiary,no,2096,no,no,cellular,13,aug,2,-1,0,,no,0,25-59,train,0.21,0,0,0
58,technician,single,secondary,no,382,no,no,cellular,13,aug,2,-1,0,,no,0,25-59,test,0.11,0,0,0
34,technician,single,tertiary,no,2521,no,no,cellular,13,aug,2,-1,0,,no,0,25-59,train,0.167,0,0,0
42,management,married,tertiary,no,0,no,no,cellular,13,aug,2,-1,0,,no,0,25-59,train,0.111,0,0,0
37,technician,single,secondary,no,-242,yes,no,cellular,13,aug,6,-1,0,,yes,1,25-59,test,0.051,0,0,0
60,blue-collar,married,primary,no,0,no,yes,cellular,13,aug,4,-1,0,,no,0,under 25 or 60+,train,0.021,0,0,0
47,admin.,married,secondary,no,328,no,no,cellular,13,aug,2,-1,0,,no,0,25-59,test,0.116,0,0,0
52,unemployed,married,secondary,no,9139,no,no,cellular,13,aug,2,-1,0,,no,0,25-59,train,0.19,0,0,0
30,technician,single,tertiary,no,635,no,no,cellular,13,aug,8,-1,0,,yes,1,25-59,train,0.1,0,0,0
52,management,single,tertiary,no,556,no,no,cellular,13,aug,6,-1,0,,no,0,25-59,train,0.122,0,0,0
60,management,married,secondary,no,13238,no,no,cellular,13,aug,4,-1,0,,no,0,under 25 or 60+,train,0.131,0,0,0
30,technician,single,tertiary,no,177,no,no,cellular,13,aug,3,-1,0,,no,0,25-59,train,0.14,0,0,0
42,technician,married,tertiary,no,1361,no,no,cellular,13,aug,5,-1,0,,no,0,25-59,train,0.09,0,0,0
56,blue-collar,married,primary,no,379,no,no,cellular,13,aug,5,-1,0,,no,0,25-59,train,0.034,0,0,0
30,technician,single,secondary,no,160,no,no,cellular,14,aug,2,-1,0,,no,0,25-59,train,0.111,0,0,0
34,technician,married,secondary,no,903,yes,no,cellular,14,aug,2,-1,0,,no,0,25-59,train,0.051,0,0,0
40,housemaid,married,secondary,no,4610,no,no,cellular,14,aug,2,-1,0,,no,0,25-59,test,0.101,0,0,0
33,management,single,tertiary,no,3623,no,no,cellular,14,aug,2,-1,0,,no,0,25-59,train,0.188,0,0,0
56,entrepreneur,divorced,secondary,no,179,no,no,cellular,14,aug,2,-1,0,,no,0,25-59,train,0.187,0,0,0
32,technician,married,tertiary,no,943,no,no,cellular,14,aug,2,-1,0,,no,0,25-59,train,0.112,0,0,0
46,services,married,secondary,no,1516,no,no,cellular,14,aug,4,-1,0,,no,0,25-59,test,0.101,0,0,0
43,management,married,tertiary,no,4016,yes,no,cellular,14,aug,2,-1,0,,no,0,25-59,test,0.089,0,0,0
36,technician,single,secondary,no,318,no,no,cellular,14,aug,4,-1,0,,no,0,25-59,test,0.097,0,0,0
46,technician,divorced,secondary,no,0,no,no,telephone,14,aug,8,-1,0,,no,0,25-59,train,0.074,0,0,0
34,management,married,tertiary,no,1262,no,no,cellular,14,aug,1,-1,0,,no,0,25-59,train,0.129,0,0,0
33,unemployed,single,tertiary,no,6748,no,no,cellular,14,aug,2,-1,0,,yes,1,25-59,train,0.312,0,0,0
32,technician,single,secondary,no,1732,yes,no,cellular,14,aug,3,-1,0,,yes,1,25-59,test,0.072,0,0,0
36,management,married,tertiary,no,324,no,no,cellular,18,aug,4,-1,0,,no,0,25-59,train,0.107,0,0,0
30,management,single,tertiary,no,1077,no,no,cellular,18,aug,4,-1,0,,no,0,25-59,train,0.157,0,0,0
32,technician,married,secondary,no,0,yes,no,cellular,18,aug,4,-1,0,,no,0,25-59,test,0.045,0,0,0
48,blue-collar,married,primary,no,583,no,no,cellular,18,aug,8,-1,0,,no,0,25-59,train,0.029,0,0,0
54,services,married,secondary,no,3601,no,no,telephone,18,aug,3,-1,0,,no,0,25-59,train,0.109,0,0,0
39,technician,single,tertiary,no,1043,no,no,cellular,18,aug,10,-1,0,,no,0,25-59,train,0.096,0,0,0
58,admin.,married,,no,2180,no,no,cellular,18,aug,4,-1,0,,no,0,25-59,train,0.079,0,0,0
53,technician,married,secondary,no,180,no,yes,cellular,19,aug,2,-1,0,,no,0,25-59,train,0.05,0,0,0
50,management,divorced,tertiary,no,60,no,no,cellular,19,aug,2,-1,0,,no,0,25-59,train,0.211,0,0,0
46,management,divorced,tertiary,no,134,no,no,cellular,19,aug,2,-1,0,,no,0,25-59,train,0.212,0,0,0
32,management,married,tertiary,no,0,no,no,cellular,19,aug,6,-1,0,,no,0,25-59,train,0.092,0,0,0
57,retired,married,primary,no,3288,no,no,cellular,19,aug,4,-1,0,,no,0,25-59,test,0.128,0,0,0
53,services,married,secondary,no,139,yes,no,cellular,19,aug,17,-1,0,,no,0,25-59,train,0.024,0,0,0
30,technician,married,secondary,no,27,yes,no,cellular,19,aug,2,-1,0,,no,0,25-59,test,0.053,0,0,0
50,blue-collar,married,primary,no,-1,no,no,cellular,19,aug,2,-1,0,,no,0,25-59,train,0.047,0,0,0
43,technician,married,secondary,no,227,yes,yes,cellular,19,aug,2,-1,0,,no,0,25-59,train,0.031,0,0,0
33,blue-collar,married,tertiary,no,1465,no,no,cellular,19,aug,4,-1,0,,no,0,25-59,train,0.068,0,0,0
30,management,single,tertiary,no,-58,no,yes,cellular,19,aug,18,-1,0,,no,0,25-59,train,0.032,0,0,0
49,blue-collar,married,,no,5,no,no,cellular,19,aug,1,-1,0,,no,0,25-59,train,0.036,0,0,0
58,retired,married,tertiary,no,258,no,yes,cellular,19,aug,1,-1,0,,no,0,25-59,train,0.128,0,0,0
44,management,married,tertiary,no,1802,no,no,telephone,19,aug,5,-1,0,,no,0,25-59,test,0.091,0,0,0
42,admin.,married,secondary,no,329,no,no,cellular,19,aug,3,-1,0,,no,0,25-59,train,0.12,0,0,0
32,technician,single,secondary,no,0,yes,no,cellular,20,aug,2,-1,0,,no,0,25-59,train,0.079,0,0,0
42,management,single,tertiary,no,227,no,no,cellular,20,aug,8,-1,0,,no,0,25-59,train,0.118,0,0,0
56,admin.,married,secondary,no,374,no,no,cellular,20,aug,4,-1,0,,no,0,25-59,train,0.114,0,0,0
30,management,single,secondary,no,46,no,no,cellular,20,aug,4,-1,0,,no,0,25-59,train,0.112,0,0,0
42,entrepreneur,married,primary,no,149,no,no,cellular,20,aug,2,-1,0,,no,0,25-59,train,0.108,0,0,0
46,services,married,secondary,no,417,no,no,cellular,20,aug,2,-1,0,,no,0,25-59,test,0.123,0,0,0
60,retired,married,secondary,no,208,no,no,cellular,20,aug,4,-1,0,,no,0,under 25 or 60+,train,0.125,0,0,0
47,services,married,secondary,no,665,yes,no,cellular,20,aug,3,-1,0,,no,0,25-59,test,0.075,0,0,0
30,technician,single,secondary,no,790,no,no,cellular,20,aug,3,-1,0,,no,0,25-59,test,0.118,0,0,0
38,management,married,tertiary,no,1555,no,no,cellular,20,aug,5,-1,0,,no,0,25-59,train,0.109,0,0,0
55,technician,divorced,secondary,no,35,yes,no,cellular,20,aug,4,-1,0,,no,0,25-59,train,0.085,0,0,0
30,technician,single,tertiary,no,196,no,no,cellular,21,aug,2,-1,0,,no,0,25-59,train,0.171,0,0,0
38,technician,married,secondary,no,1960,yes,no,cellular,21,aug,2,-1,0,,no,0,25-59,train,0.061,0,0,0
41,housemaid,married,primary,no,39,no,no,cellular,21,aug,4,-1,0,,no,0,25-59,train,0.071,0,0,0
45,blue-collar,married,secondary,no,1179,no,no,cellular,21,aug,6,-1,0,,no,0,25-59,test,0.042,0,0,0
39,management,married,tertiary,no,1981,no,no,cellular,21,aug,4,-1,0,,no,0,25-59,train,0.121,0,0,0
40,management,married,tertiary,no,700,yes,no,cellular,21,aug,6,-1,0,,no,0,25-59,train,0.064,0,0,0
33,technician,divorced,secondary,no,557,yes,no,cellular,21,aug,1,-1,0,,no,0,25-59,train,0.111,0,0,0
32,management,single,tertiary,no,41,no,no,cellular,21,aug,5,-1,0,,yes,1,25-59,train,0.146,0,0,0
39,management,married,tertiary,no,1363,no,no,cellular,21,aug,3,-1,0,,no,0,25-59,train,0.127,0,0,0
33,management,single,tertiary,no,206,no,no,cellular,21,aug,3,-1,0,,no,0,25-59,train,0.169,0,0,0
60,management,married,tertiary,no,70,no,no,cellular,21,aug,1,-1,0,,no,0,under 25 or 60+,test,0.137,0,0,0
55,blue-collar,married,primary,no,2384,no,yes,telephone,21,aug,20,-1,0,,no,0,25-59,train,0.006,0,0,0
35,management,single,tertiary,no,-146,yes,no,cellular,21,aug,1,-1,0,,no,0,25-59,train,0.127,0,0,0
33,technician,single,tertiary,no,99,no,no,cellular,22,aug,2,-1,0,,no,0,25-59,train,0.173,0,0,0
34,admin.,married,secondary,no,36,no,no,cellular,22,aug,6,-1,0,,no,0,25-59,train,0.1,0,0,0
41,management,married,tertiary,no,23,no,no,cellular,22,aug,2,-1,0,,no,0,25-59,train,0.13,0,0,0
45,housemaid,married,secondary,no,1623,no,no,cellular,22,aug,4,-1,0,,no,0,25-59,train,0.087,0,0,0
31,technician,single,secondary,no,125,no,no,cellular,22,aug,2,-1,0,,no,0,25-59,train,0.127,0,0,0
32,management,single,tertiary,no,0,no,no,cellular,22,aug,2,-1,0,,no,0,25-59,train,0.182,0,0,0
32,self-employed,married,tertiary,no,3601,no,no,cellular,22,aug,15,-1,0,,no,0,25-59,train,0.043,0,0,0
36,technician,married,secondary,no,331,no,no,cellular,22,aug,4,-1,0,,no,0,25-59,train,0.077,0,0,0
36,management,divorced,tertiary,no,0,no,no,cellular,22,aug,4,-1,0,,no,0,25-59,test,0.194,0,0,0
49,management,married,tertiary,no,502,no,no,cellular,22,aug,4,-1,0,,no,0,25-59,train,0.115,0,0,0
59,admin.,married,secondary,no,1575,yes,no,cellular,22,aug,11,-1,0,,yes,1,25-59,train,0.048,0,0,0
43,management,married,secondary,no,445,no,no,cellular,22,aug,18,-1,0,,no,0,25-59,train,0.028,0,0,0
31,technician,married,secondary,no,298,no,no,cellular,22,aug,5,-1,0,,no,0,25-59,test,0.071,0,0,0
35,management,married,tertiary,no,94,no,no,cellular,22,aug,3,-1,0,,no,0,25-59,test,0.121,0,0,0
51,management,married,tertiary,no,79,no,yes,cellular,22,aug,7,-1,0,,no,0,25-59,test,0.054,0,0,0
33,technician,single,tertiary,no,0,no,no,cellular,22,aug,3,-1,0,,no,0,25-59,test,0.161,0,0,0
35,technician,single,secondary,no,24,no,no,cellular,22,aug,1,-1,0,,no,0,25-59,train,0.136,0,0,0
58,technician,married,tertiary,no,0,no,no,cellular,25,aug,4,-1,0,,no,0,25-59,test,0.112,0,0,0
32,technician,married,secondary,yes,4,yes,yes,cellular,25,aug,8,-1,0,,no,0,25-59,test,0.015,0,0,0
43,technician,married,secondary,no,136,no,no,cellular,25,aug,7,-1,0,,yes,1,25-59,train,0.064,0,0,0
47,technician,married,tertiary,no,52,no,no,cellular,25,aug,5,-1,0,,no,0,25-59,test,0.104,0,0,0
33,management,single,tertiary,no,369,no,no,cellular,25,aug,10,-1,0,,no,0,25-59,train,0.112,0,0,0
56,management,single,tertiary,no,3694,no,no,cellular,25,aug,4,-1,0,,no,0,25-59,train,0.197,0,0,0
36,technician,single,secondary,no,351,no,no,cellular,25,aug,3,-1,0,,no,0,25-59,train,0.126,0,0,0
42,self-employed,married,tertiary,no,1385,no,no,cellular,25,aug,19,-1,0,,no,0,25-59,train,0.03,0,0,0
39,entrepreneur,married,tertiary,no,0,no,no,cellular,25,aug,10,-1,0,,no,0,25-59,train,0.101,0,0,0
44,technician,divorced,secondary,no,242,no,no,cellular,25,aug,4,-1,0,,no,0,25-59,train,0.143,0,0,0
43,technician,married,secondary,no,275,no,no,cellular,25,aug,6,-1,0,,no,0,25-59,train,0.07,0,0,0
60,management,married,tertiary,yes,-311,no,no,cellular,25,aug,6,-1,0,,no,0,under 25 or 60+,train,0.071,0,0,0
34,housemaid,single,tertiary,no,43,no,no,cellular,25,aug,8,-1,0,,no,0,25-59,train,0.126,0,0,0
38,technician,married,secondary,no,0,no,no,cellular,25,aug,5,-1,0,,no,0,25-59,train,0.074,0,0,0
46,blue-collar,married,primary,no,185,no,no,cellular,25,aug,10,-1,0,,no,0,25-59,test,0.028,0,0,0
31,management,married,tertiary,no,166,no,no,cellular,25,aug,6,-1,0,,no,0,25-59,test,0.103,0,0,0
52,management,married,tertiary,no,3163,no,no,cellular,25,aug,6,-1,0,,no,0,25-59,train,0.119,0,0,0
51,blue-collar,married,primary,no,176,no,yes,cellular,26,aug,2,-1,0,,no,0,25-59,train,0.031,0,0,0
55,management,divorced,tertiary,no,-612,no,no,cellular,26,aug,2,-1,0,,no,0,25-59,test,0.228,0,0,0
32,management,single,tertiary,no,5167,no,no,cellular,26,aug,18,-1,0,,no,0,25-59,train,0.08,0,0,0
58,blue-collar,married,primary,no,0,no,no,cellular,26,aug,4,-1,0,,no,0,25-59,train,0.045,0,0,0
35,technician,single,secondary,no,79,yes,no,cellular,26,aug,16,-1,0,,no,0,25-59,train,0.03,0,0,0
48,management,married,primary,no,2537,no,no,cellular,26,aug,6,-1,0,,no,0,25-59,train,0.076,0,0,0
34,technician,married,secondary,no,479,no,no,cellular,26,aug,2,-1,0,,no,0,25-59,test,0.097,0,0,0
32,management,married,tertiary,no,0,no,no,cellular,26,aug,9,-1,0,,no,0,25-59,test,0.084,0,0,0
37,management,married,tertiary,no,40,no,no,cellular,27,aug,4,-1,0,,yes,1,25-59,train,0.123,0,0,0
59,retired,married,primary,no,-47,yes,no,cellular,27,aug,4,-1,0,,no,0,25-59,train,0.081,0,0,0
31,technician,divorced,secondary,no,24,no,yes,cellular,27,aug,2,-1,0,,no,0,25-59,train,0.103,0,0,0
32,management,married,tertiary,no,2204,no,no,cellular,27,aug,4,-1,0,,no,0,25-59,train,0.136,0,0,0
56,blue-collar,married,secondary,no,297,no,yes,telephone,27,aug,16,-1,0,,no,0,25-59,train,0.01,0,0,0
42,technician,married,secondary,no,314,no,no,cellular,27,aug,22,-1,0,,no,0,25-59,train,0.021,0,0,0
33,unemployed,divorced,secondary,no,385,no,no,telephone,27,aug,28,-1,0,,no,0,25-59,train,0.035,0,0,0
32,self-employed,single,secondary,no,356,yes,no,cellular,27,aug,6,-1,0,,no,0,25-59,train,0.053,0,0,0
30,management,single,tertiary,no,-218,yes,no,cellular,27,aug,15,-1,0,,no,0,25-59,train,0.05,0,0,0
43,housemaid,married,secondary,no,2220,no,no,cellular,27,aug,3,-1,0,,no,0,25-59,train,0.105,0,0,0
53,management,divorced,tertiary,no,253,no,no,cellular,27,aug,6,-1,0,,no,0,25-59,test,0.186,0,0,0
46,services,married,secondary,no,-11,yes,no,cellular,28,aug,6,-1,0,,no,0,25-59,test,0.067,0,0,0
43,technician,divorced,secondary,no,-278,no,no,cellular,28,aug,8,-1,0,,no,0,25-59,train,0.111,0,0,0
45,blue-collar,married,primary,no,751,no,no,cellular,28,aug,4,-1,0,,no,0,25-59,train,0.049,0,0,0
55,retired,married,secondary,no,123,no,no,cellular,28,aug,8,-1,0,,no,0,25-59,test,0.107,0,0,0
43,technician,married,tertiary,no,80,no,no,cellular,28,aug,32,-1,0,,no,0,25-59,test,0.014,0,0,0
32,entrepreneur,single,tertiary,no,890,yes,yes,cellular,28,aug,10,-1,0,,no,0,25-59,train,0.062,0,0,0
32,admin.,single,tertiary,no,211,no,no,cellular,28,aug,7,-1,0,,no,0,25-59,train,0.201,0,0,0
35,technician,married,tertiary,no,75,no,no,cellular,28,aug,19,-1,0,,no,0,25-59,train,0.038,0,0,0
52,technician,married,secondary,no,118,no,no,cellular,28,aug,20,-1,0,,no,0,25-59,train,0.025,0,0,0
40,management,married,tertiary,no,558,no,no,cellular,28,aug,5,-1,0,,no,0,25-59,train,0.119,0,0,0
39,technician,single,tertiary,no,1522,yes,no,cellular,28,aug,8,-1,0,,no,0,25-59,test,0.088,0,0,0
40,technician,married,secondary,no,88,no,no,cellular,28,aug,3,-1,0,,no,0,25-59,test,0.091,0,0,0
43,management,single,tertiary,no,1077,no,yes,telephone,28,aug,3,-1,0,,no,0,25-59,train,0.103,0,0,0
35,management,married,tertiary,no,1684,yes,no,cellular,28,aug,8,-1,0,,no,0,25-59,train,0.065,0,0,0
36,technician,single,secondary,no,34,no,yes,cellular,28,aug,1,-1,0,,no,0,25-59,train,0.091,0,0,0
34,management,single,tertiary,no,603,no,no,cellular,28,aug,1,-1,0,,no,0,25-59,train,0.219,0,0,0
59,technician,divorced,secondary,no,0,no,no,cellular,29,aug,2,-1,0,,no,0,25-59,test,0.173,0,0,0
47,self-employed,married,secondary,no,0,no,no,cellular,29,aug,6,-1,0,,no,0,25-59,train,0.058,0,0,0
33,technician,married,secondary,yes,-708,no,no,cellular,29,aug,2,-1,0,,no,0,25-59,train,0.068,0,0,0
59,retired,married,secondary,no,374,no,no,cellular,29,aug,2,-1,0,,no,0,25-59,test,0.167,0,0,0
54,technician,married,secondary,no,184,no,no,cellular,29,aug,8,-1,0,,no,0,25-59,test,0.064,0,0,0
49,management,married,tertiary,no,0,no,no,cellular,29,aug,6,-1,0,,no,0,25-59,train,0.11,0,0,0
28,blue-collar,single,secondary,no,9,yes,no,,17,oct,1,-1,0,,no,0,25-59,test,0.094,0,0,0
50,blue-collar,married,primary,no,12519,yes,no,,18,oct,1,-1,0,,no,0,25-59,test,0.11,0,0,0
42,admin.,single,secondary,no,-247,yes,yes,telephone,21,oct,1,166,1,other,yes,1,25-59,test,0.233,0,0,0
40,technician,divorced,tertiary,no,568,yes,no,,24,oct,1,-1,0,,yes,1,25-59,train,0.272,0,0,0
38,admin.,single,secondary,no,2470,no,no,telephone,31,oct,1,-1,0,,yes,1,25-59,train,0.632,1,1,1
58,retired,divorced,tertiary,no,3237,no,no,telephone,31,oct,1,-1,0,,yes,1,25-59,train,0.786,1,1,1
34,technician,single,secondary,no,1866,no,no,cellular,4,nov,1,-1,0,,no,0,25-59,test,0.131,0,0,0
30,management,single,tertiary,no,12857,yes,no,cellular,6,nov,1,-1,0,,yes,1,25-59,train,0.213,0,0,0
34,admin.,married,tertiary,no,899,yes,no,,12,nov,1,170,3,failure,yes,1,25-59,train,0.036,0,0,0
42,management,married,secondary,no,71,no,no,cellular,17,nov,1,-1,0,,no,0,25-59,test,0.112,0,0,0
50,management,married,tertiary,no,4278,no,no,cellular,17,nov,1,-1,0,,no,0,25-59,train,0.185,0,0,0
48,technician,married,primary,no,4656,no,no,cellular,17,nov,1,-1,0,,no,0,25-59,test,0.118,0,0,0
39,blue-collar,married,primary,no,108,no,no,cellular,17,nov,1,-1,0,,no,0,25-59,test,0.059,0,0,0
41,entrepreneur,divorced,tertiary,no,0,yes,no,cellular,17,nov,1,-1,0,,no,0,25-59,test,0.224,0,0,0
46,blue-collar,married,secondary,no,2348,no,no,cellular,17,nov,1,-1,0,,no,0,25-59,train,0.074,0,0,0
50,management,married,tertiary,no,2479,no,no,cellular,17,nov,1,-1,0,,no,0,25-59,train,0.171,0,0,0
49,admin.,married,secondary,no,12226,yes,no,cellular,17,nov,2,-1,0,,no,0,25-59,train,0.171,0,0,0
52,management,married,tertiary,no,2578,no,no,cellular,17,nov,1,-1,0,,no,0,25-59,test,0.172,0,0,0
35,management,married,tertiary,no,1108,yes,no,cellular,17,nov,1,-1,0,,no,0,25-59,train,0.106,0,0,0
40,technician,married,secondary,no,0,yes,no,cellular,17,nov,2,196,1,failure,no,0,25-59,train,0.033,0,0,0
49,entrepreneur,married,tertiary,no,313,yes,no,cellular,17,nov,2,188,2,failure,no,0,25-59,test,0.08,0,0,0
56,admin.,married,secondary,no,1270,yes,no,cellular,17,nov,2,165,2,other,no,0,25-59,train,0.088,0,0,0
51,technician,single,secondary,no,17092,no,no,cellular,17,nov,1,-1,0,,no,0,25-59,train,0.306,0,0,0
56,management,married,tertiary,no,935,yes,no,cellular,17,nov,1,-1,0,,no,0,25-59,train,0.105,0,0,0
51,technician,married,secondary,no,12061,yes,no,cellular,17,nov,1,188,1,failure,no,0,25-59,train,0.066,0,0,0
52,retired,married,secondary,no,5057,no,no,cellular,17,nov,1,-1,0,,no,0,25-59,train,0.215,0,0,0
38,management,single,tertiary,no,11971,yes,no,,17,nov,2,101,3,failure,no,0,25-59,train,0.06,0,0,0
51,technician,married,secondary,no,856,no,no,cellular,17,nov,2,-1,0,,no,0,25-59,train,0.102,0,0,0
44,management,married,tertiary,no,724,yes,no,cellular,17,nov,2,172,1,failure,no,0,25-59,train,0.051,0,0,0
38,unemployed,single,tertiary,no,324,yes,no,cellular,17,nov,3,-1,0,,no,0,25-59,train,0.193,0,0,0
56,admin.,divorced,secondary,no,3337,yes,no,telephone,17,nov,3,-1,0,,no,0,25-59,test,0.156,0,0,0
42,technician,married,secondary,no,525,no,no,cellular,17,nov,3,-1,0,,no,0,25-59,test,0.093,0,0,0
35,management,married,tertiary,no,1613,yes,no,cellular,18,nov,1,-1,0,,no,0,25-59,train,0.111,0,0,0
38,technician,married,tertiary,no,2453,yes,yes,cellular,18,nov,1,-1,0,,no,0,25-59,train,0.065,0,0,0
46,admin.,divorced,secondary,no,7378,no,no,cellular,18,nov,1,-1,0,,no,0,25-59,train,0.35,0,0,0
41,technician,married,secondary,no,1226,no,no,cellular,18,nov,1,-1,0,,no,0,25-59,train,0.113,0,0,0
58,management,married,tertiary,no,0,yes,no,cellular,18,nov,1,188,1,failure,no,0,25-59,test,0.055,0,0,0
41,management,single,tertiary,no,275,yes,no,cellular,18,nov,2,-1,0,,no,0,25-59,test,0.138,0,0,0
40,technician,married,secondary,no,5811,yes,no,cellular,18,nov,1,-1,0,,no,0,25-59,train,0.092,0,0,0
51,technician,married,tertiary,no,7338,no,no,cellular,18,nov,1,-1,0,,no,0,25-59,train,0.204,0,0,0
34,entrepreneur,single,tertiary,yes,1709,no,yes,cellular,18,nov,1,-1,0,,no,0,25-59,train,0.138,0,0,0
44,technician,married,secondary,no,1901,no,no,cellular,18,nov,3,104,2,failure,no,0,25-59,train,0.059,0,0,0
30,unemployed,married,tertiary,no,0,yes,no,cellular,18,nov,1,-1,0,,no,0,25-59,train,0.159,0,0,0
32,management,married,tertiary,no,1636,yes,no,cellular,18,nov,1,-1,0,,no,0,25-59,test,0.111,0,0,0
39,services,married,secondary,no,173,yes,no,cellular,18,nov,2,182,2,failure,no,0,25-59,train,0.058,0,0,0
45,self-employed,married,tertiary,no,35589,no,no,telephone,18,nov,2,-1,0,,no,0,25-59,train,0.408,0,0,0
33,technician,married,secondary,no,2746,yes,no,cellular,18,nov,2,-1,0,,no,0,25-59,train,0.073,0,0,0
36,management,married,secondary,no,-148,no,no,cellular,18,nov,2,-1,0,,no,0,25-59,train,0.105,0,0,0
54,blue-collar,married,secondary,no,506,yes,no,cellular,18,nov,2,104,2,failure,no,0,25-59,test,0.023,0,0,0
36,management,married,tertiary,no,549,yes,no,cellular,18,nov,2,-1,0,,no,0,25-59,train,0.098,0,0,0
49,management,married,tertiary,no,1887,no,no,cellular,18,nov,3,-1,0,,no,0,25-59,train,0.148,0,0,0
40,technician,divorced,secondary,no,5674,yes,no,cellular,18,nov,1,-1,0,,no,0,25-59,test,0.16,0,0,0
53,management,married,tertiary,no,952,yes,yes,cellular,18,nov,3,-1,0,,no,0,25-59,test,0.055,0,0,0
33,technician,married,tertiary,no,17455,yes,yes,cellular,18,nov,3,179,4,failure,no,0,25-59,train,0.104,0,0,0
34,blue-collar,married,secondary,no,1412,yes,yes,cellular,18,nov,1,175,2,failure,no,0,25-59,test,0.016,0,0,0
31,admin.,married,secondary,no,355,yes,no,cellular,18,nov,1,193,1,failure,no,0,25-59,train,0.058,0,0,0
40,management,married,tertiary,no,2168,yes,yes,cellular,19,nov,1,-1,0,,no,0,25-59,test,0.069,0,0,0
30,admin.,single,secondary,no,382,yes,no,cellular,19,nov,1,191,1,failure,no,0,25-59,train,0.085,0,0,0
35,management,married,tertiary,no,3889,yes,no,cellular,19,nov,2,-1,0,,no,0,25-59,test,0.117,0,0,0
46,self-employed,married,tertiary,no,2421,no,no,cellular,19,nov,1,100,4,failure,yes,1,25-59,train,0.111,0,0,0
50,management,married,secondary,no,1580,no,yes,cellular,19,nov,3,-1,0,,no,0,25-59,train,0.064,0,0,0
52,services,single,secondary,no,1810,no,no,telephone,19,nov,1,-1,0,,no,0,25-59,train,0.197,0,0,0
31,unemployed,married,secondary,no,24,yes,no,cellular,19,nov,1,-1,0,,no,0,25-59,test,0.118,0,0,0
32,technician,married,secondary,no,524,no,no,cellular,19,nov,1,106,1,failure,no,0,25-59,test,0.055,0,0,0
43,technician,divorced,secondary,no,6835,no,no,cellular,19,nov,1,152,2,failure,no,0,25-59,test,0.164,0,0,0
36,technician,married,secondary,no,377,yes,yes,cellular,19,nov,1,-1,0,,no,0,25-59,test,0.042,0,0,0
39,entrepreneur,married,primary,no,238,yes,yes,cellular,19,nov,1,-1,0,,no,0,25-59,train,0.053,0,0,0
53,technician,married,secondary,no,2818,yes,no,cellular,19,nov,1,126,7,failure,no,0,25-59,train,0.113,0,0,0
44,services,divorced,tertiary,no,2279,no,yes,cellular,19,nov,1,146,1,failure,no,0,25-59,train,0.134,0,0,0
36,self-employed,married,tertiary,no,16430,yes,no,cellular,19,nov,1,166,3,failure,no,0,25-59,test,0.128,0,0,0
54,unemployed,married,tertiary,no,1180,no,no,cellular,19,nov,2,-1,0,,no,0,25-59,test,0.234,0,0,0
35,admin.,married,secondary,no,3187,yes,no,cellular,19,nov,2,183,1,failure,no,0,25-59,train,0.062,0,0,0
56,services,married,primary,no,444,yes,no,cellular,19,nov,1,166,1,failure,no,0,25-59,train,0.048,0,0,0
52,services,divorced,secondary,no,3204,no,no,cellular,19,nov,1,-1,0,,no,0,25-59,train,0.288,0,0,0
32,technician,single,tertiary,yes,0,no,no,cellular,19,nov,2,-1,0,,no,0,25-59,test,0.142,0,0,0
31,admin.,married,secondary,no,8295,yes,no,cellular,19,nov,1,-1,0,,no,0,25-59,test,0.158,0,0,0
43,management,married,primary,no,8167,yes,no,telephone,19,nov,2,184,2,failure,no,0,25-59,train,0.049,0,0,0
40,housemaid,married,secondary,no,0,no,no,cellular,19,nov,3,-1,0,,no,0,25-59,train,0.099,0,0,0
48,management,married,tertiary,no,879,no,no,cellular,19,nov,3,-1,0,,no,0,25-59,train,0.143,0,0,0
32,technician,married,secondary,no,1119,no,no,cellular,19,nov,2,-1,0,,no,0,25-59,test,0.107,0,0,0
39,management,married,tertiary,no,12855,yes,no,cellular,19,nov,4,173,1,failure,no,0,25-59,train,0.083,0,0,0
30,self-employed,single,tertiary,no,189,no,no,cellular,19,nov,4,-1,0,,no,0,25-59,train,0.138,0,0,0
56,management,married,tertiary,no,0,no,no,cellular,19,nov,2,-1,0,,no,0,25-59,train,0.148,0,0,0
58,blue-collar,married,secondary,no,1507,yes,yes,cellular,19,nov,6,189,1,other,no,0,25-59,train,0.013,0,0,0
53,entrepreneur,married,primary,no,1034,yes,no,cellular,19,nov,2,170,3,other,no,0,25-59,train,0.089,0,0,0
56,management,married,tertiary,no,412,no,no,telephone,20,nov,6,-1,0,,no,0,25-59,test,0.097,0,0,0
46,management,married,tertiary,no,22452,yes,no,cellular,20,nov,1,-1,0,,no,0,25-59,train,0.284,0,0,0
35,technician,married,secondary,no,0,no,no,cellular,20,nov,1,-1,0,,no,0,25-59,train,0.11,0,0,0
30,management,married,tertiary,no,196,no,no,cellular,20,nov,1,101,4,other,no,0,25-59,test,0.183,0,0,0
40,services,single,secondary,no,1547,yes,no,cellular,20,nov,1,-1,0,,yes,1,25-59,test,0.155,0,0,0
31,unemployed,married,tertiary,no,3640,no,no,cellular,20,nov,1,-1,0,,no,0,25-59,train,0.278,0,0,0
41,blue-collar,married,primary,no,7735,yes,no,cellular,20,nov,1,190,1,failure,no,0,25-59,train,0.031,0,0,0
30,technician,single,secondary,no,2153,no,no,telephone,20,nov,1,-1,0,,no,0,25-59,train,0.147,0,0,0
31,technician,married,secondary,no,450,no,yes,cellular,20,nov,2,129,4,failure,no,0,25-59,test,0.053,0,0,0
32,blue-collar,married,secondary,no,10142,yes,no,cellular,20,nov,1,-1,0,,no,0,25-59,train,0.074,0,0,0
51,blue-collar,married,secondary,no,575,no,yes,cellular,20,nov,1,-1,0,,no,0,25-59,train,0.042,0,0,0
48,management,married,tertiary,no,1348,no,no,cellular,20,nov,1,-1,0,,no,0,25-59,train,0.171,0,0,0
31,admin.,married,secondary,no,9911,no,no,cellular,20,nov,1,-1,0,,no,0,25-59,train,0.253,0,0,0
33,self-employed,single,tertiary,no,1354,yes,no,cellular,20,nov,2,-1,0,,no,0,25-59,test,0.113,0,0,0
59,retired,married,secondary,no,6888,no,no,telephone,20,nov,2,-1,0,,yes,1,25-59,train,0.197,0,0,0
33,admin.,single,secondary,no,21854,yes,no,cellular,20,nov,2,-1,0,,no,0,25-59,train,0.354,0,0,0
32,management,single,secondary,no,3829,no,yes,cellular,20,nov,1,-1,0,,no,0,25-59,train,0.122,0,0,0
52,self-employed,married,secondary,no,3720,no,no,cellular,20,nov,2,-1,0,,no,0,25-59,train,0.097,0,0,0
52,services,divorced,secondary,no,1527,no,yes,cellular,20,nov,1,122,1,other,no,0,25-59,train,0.127,0,0,0
52,entrepreneur,single,tertiary,no,3469,yes,no,cellular,20,nov,1,-1,0,,yes,1,25-59,train,0.225,0,0,0
52,housemaid,married,primary,no,1466,no,yes,cellular,20,nov,1,-1,0,,no,0,25-59,test,0.067,0,0,0
34,technician,divorced,secondary,no,558,no,no,cellular,20,nov,2,-1,0,,no,0,25-59,train,0.183,0,0,0
38,technician,married,secondary,no,7696,yes,no,cellular,20,nov,2,-1,0,,no,0,25-59,train,0.097,0,0,0
32,management,single,tertiary,no,3097,yes,no,cellular,20,nov,1,-1,0,,no,0,25-59,train,0.173,0,0,0
45,unemployed,married,tertiary,no,3559,yes,yes,cellular,20,nov,1,-1,0,,no,0,25-59,train,0.119,0,0,0
35,management,married,tertiary,no,0,yes,no,cellular,20,nov,4,30,1,failure,no,0,25-59,train,0.039,0,0,0
34,self-employed,divorced,tertiary,no,681,no,no,cellular,20,nov,6,-1,0,,no,0,25-59,test,0.154,0,0,0
40,unemployed,married,secondary,no,3430,yes,no,cellular,20,nov,3,-1,0,,no,0,25-59,train,0.122,0,0,0
37,self-employed,married,secondary,no,415,yes,no,cellular,21,nov,4,-1,0,,no,0,25-59,train,0.046,0,0,0
55,technician,married,secondary,no,6958,yes,yes,cellular,21,nov,5,192,2,failure,no,0,25-59,train,0.028,0,0,0
40,services,married,secondary,no,87,yes,yes,cellular,21,nov,2,113,4,failure,no,0,25-59,test,0.048,0,0,0
31,entrepreneur,single,tertiary,yes,-405,yes,yes,cellular,21,nov,1,100,2,success,no,0,25-59,train,0.3,0,0,0
30,blue-collar,single,primary,no,1395,yes,no,cellular,21,nov,1,175,3,other,no,0,25-59,train,0.065,0,0,0
31,blue-collar,married,primary,no,2198,no,no,cellular,21,nov,2,172,2,failure,no,0,25-59,test,0.041,0,0,0
59,management,married,tertiary,no,7049,no,no,cellular,21,nov,1,163,2,failure,yes,1,25-59,test,0.145,0,0,0
30,management,single,tertiary,no,376,yes,no,cellular,21,nov,1,-1,0,,yes,1,25-59,train,0.156,0,0,0
35,self-employed,married,primary,no,2086,yes,no,cellular,21,nov,7,-1,0,,no,0,25-59,test,0.036,0,0,0
35,technician,married,secondary,no,15474,no,no,cellular,21,nov,1,92,2,other,no,0,25-59,train,0.187,0,0,0
34,services,married,secondary,no,-508,yes,no,cellular,21,nov,6,185,2,failure,no,0,25-59,train,0.044,0,0,0
32,blue-collar,married,primary,no,3314,yes,no,cellular,21,nov,2,-1,0,,no,0,25-59,test,0.044,0,0,0
32,services,married,tertiary,no,0,no,no,cellular,21,nov,1,-1,0,,no,0,25-59,test,0.212,0,0,0
35,management,married,tertiary,no,365,no,no,cellular,21,nov,2,-1,0,,no,0,25-59,train,0.155,0,0,0
30,management,married,tertiary,no,6432,yes,no,cellular,21,nov,2,119,3,other,no,0,25-59,test,0.134,0,0,0
35,technician,single,secondary,no,391,no,no,cellular,21,nov,1,-1,0,,no,0,25-59,test,0.162,0,0,0
32,technician,married,secondary,no,253,yes,no,cellular,21,nov,1,170,3,failure,no,0,25-59,train,0.054,0,0,0
30,admin.,married,secondary,no,4457,yes,no,cellular,21,nov,4,-1,0,,yes,1,25-59,train,0.111,0,0,0
30,admin.,single,secondary,no,294,yes,yes,cellular,21,nov,1,-1,0,,no,0,25-59,train,0.098,0,0,0
49,services,married,primary,no,4713,yes,no,telephone,21,nov,1,-1,0,,no,0,25-59,train,0.098,0,0,0
51,unemployed,married,secondary,no,74,no,yes,cellular,21,nov,3,-1,0,,no,0,25-59,train,0.098,0,0,0
45,management,single,tertiary,no,207,no,no,cellular,21,nov,3,-1,0,,no,0,25-59,test,0.201,0,0,0
30,blue-collar,single,primary,no,5641,no,no,cellular,21,nov,3,-1,0,,no,0,25-59,test,0.105,0,0,0
39,management,married,tertiary,no,15,yes,yes,cellular,21,nov,2,-1,0,,no,0,25-59,train,0.06,0,0,0
48,technician,married,secondary,no,1000,no,no,cellular,21,nov,2,-1,0,,no,0,25-59,train,0.11,0,0,0
33,blue-collar,divorced,secondary,no,744,yes,no,cellular,21,nov,3,-1,0,,no,0,25-59,test,0.074,0,0,0
40,admin.,single,secondary,no,877,yes,no,cellular,21,nov,3,177,6,failure,no,0,25-59,train,0.174,0,0,0
45,management,married,secondary,no,1546,no,no,telephone,21,nov,2,-1,0,,no,0,25-59,test,0.101,0,0,0
37,housemaid,divorced,primary,no,0,yes,yes,cellular,21,nov,7,-1,0,,no,0,25-59,train,0.047,0,0,0
41,entrepreneur,married,secondary,no,0,yes,yes,cellular,21,nov,5,190,1,failure,no,0,25-59,test,0.023,0,0,0
23,unemployed,single,primary,no,1003,no,no,telephone,27,nov,1,-1,0,,yes,1,under 25 or 60+,train,0.226,0,0,0
55,technician,divorced,secondary,yes,4,no,no,cellular,28,jan,1,-1,0,,yes,1,25-59,train,0.138,0,0,0
46,technician,married,,no,557,yes,no,cellular,28,jan,1,197,4,failure,no,0,25-59,train,0.042,0,0,0
48,technician,married,secondary,no,0,yes,no,cellular,28,jan,1,204,1,failure,no,0,25-59,train,0.038,0,0,0
30,admin.,single,secondary,no,1309,no,no,cellular,28,jan,1,-1,0,,yes,1,25-59,train,0.24,0,0,0
45,technician,married,,no,1938,no,no,cellular,28,jan,1,-1,0,,no,0,25-59,train,0.08,0,0,0
52,technician,married,,no,370,yes,no,cellular,28,jan,1,197,2,failure,no,0,25-59,test,0.029,0,0,0
57,blue-collar,married,secondary,no,297,no,yes,telephone,28,jan,2,154,16,failure,no,0,25-59,test,0.206,0,0,0
48,technician,married,secondary,no,220,no,no,cellular,28,jan,1,-1,0,,no,0,25-59,train,0.111,0,0,0
40,technician,married,secondary,no,529,no,yes,cellular,28,jan,1,-1,0,,no,0,25-59,test,0.067,0,0,0
52,admin.,married,secondary,no,199,no,no,cellular,28,jan,2,189,1,other,no,0,25-59,train,0.117,0,0,0
53,technician,married,tertiary,no,476,yes,no,cellular,28,jan,1,-1,0,,no,0,25-59,test,0.101,0,0,0
34,unemployed,single,secondary,no,371,no,no,cellular,28,jan,1,-1,0,,no,0,25-59,test,0.249,0,0,0
36,admin.,single,secondary,no,0,no,no,cellular,28,jan,1,-1,0,,no,0,25-59,test,0.227,0,0,0
34,blue-collar,single,,no,5901,no,no,cellular,28,jan,1,-1,0,,no,0,25-59,train,0.088,0,0,0
54,technician,divorced,secondary,no,0,yes,no,cellular,28,jan,2,-1,0,,no,0,25-59,train,0.118,0,0,0
60,management,married,primary,no,130,no,no,cellular,28,jan,2,-1,0,,no,0,under 25 or 60+,train,0.098,0,0,0
42,management,married,tertiary,no,157,yes,yes,cellular,28,jan,1,-1,0,,no,0,25-59,train,0.063,0,0,0
50,management,married,primary,no,1458,no,no,cellular,28,jan,1,-1,0,,no,0,25-59,test,0.112,0,0,0
53,blue-collar,single,secondary,no,5715,no,no,cellular,28,jan,2,-1,0,,no,0,25-59,train,0.122,0,0,0
44,technician,married,secondary,no,-199,no,no,cellular,28,jan,2,247,3,failure,no,0,25-59,train,0.08,0,0,0
35,technician,single,,no,0,no,no,cellular,28,jan,2,-1,0,,no,0,25-59,train,0.097,0,0,0
43,management,married,,no,595,no,no,telephone,28,jan,1,-1,0,,no,0,25-59,test,0.066,0,0,0
36,services,divorced,secondary,no,532,yes,no,cellular,29,jan,1,241,1,failure,no,0,25-59,train,0.107,0,0,0
42,management,divorced,tertiary,no,-259,no,yes,cellular,29,jan,1,-1,0,,no,0,25-59,train,0.171,0,0,0
49,self-employed,married,secondary,no,-199,yes,yes,cellular,29,jan,1,-1,0,,no,0,25-59,train,0.033,0,0,0
32,services,single,secondary,no,486,no,no,cellular,29,jan,1,-1,0,,yes,1,25-59,train,0.221,0,0,0
29,entrepreneur,single,primary,no,97,yes,no,cellular,29,jan,1,-1,0,,no,0,25-59,test,0.131,0,0,0
53,retired,married,tertiary,no,1770,no,no,cellular,29,jan,1,-1,0,,no,0,25-59,train,0.262,0,0,0
40,admin.,single,secondary,no,956,yes,no,cellular,29,jan,1,-1,0,,no,0,25-59,train,0.163,0,0,0
30,admin.,single,secondary,no,19,no,no,cellular,29,jan,1,-1,0,,no,0,25-59,train,0.231,0,0,0
35,blue-collar,single,secondary,no,1239,yes,no,cellular,29,jan,1,195,1,failure,no,0,25-59,train,0.037,0,0,0
33,blue-collar,married,secondary,no,-81,yes,no,cellular,29,jan,2,-1,0,,no,0,25-59,test,0.041,0,0,0
60,retired,married,,no,3875,yes,no,cellular,29,jan,1,-1,0,,no,0,under 25 or 60+,train,0.098,0,0,0
34,management,single,tertiary,no,647,yes,no,cellular,29,jan,1,-1,0,,no,0,25-59,train,0.156,0,0,0
29,blue-collar,married,primary,no,163,yes,yes,cellular,29,jan,2,-1,0,,no,0,25-59,train,0.022,0,0,0
49,housemaid,married,tertiary,no,50,yes,yes,cellular,29,jan,1,-1,0,,no,0,25-59,train,0.064,0,0,0
56,management,single,tertiary,no,545,yes,no,cellular,29,jan,1,-1,0,,no,0,25-59,train,0.156,0,0,0
53,technician,married,secondary,no,-46,no,no,cellular,29,jan,2,-1,0,,no,0,25-59,train,0.103,0,0,0
55,services,divorced,primary,no,2923,yes,no,cellular,29,jan,1,259,2,failure,no,0,25-59,train,0.129,0,0,0
53,housemaid,married,primary,yes,945,no,no,cellular,29,jan,2,-1,0,,no,0,25-59,train,0.073,0,0,0
31,technician,married,tertiary,no,81,yes,no,cellular,29,jan,1,-1,0,,no,0,25-59,train,0.101,0,0,0
36,technician,married,secondary,no,1508,no,no,cellular,29,jan,2,185,8,failure,no,0,25-59,test,0.189,0,0,0
30,technician,single,secondary,no,0,no,no,cellular,29,jan,2,-1,0,,no,0,25-59,train,0.147,0,0,0
35,technician,divorced,secondary,yes,362,no,no,cellular,29,jan,2,240,8,other,no,0,25-59,train,0.299,0,0,0
26,services,single,secondary,no,335,no,no,telephone,29,jan,2,-1,0,,no,0,25-59,test,0.177,0,0,0
26,housemaid,married,tertiary,no,543,no,no,cellular,30,jan,3,-1,0,,no,0,25-59,test,0.147,0,0,0
41,management,single,secondary,no,3234,yes,no,cellular,30,jan,1,-1,0,,yes,1,25-59,train,0.131,0,0,0
32,admin.,single,secondary,no,1630,yes,no,cellular,30,jan,1,-1,0,,no,0,25-59,train,0.171,0,0,0
27,student,single,secondary,no,1566,no,no,cellular,30,jan,5,-1,0,,no,0,25-59,test,0.242,0,0,0
42,retired,single,tertiary,no,308,no,no,cellular,30,jan,2,-1,0,,no,0,25-59,train,0.316,0,0,0
51,unemployed,married,secondary,no,636,no,no,cellular,30,jan,1,-1,0,,no,0,25-59,train,0.19,0,0,0
53,blue-collar,married,primary,no,901,no,yes,telephone,30,jan,2,-1,0,,no,0,25-59,train,0.03,0,0,0
27,technician,single,tertiary,no,501,no,yes,telephone,30,jan,4,-1,0,,no,0,25-59,train,0.095,0,0,0
43,admin.,married,secondary,no,764,yes,no,cellular,2,feb,1,-1,0,,no,0,25-59,train,0.174,0,0,0
42,admin.,divorced,secondary,no,814,yes,no,cellular,2,feb,5,-1,0,,no,0,25-59,train,0.225,0,0,0
39,blue-collar,married,secondary,no,1044,yes,no,cellular,2,feb,1,-1,0,,no,0,25-59,train,0.075,0,0,0
60,technician,married,secondary,no,358,no,no,cellular,2,feb,1,216,2,failure,no,0,under 25 or 60+,test,0.116,0,0,0
36,technician,single,secondary,no,210,no,no,cellular,2,feb,1,-1,0,,no,0,25-59,test,0.237,0,0,0
36,management,married,tertiary,no,853,yes,yes,cellular,2,feb,1,-1,0,,no,0,25-59,test,0.105,0,0,0
32,admin.,married,secondary,no,56,yes,no,cellular,2,feb,1,258,1,other,no,0,25-59,train,0.136,0,0,0
53,admin.,divorced,secondary,no,372,no,yes,cellular,2,feb,2,-1,0,,no,0,25-59,train,0.25,0,0,0
30,technician,single,secondary,no,57,no,no,cellular,2,feb,2,-1,0,,no,0,25-59,train,0.221,0,0,0
42,unemployed,single,secondary,no,1523,yes,no,cellular,2,feb,1,-1,0,,no,0,25-59,test,0.267,0,0,0
28,management,single,tertiary,no,-328,yes,no,telephone,2,feb,2,-1,0,,no,0,25-59,train,0.18,0,0,0
35,management,single,,no,342,no,yes,cellular,2,feb,4,-1,0,,no,0,25-59,train,0.086,0,0,0
42,management,married,tertiary,no,11093,no,no,cellular,2,feb,2,-1,0,,no,0,25-59,train,0.347,0,0,0
37,technician,married,secondary,no,318,no,no,cellular,2,feb,1,187,2,failure,no,0,25-59,train,0.113,0,0,0
42,services,married,primary,no,124,yes,no,cellular,2,feb,2,262,2,failure,no,0,25-59,train,0.092,0,0,0
33,management,married,tertiary,no,644,yes,yes,cellular,3,feb,2,271,2,failure,no,0,25-59,train,0.067,0,0,0
57,admin.,married,secondary,no,169,no,no,cellular,3,feb,1,-1,0,,yes,1,25-59,train,0.252,0,0,0
43,technician,married,tertiary,no,0,no,no,cellular,3,feb,1,-1,0,,no,0,25-59,train,0.232,0,0,0
44,unemployed,married,secondary,no,6178,no,no,cellular,3,feb,3,-1,0,,no,0,25-59,test,0.305,0,0,0
28,technician,single,secondary,no,122,no,no,cellular,3,feb,4,-1,0,,no,0,25-59,train,0.198,0,0,0
39,blue-collar,married,secondary,no,661,yes,no,cellular,3,feb,4,267,4,failure,no,0,25-59,train,0.057,0,0,0
26,technician,single,secondary,no,-168,no,yes,cellular,3,feb,1,-1,0,,no,0,25-59,train,0.15,0,0,0
48,blue-collar,single,secondary,no,312,yes,yes,cellular,3,feb,2,-1,0,,no,0,25-59,train,0.059,0,0,0
34,blue-collar,married,secondary,no,563,no,yes,cellular,3,feb,2,-1,0,,no,0,25-59,test,0.064,0,0,0
30,admin.,single,secondary,no,72,no,no,cellular,3,feb,2,-1,0,,no,0,25-59,test,0.316,0,0,0
36,management,married,tertiary,no,254,no,no,cellular,3,feb,2,-1,0,,yes,1,25-59,test,0.232,0,0,0
58,self-employed,married,secondary,no,0,yes,no,telephone,3,feb,3,264,9,failure,no,0,25-59,train,0.145,0,0,0
33,management,single,tertiary,no,191,no,yes,cellular,3,feb,4,209,1,failure,no,0,25-59,test,0.101,0,0,0
41,technician,single,tertiary,no,-89,yes,no,cellular,3,feb,4,251,4,failure,no,0,25-59,train,0.17,0,0,0
30,student,single,secondary,no,96,no,no,cellular,4,feb,1,-1,0,,no,0,25-59,train,0.405,0,0,0
52,admin.,married,primary,no,2281,yes,yes,telephone,4,feb,1,244,1,failure,no,0,25-59,test,0.051,0,0,0
43,admin.,married,tertiary,no,1317,yes,no,cellular,4,feb,1,-1,0,,no,0,25-59,test,0.246,0,0,0
28,technician,single,secondary,no,34,yes,no,cellular,4,feb,6,268,4,failure,no,0,25-59,train,0.112,0,0,0
29,management,married,tertiary,no,1441,yes,no,cellular,4,feb,2,-1,0,,yes,1,25-59,test,0.169,0,0,0
48,self-employed,married,tertiary,no,1223,yes,no,cellular,4,feb,1,-1,0,,no,0,25-59,train,0.136,0,0,0
53,management,married,tertiary,no,20772,no,no,cellular,4,feb,1,-1,0,,no,0,25-59,train,0.502,1,0,1
35,services,single,primary,no,739,yes,no,cellular,4,feb,1,-1,0,,no,0,25-59,train,0.212,0,0,0
58,management,married,tertiary,no,2142,yes,no,cellular,4,feb,2,274,3,failure,no,0,25-59,test,0.144,0,0,0
60,retired,married,secondary,no,6132,no,no,cellular,4,feb,2,-1,0,,no,0,under 25 or 60+,test,0.328,0,0,0
59,unemployed,married,secondary,no,729,no,no,cellular,4,feb,1,-1,0,,no,0,25-59,train,0.282,0,0,0
45,management,divorced,primary,no,274,no,yes,cellular,4,feb,1,-1,0,,no,0,25-59,train,0.182,0,0,0
29,unemployed,married,primary,no,639,no,yes,cellular,4,feb,2,-1,0,,no,0,25-59,train,0.154,0,0,0
48,blue-collar,married,secondary,no,7408,no,yes,cellular,4,feb,2,-1,0,,no,0,25-59,train,0.092,0,0,0
46,blue-collar,single,secondary,no,374,no,yes,cellular,4,feb,5,7,2,other,no,0,25-59,train,0.056,0,0,0
33,technician,married,secondary,no,889,yes,no,cellular,4,feb,1,-1,0,,no,0,25-59,train,0.122,0,0,0
32,services,married,secondary,no,-344,no,yes,cellular,4,feb,1,-1,0,,no,0,25-59,train,0.15,0,0,0
33,,married,secondary,no,335,no,no,cellular,4,feb,2,177,7,failure,yes,1,25-59,train,0.266,0,0,0
28,technician,single,tertiary,no,4253,yes,no,cellular,4,feb,6,-1,0,,no,0,25-59,train,0.193,0,0,0
45,blue-collar,married,primary,no,572,no,no,telephone,5,feb,6,-1,0,,no,0,25-59,test,0.062,0,0,0
51,technician,divorced,primary,no,300,no,yes,cellular,5,feb,6,-1,0,,no,0,25-59,train,0.124,0,0,0
59,blue-collar,divorced,secondary,no,1774,no,yes,cellular,5,feb,9,-1,0,,no,0,25-59,train,0.075,0,0,0
29,admin.,married,secondary,no,503,no,yes,cellular,5,feb,1,199,2,failure,no,0,25-59,train,0.111,0,0,0
31,student,single,secondary,no,430,no,no,cellular,5,feb,4,-1,0,,no,0,25-59,train,0.356,0,0,0
32,technician,married,secondary,no,3322,yes,no,cellular,5,feb,2,175,2,failure,no,0,25-59,test,0.082,0,0,0
29,admin.,single,secondary,no,1261,no,no,cellular,5,feb,1,-1,0,,no,0,25-59,train,0.357,0,0,0
27,technician,single,secondary,no,63,no,no,cellular,5,feb,1,-1,0,,no,0,25-59,train,0.246,0,0,0
30,management,single,secondary,no,293,yes,no,cellular,5,feb,1,253,2,failure,no,0,25-59,test,0.125,0,0,0
29,blue-collar,single,secondary,no,228,no,no,cellular,5,feb,1,-1,0,,no,0,25-59,test,0.166,0,0,0
55,blue-collar,married,secondary,no,1765,yes,no,cellular,5,feb,1,267,1,failure,no,0,25-59,test,0.047,0,0,0
47,admin.,single,tertiary,no,178,no,no,telephone,5,feb,6,-1,0,,no,0,25-59,train,0.294,0,0,0
55,technician,married,secondary,no,956,yes,yes,cellular,5,feb,4,-1,0,,no,0,25-59,train,0.06,0,0,0
31,student,single,tertiary,no,2010,yes,no,cellular,5,feb,5,261,1,other,no,0,25-59,train,0.278,0,0,0
25,student,single,secondary,no,2354,no,no,cellular,5,feb,7,-1,0,,yes,1,25-59,train,0.325,0,0,0
28,technician,single,tertiary,no,676,no,no,cellular,5,feb,2,-1,0,,yes,1,25-59,test,0.31,0,0,0
31,services,single,,no,347,yes,no,cellular,5,feb,3,260,1,failure,no,0,25-59,train,0.081,0,0,0
44,unemployed,divorced,tertiary,no,0,no,no,cellular,5,feb,3,-1,0,,yes,1,25-59,test,0.473,0,0,1
37,blue-collar,single,secondary,no,111,yes,no,cellular,5,feb,2,272,2,failure,no,0,25-59,test,0.07,0,0,0
31,services,single,secondary,no,13,no,yes,cellular,6,feb,2,-1,0,,yes,1,25-59,train,0.204,0,0,0
36,management,divorced,tertiary,no,2361,no,no,cellular,6,feb,1,-1,0,,no,0,25-59,train,0.424,0,0,1
40,admin.,married,secondary,no,767,yes,no,cellular,6,feb,1,-1,0,,no,0,25-59,test,0.186,0,0,0
26,,single,secondary,no,3247,no,no,telephone,6,feb,3,-1,0,,no,0,25-59,train,0.248,0,0,0
67,retired,single,primary,no,491,no,no,telephone,6,feb,1,-1,0,,no,0,under 25 or 60+,test,0.308,0,0,0
46,technician,married,tertiary,no,-369,yes,yes,cellular,6,feb,4,-1,0,,no,0,25-59,train,0.08,0,0,0
27,services,single,secondary,no,3977,no,no,cellular,6,feb,2,-1,0,,no,0,25-59,train,0.358,0,0,0
52,services,married,secondary,no,1351,yes,no,telephone,6,feb,3,-1,0,,no,0,25-59,test,0.133,0,0,0
46,entrepreneur,married,secondary,no,122,no,no,cellular,6,feb,2,1,7,failure,no,0,25-59,train,0.277,0,0,0
38,blue-collar,married,secondary,no,452,yes,no,cellular,9,feb,4,-1,0,,no,0,25-59,test,0.066,0,0,0
29,admin.,single,secondary,no,103,no,no,cellular,9,feb,5,-1,0,,no,0,25-59,test,0.29,0,0,0
39,management,divorced,secondary,no,132,yes,no,cellular,9,feb,2,-1,0,,no,0,25-59,train,0.215,0,0,0
40,management,married,secondary,no,99,no,no,cellular,9,feb,5,-1,0,,no,0,25-59,train,0.154,0,0,0
28,technician,single,tertiary,no,4987,no,no,cellular,9,feb,21,-1,0,,yes,1,25-59,train,0.116,0,0,0
34,admin.,married,secondary,no,764,no,no,cellular,9,feb,2,-1,0,,no,0,25-59,train,0.265,0,0,0
27,management,single,tertiary,no,10,no,no,cellular,9,feb,3,-1,0,,no,0,25-59,train,0.316,0,0,0
54,blue-collar,married,secondary,no,2047,no,no,telephone,9,feb,7,194,6,failure,no,0,25-59,train,0.094,0,0,0
60,technician,married,secondary,no,21,no,no,telephone,9,feb,4,-1,0,,no,0,under 25 or 60+,test,0.132,0,0,0
26,services,single,secondary,no,1114,no,no,cellular,9,feb,2,-1,0,,no,0,25-59,train,0.336,0,0,0
51,technician,married,tertiary,no,1347,yes,yes,cellular,10,feb,1,243,1,failure,yes,1,25-59,test,0.066,0,0,0
71,retired,married,,no,362,no,no,telephone,12,feb,2,-1,0,,no,0,under 25 or 60+,train,0.179,0,0,0
43,management,divorced,tertiary,no,36,no,no,cellular,13,feb,1,193,1,failure,no,0,25-59,test,0.275,0,0,0
63,retired,married,tertiary,no,133,yes,no,cellular,13,feb,2,-1,0,,no,0,under 25 or 60+,train,0.273,0,0,0
64,technician,married,secondary,no,1473,yes,no,cellular,13,feb,2,-1,0,,no,0,under 25 or 60+,test,0.136,0,0,0
64,management,married,primary,no,0,yes,no,cellular,16,feb,1,-1,0,,no,0,under 25 or 60+,train,0.136,0,0,0
51,technician,married,secondary,no,196,yes,yes,cellular,17,feb,1,-1,0,,yes,1,25-59,train,0.089,0,0,0
65,retired,married,tertiary,no,2416,no,no,cellular,17,feb,2,-1,0,,yes,1,under 25 or 60+,train,0.426,0,0,0
29,admin.,married,tertiary,no,238,no,no,cellular,26,feb,1,-1,0,,no,0,25-59,train,0.433,0,0,1
25,admin.,single,tertiary,no,3730,yes,no,cellular,27,feb,1,-1,0,,yes,1,25-59,test,0.465,0,0,1
66,retired,married,secondary,no,995,no,no,cellular,27,feb,2,-1,0,,yes,1,under 25 or 60+,train,0.366,0,0,0
28,technician,single,secondary,no,1363,no,no,cellular,27,feb,1,-1,0,,yes,1,25-59,train,0.349,0,0,0
63,self-employed,married,tertiary,no,661,no,no,cellular,2,mar,2,-1,0,,no,0,under 25 or 60+,train,0.349,0,0,0
68,retired,married,secondary,no,1316,no,no,telephone,4,mar,5,-1,0,,no,0,under 25 or 60+,train,0.375,0,0,0
36,admin.,married,secondary,no,2061,yes,yes,cellular,5,mar,3,-1,0,,no,0,25-59,test,0.222,0,0,0
23,management,single,tertiary,no,1506,no,no,cellular,9,mar,4,-1,0,,yes,1,under 25 or 60+,train,0.531,1,1,0
23,technician,single,secondary,no,3092,no,no,cellular,10,mar,2,-1,0,,no,0,under 25 or 60+,train,0.49,0,0,0
32,management,married,tertiary,no,8929,no,no,cellular,11,mar,1,-1,0,,yes,1,25-59,train,0.6,1,1,1
63,retired,divorced,primary,no,1840,no,no,cellular,12,mar,3,-1,0,,no,0,under 25 or 60+,train,0.633,1,0,1
77,retired,married,secondary,no,9601,no,no,telephone,27,mar,1,-1,0,,yes,1,under 25 or 60+,train,0.67,1,0,1
57,management,divorced,,no,0,no,no,cellular,27,mar,1,-1,0,,no,0,25-59,test,0.513,1,1,1
29,management,married,tertiary,no,250,yes,no,cellular,31,mar,2,257,1,other,no,0,25-59,train,0.379,0,0,0
35,technician,married,secondary,no,0,no,no,cellular,1,apr,1,303,1,other,no,0,25-59,train,0.077,0,0,0
38,admin.,single,secondary,no,10,no,no,cellular,1,apr,1,-1,0,,no,0,25-59,train,0.198,0,0,0
52,admin.,divorced,secondary,no,1256,yes,no,cellular,1,apr,3,-1,0,,no,0,25-59,train,0.15,0,0,0
32,admin.,married,tertiary,no,233,yes,no,cellular,2,apr,2,133,4,failure,no,0,25-59,train,0.105,0,0,0
34,technician,divorced,secondary,no,705,yes,yes,cellular,2,apr,1,-1,0,,no,0,25-59,train,0.068,0,0,0
39,blue-collar,married,primary,no,176,yes,yes,cellular,3,apr,2,-1,0,,no,0,25-59,train,0.019,0,0,0
48,admin.,married,primary,no,4459,yes,no,cellular,3,apr,2,240,1,failure,no,0,25-59,test,0.056,0,0,0
29,technician,single,,no,1729,yes,no,cellular,6,apr,1,-1,0,,no,0,25-59,train,0.068,0,0,0
45,blue-collar,married,secondary,no,146,yes,yes,cellular,6,apr,1,305,15,failure,no,0,25-59,train,0.157,0,0,0
33,management,single,tertiary,no,561,no,no,cellular,7,apr,1,-1,0,,no,0,25-59,train,0.216,0,0,0
36,services,married,secondary,no,3740,yes,no,cellular,7,apr,1,-1,0,,no,0,25-59,test,0.115,0,0,0
50,blue-collar,married,secondary,no,2320,yes,no,cellular,7,apr,1,-1,0,,no,0,25-59,train,0.047,0,0,0
25,admin.,single,secondary,no,82,no,yes,cellular,7,apr,2,-1,0,,yes,1,25-59,train,0.128,0,0,0
57,blue-collar,married,primary,no,5949,yes,no,cellular,8,apr,1,-1,0,,no,0,25-59,train,0.051,0,0,0
27,student,single,tertiary,no,3687,no,no,cellular,8,apr,2,-1,0,,no,0,25-59,test,0.378,0,0,0
48,management,married,secondary,no,4415,yes,no,cellular,8,apr,3,141,7,failure,yes,1,25-59,test,0.111,0,0,0
50,technician,single,secondary,no,-97,yes,no,cellular,8,apr,1,306,2,failure,no,0,25-59,train,0.069,0,0,0
60,unemployed,married,secondary,no,2000,no,no,cellular,8,apr,1,-1,0,,no,0,under 25 or 60+,train,0.189,0,0,0
35,management,married,tertiary,no,1725,yes,yes,cellular,8,apr,2,254,7,failure,no,0,25-59,train,0.097,0,0,0
39,management,married,tertiary,no,271,yes,no,cellular,8,apr,1,-1,0,,no,0,25-59,train,0.103,0,0,0
30,services,single,secondary,no,1268,yes,no,cellular,8,apr,4,320,8,other,yes,1,25-59,train,0.29,0,0,0
56,blue-collar,married,primary,no,247,no,no,telephone,9,apr,4,-1,0,,no,0,25-59,train,0.041,0,0,0
39,management,married,tertiary,no,399,no,no,cellular,9,apr,1,-1,0,,no,0,25-59,train,0.16,0,0,0
43,blue-collar,married,primary,no,2901,yes,no,cellular,13,apr,4,-1,0,,no,0,25-59,train,0.038,0,0,0
29,technician,single,secondary,no,110,yes,no,cellular,13,apr,1,-1,0,,yes,1,25-59,test,0.108,0,0,0
38,admin.,divorced,secondary,no,3834,yes,no,cellular,13,apr,2,327,1,failure,no,0,25-59,train,0.139,0,0,0
30,self-employed,married,secondary,no,1772,yes,no,cellular,13,apr,4,-1,0,,no,0,25-59,train,0.051,0,0,0
32,blue-collar,married,primary,no,1287,yes,no,cellular,14,apr,2,-1,0,,no,0,25-59,test,0.042,0,0,0
27,self-employed,married,tertiary,no,10005,yes,no,cellular,14,apr,3,271,2,failure,no,0,25-59,train,0.081,0,0,0
34,blue-collar,single,secondary,no,47,yes,no,cellular,14,apr,1,147,2,failure,no,0,25-59,train,0.042,0,0,0
29,management,married,tertiary,no,5698,no,no,cellular,15,apr,1,264,1,failure,no,0,25-59,test,0.134,0,0,0
27,technician,single,secondary,no,439,yes,no,cellular,15,apr,2,-1,0,,yes,1,25-59,train,0.106,0,0,0
30,blue-collar,married,primary,no,837,yes,no,cellular,15,apr,2,-1,0,,no,0,25-59,train,0.042,0,0,0
29,blue-collar,single,secondary,no,1232,yes,no,cellular,16,apr,1,316,2,failure,no,0,25-59,train,0.054,0,0,0
41,admin.,married,secondary,no,1597,yes,no,cellular,16,apr,2,321,1,failure,no,0,25-59,test,0.073,0,0,0
38,admin.,married,secondary,no,1933,yes,no,cellular,16,apr,1,-1,0,,no,0,25-59,train,0.131,0,0,0
54,blue-collar,married,secondary,no,0,no,no,telephone,16,apr,1,150,1,failure,no,0,25-59,train,0.033,0,0,0
42,technician,divorced,secondary,no,214,no,no,cellular,16,apr,1,-1,0,,yes,1,25-59,test,0.21,0,0,0
38,self-employed,married,tertiary,no,2084,yes,no,cellular,16,apr,2,330,2,failure,no,0,25-59,test,0.064,0,0,0
32,management,single,secondary,no,301,yes,no,cellular,16,apr,3,345,1,failure,no,0,25-59,train,0.065,0,0,0
42,blue-collar,married,primary,no,695,yes,no,cellular,16,apr,2,-1,0,,no,0,25-59,train,0.042,0,0,0
27,technician,single,secondary,no,639,yes,no,cellular,16,apr,1,314,5,success,no,0,25-59,train,0.566,1,1,1
39,entrepreneur,divorced,tertiary,no,0,no,no,cellular,16,apr,3,-1,0,,no,0,25-59,train,0.319,0,0,0
38,blue-collar,single,secondary,no,397,yes,no,cellular,17,apr,1,-1,0,,no,0,25-59,train,0.074,0,0,0
33,blue-collar,married,secondary,no,216,yes,yes,cellular,17,apr,1,-1,0,,no,0,25-59,test,0.029,0,0,0
37,services,married,secondary,no,616,yes,no,cellular,17,apr,1,-1,0,,no,0,25-59,train,0.117,0,0,0
34,services,married,secondary,no,210,yes,yes,cellular,17,apr,1,332,1,failure,no,0,25-59,train,0.042,0,0,0
33,admin.,married,secondary,no,7,yes,no,cellular,17,apr,1,148,1,failure,no,0,25-59,test,0.064,0,0,0
34,admin.,single,secondary,no,63,yes,no,cellular,17,apr,1,-1,0,,yes,1,25-59,train,0.173,0,0,0
33,services,married,secondary,no,288,yes,no,cellular,17,apr,1,-1,0,,no,0,25-59,train,0.115,0,0,0
29,technician,single,secondary,no,32,yes,yes,cellular,17,apr,1,-1,0,,no,0,25-59,train,0.069,0,0,0
34,blue-collar,married,primary,no,329,yes,no,cellular,17,apr,1,343,1,failure,yes,1,25-59,test,0.027,0,0,0
33,management,single,secondary,no,1558,yes,no,cellular,17,apr,1,-1,0,,no,0,25-59,test,0.132,0,0,0
34,admin.,married,secondary,no,21,no,no,cellular,17,apr,1,346,3,failure,no,0,25-59,train,0.162,0,0,0
31,technician,single,tertiary,no,985,yes,no,cellular,17,apr,1,57,2,failure,yes,1,25-59,train,0.096,0,0,0
54,admin.,married,secondary,no,426,yes,no,cellular,17,apr,2,323,1,failure,no,0,25-59,train,0.071,0,0,0
56,services,single,secondary,no,1222,yes,yes,cellular,17,apr,1,-1,0,,no,0,25-59,train,0.105,0,0,0
31,admin.,married,secondary,no,8295,yes,no,cellular,17,apr,1,149,1,failure,no,0,25-59,train,0.096,0,0,0
38,management,married,tertiary,no,5432,yes,yes,cellular,17,apr,1,149,2,failure,no,0,25-59,train,0.057,0,0,0
40,blue-collar,married,,no,928,yes,no,cellular,17,apr,1,-1,0,,no,0,25-59,train,0.034,0,0,0
53,retired,divorced,secondary,no,-172,yes,yes,cellular,17,apr,1,-1,0,,no,0,25-59,train,0.143,0,0,0
29,management,married,tertiary,no,760,no,yes,cellular,17,apr,2,-1,0,,no,0,25-59,train,0.106,0,0,0
33,blue-collar,married,primary,no,-219,yes,no,cellular,17,apr,1,-1,0,,no,0,25-59,test,0.044,0,0,0
39,services,divorced,secondary,no,5873,no,no,cellular,17,apr,1,344,2,failure,no,0,25-59,train,0.278,0,0,0
40,services,single,secondary,no,0,yes,no,cellular,17,apr,2,-1,0,,no,0,25-59,test,0.15,0,0,0
28,blue-collar,single,secondary,no,1106,yes,no,cellular,17,apr,2,-1,0,,no,0,25-59,train,0.071,0,0,0
33,management,married,tertiary,no,0,yes,no,cellular,17,apr,1,-1,0,,yes,1,25-59,train,0.119,0,0,0
35,management,married,tertiary,no,451,yes,no,cellular,17,apr,6,-1,0,,no,0,25-59,train,0.084,0,0,0
53,admin.,divorced,secondary,no,-163,yes,no,cellular,17,apr,2,343,2,other,no,0,25-59,train,0.196,0,0,0
53,technician,divorced,secondary,no,281,yes,no,cellular,17,apr,2,337,9,other,no,0,25-59,test,0.363,0,0,0
31,blue-collar,married,secondary,no,505,yes,no,cellular,17,apr,4,329,2,other,no,0,25-59,train,0.041,0,0,0
42,admin.,divorced,tertiary,no,6,yes,yes,cellular,17,apr,4,-1,0,,no,0,25-59,test,0.146,0,0,0
41,technician,married,secondary,no,4004,no,no,cellular,17,apr,2,-1,0,,yes,1,25-59,test,0.139,0,0,0
30,admin.,single,secondary,no,613,yes,no,cellular,17,apr,2,302,1,failure,no,0,25-59,train,0.101,0,0,0
24,blue-collar,single,secondary,no,-424,yes,no,cellular,20,apr,6,-1,0,,no,0,under 25 or 60+,test,0.052,0,0,0
43,services,married,secondary,no,1625,yes,no,cellular,20,apr,1,-1,0,,no,0,25-59,train,0.129,0,0,0
32,management,married,tertiary,no,101,yes,yes,cellular,20,apr,1,-1,0,,no,0,25-59,test,0.076,0,0,0
37,blue-collar,married,primary,no,15,yes,yes,cellular,20,apr,3,-1,0,,no,0,25-59,train,0.023,0,0,0
32,technician,married,secondary,no,286,no,no,cellular,20,apr,1,343,4,failure,no,0,25-59,train,0.135,0,0,0
56,services,single,secondary,no,699,yes,no,cellular,20,apr,1,-1,0,,no,0,25-59,train,0.175,0,0,0
51,entrepreneur,divorced,tertiary,no,4,yes,yes,cellular,20,apr,5,-1,0,,no,0,25-59,train,0.132,0,0,0
33,technician,married,secondary,no,0,yes,no,cellular,20,apr,2,-1,0,,no,0,25-59,test,0.078,0,0,0
29,blue-collar,divorced,secondary,no,-19,yes,no,cellular,20,apr,4,-1,0,,yes,1,25-59,train,0.077,0,0,0
41,technician,married,tertiary,no,532,yes,no,cellular,20,apr,2,285,1,failure,no,0,25-59,train,0.066,0,0,0
43,blue-collar,married,secondary,no,1927,yes,no,cellular,20,apr,1,152,1,failure,no,0,25-59,train,0.029,0,0,0
43,blue-collar,married,secondary,no,701,yes,yes,cellular,20,apr,1,-1,0,,no,0,25-59,train,0.032,0,0,0
41,technician,married,tertiary,no,585,yes,no,telephone,20,apr,1,-1,0,,no,0,25-59,train,0.102,0,0,0
54,blue-collar,married,,no,1827,no,no,cellular,20,apr,1,350,1,failure,no,0,25-59,train,0.036,0,0,0
36,blue-collar,married,secondary,no,204,yes,no,cellular,20,apr,5,-1,0,,no,0,25-59,train,0.039,0,0,0
54,blue-collar,married,primary,no,433,yes,no,cellular,20,apr,5,-1,0,,no,0,25-59,train,0.035,0,0,0
32,technician,married,secondary,no,1214,yes,no,cellular,20,apr,1,-1,0,,no,0,25-59,train,0.09,0,0,0
34,technician,single,secondary,no,1477,yes,no,cellular,20,apr,3,-1,0,,no,0,25-59,test,0.113,0,0,0
45,services,single,secondary,no,1757,yes,no,cellular,20,apr,3,326,1,other,no,0,25-59,train,0.136,0,0,0
29,management,single,tertiary,no,1170,no,no,cellular,20,apr,1,-1,0,,yes,1,25-59,test,0.268,0,0,0
36,admin.,married,secondary,no,421,yes,no,cellular,20,apr,2,334,3,other,no,0,25-59,train,0.144,0,0,0
37,technician,single,secondary,no,442,yes,no,cellular,20,apr,4,349,1,other,no,0,25-59,test,0.086,0,0,0
32,blue-collar,married,secondary,no,950,yes,yes,cellular,20,apr,4,-1,0,,no,0,25-59,train,0.026,0,0,0
35,services,single,secondary,no,414,yes,no,cellular,20,apr,5,319,2,other,no,0,25-59,train,0.13,0,0,0
34,blue-collar,married,primary,no,15841,yes,no,cellular,20,apr,5,-1,0,,no,0,25-59,train,0.077,0,0,0
54,blue-collar,married,primary,no,489,yes,yes,cellular,20,apr,4,287,3,other,no,0,25-59,train,0.026,0,0,0
48,admin.,divorced,secondary,no,4,yes,no,cellular,20,apr,5,318,10,other,no,0,25-59,test,0.468,0,0,1
45,technician,married,primary,no,-63,yes,no,cellular,20,apr,5,-1,0,,no,0,25-59,train,0.056,0,0,0
37,management,divorced,secondary,no,1448,yes,no,cellular,20,apr,2,283,2,failure,no,0,25-59,train,0.111,0,0,0
34,services,married,secondary,no,1553,yes,no,cellular,20,apr,6,328,8,failure,no,0,25-59,train,0.174,0,0,0
38,management,single,tertiary,no,8669,yes,no,telephone,20,apr,3,150,6,failure,no,0,25-59,train,0.228,0,0,0
28,blue-collar,married,primary,no,254,yes,no,cellular,20,apr,2,-1,0,,no,0,25-59,train,0.044,0,0,0
36,blue-collar,single,secondary,no,459,yes,yes,cellular,20,apr,2,-1,0,,no,0,25-59,train,0.043,0,0,0
29,technician,single,secondary,no,3466,no,no,cellular,21,apr,1,-1,0,,yes,1,25-59,train,0.215,0,0,0
67,retired,single,tertiary,no,2144,no,no,telephone,21,apr,2,-1,0,,yes,1,under 25 or 60+,test,0.334,0,0,0
63,admin.,married,secondary,no,-40,no,no,cellular,22,apr,3,-1,0,,no,0,under 25 or 60+,train,0.174,0,0,0
39,admin.,single,secondary,no,720,yes,no,telephone,22,apr,8,14,5,other,no,0,25-59,train,0.125,0,0,0
39,services,married,secondary,no,1442,no,no,cellular,22,apr,3,-1,0,,no,0,25-59,train,0.174,0,0,0
53,retired,married,secondary,no,665,yes,no,cellular,22,apr,2,-1,0,,yes,1,25-59,train,0.141,0,0,0
27,services,single,secondary,no,955,no,no,cellular,23,apr,1,-1,0,,yes,1,25-59,train,0.269,0,0,0
72,retired,married,primary,no,796,no,no,cellular,24,apr,2,-1,0,,no,0,under 25 or 60+,train,0.197,0,0,0
25,services,single,secondary,no,7604,no,no,cellular,27,apr,1,-1,0,,no,0,25-59,test,0.362,0,0,0
27,management,single,tertiary,no,828,no,no,cellular,30,apr,1,-1,0,,no,0,25-59,train,0.304,0,0,0
47,blue-collar,married,secondary,no,1230,yes,no,cellular,30,apr,1,169,1,success,yes,1,25-59,train,0.228,0,0,0
33,management,married,tertiary,no,158,no,no,cellular,30,apr,2,83,2,success,no,0,25-59,train,0.54,1,1,1
42,services,single,secondary,no,3403,yes,no,cellular,30,apr,1,-1,0,,no,0,25-59,train,0.229,0,0,0
48,blue-collar,married,secondary,no,292,no,no,cellular,30,apr,1,79,1,success,yes,1,25-59,test,0.293,0,0,0
34,admin.,single,secondary,no,-32,no,yes,cellular,30,apr,2,-1,0,,yes,1,25-59,test,0.185,0,0,0
26,retired,single,secondary,no,530,no,no,cellular,30,apr,1,-1,0,,no,0,25-59,test,0.332,0,0,0
37,unemployed,married,tertiary,no,1851,no,no,cellular,30,apr,1,-1,0,,no,0,25-59,train,0.338,0,0,0
56,management,divorced,,no,2986,no,no,cellular,30,apr,1,-1,0,,no,0,25-59,test,0.215,0,0,0
31,services,single,secondary,no,181,no,no,cellular,30,apr,1,-1,0,,yes,1,25-59,test,0.287,0,0,0
56,retired,married,primary,no,1947,no,no,cellular,30,apr,2,-1,0,,no,0,25-59,test,0.227,0,0,0
51,management,single,tertiary,no,5341,no,no,cellular,30,apr,2,-1,0,,no,0,25-59,test,0.34,0,0,0
54,management,married,,no,527,yes,no,cellular,30,apr,1,281,3,failure,no,0,25-59,test,0.059,0,0,0
34,management,married,tertiary,no,0,yes,no,cellular,30,apr,1,86,1,success,yes,1,25-59,train,0.394,0,0,0
54,management,married,tertiary,no,1014,no,yes,cellular,30,apr,1,162,2,failure,yes,1,25-59,test,0.091,0,0,0
39,management,married,tertiary,no,4539,no,no,cellular,30,apr,1,-1,0,,no,0,25-59,train,0.263,0,0,0
46,technician,married,,no,3914,yes,no,cellular,30,apr,1,-1,0,,no,0,25-59,train,0.081,0,0,0
45,admin.,married,secondary,no,1435,yes,no,cellular,30,apr,1,-1,0,,no,0,25-59,test,0.162,0,0,0
29,unemployed,single,secondary,no,486,no,no,telephone,30,apr,1,-1,0,,no,0,25-59,train,0.289,0,0,0
27,admin.,married,tertiary,no,73,no,no,cellular,30,apr,1,79,1,success,no,0,25-59,train,0.61,1,1,1
32,student,single,tertiary,no,1138,no,no,cellular,4,may,3,83,3,success,yes,1,25-59,train,0.693,1,1,1
25,student,single,secondary,no,41,yes,no,telephone,4,may,2,-1,0,,no,0,25-59,train,0.131,0,0,0
33,admin.,divorced,secondary,no,661,yes,no,cellular,4,may,4,167,3,failure,no,0,25-59,train,0.099,0,0,0
24,admin.,single,secondary,no,99,no,no,cellular,4,may,3,89,3,failure,no,0,under 25 or 60+,train,0.12,0,0,0
26,technician,single,secondary,no,237,yes,no,cellular,4,may,3,-1,0,,yes,1,25-59,train,0.074,0,0,0
41,management,married,secondary,no,1956,no,no,cellular,4,may,6,168,11,other,no,0,25-59,train,0.264,0,0,0
24,technician,married,secondary,no,330,yes,yes,cellular,5,may,1,-1,0,,no,0,under 25 or 60+,train,0.035,0,0,0
46,entrepreneur,married,secondary,no,212,yes,no,cellular,5,may,1,-1,0,,no,0,25-59,train,0.085,0,0,0
51,blue-collar,divorced,secondary,no,734,yes,yes,cellular,5,may,1,-1,0,,no,0,25-59,test,0.041,0,0,0
30,self-employed,single,tertiary,no,0,yes,no,cellular,5,may,1,301,1,failure,no,0,25-59,train,0.056,0,0,0
30,services,married,secondary,no,-111,yes,no,cellular,5,may,1,-1,0,,no,0,25-59,train,0.085,0,0,0
34,management,married,tertiary,no,188,no,no,cellular,5,may,1,-1,0,,no,0,25-59,train,0.138,0,0,0
27,technician,single,secondary,no,1996,yes,no,cellular,5,may,1,-1,0,,no,0,25-59,train,0.095,0,0,0
26,technician,married,secondary,no,18,yes,yes,cellular,5,may,1,-1,0,,no,0,25-59,train,0.035,0,0,0
36,management,divorced,tertiary,no,668,yes,no,cellular,5,may,1,-1,0,,no,0,25-59,train,0.161,0,0,0
31,blue-collar,single,secondary,no,196,yes,no,cellular,5,may,1,341,7,failure,yes,1,25-59,train,0.094,0,0,0
32,admin.,single,secondary,no,98,yes,no,cellular,5,may,1,365,2,failure,no,0,25-59,train,0.099,0,0,0
37,blue-collar,married,primary,no,-738,yes,no,cellular,5,may,1,-1,0,,no,0,25-59,test,0.032,0,0,0
27,management,single,tertiary,no,218,yes,no,cellular,5,may,1,-1,0,,no,0,25-59,train,0.129,0,0,0
25,student,single,secondary,no,703,no,no,cellular,5,may,3,-1,0,,no,0,25-59,train,0.223,0,0,0
45,admin.,single,secondary,no,341,yes,yes,cellular,5,may,2,-1,0,,no,0,25-59,train,0.075,0,0,0
28,technician,single,tertiary,no,75,yes,yes,cellular,5,may,2,-1,0,,no,0,25-59,train,0.067,0,0,0
40,blue-collar,married,primary,no,-234,yes,no,cellular,6,may,1,-1,0,,no,0,25-59,train,0.033,0,0,0
39,admin.,married,secondary,no,1101,yes,no,cellular,6,may,3,-1,0,,no,0,25-59,test,0.085,0,0,0
49,blue-collar,divorced,primary,no,0,yes,no,cellular,6,may,1,281,2,failure,no,0,25-59,test,0.042,0,0,0
46,services,divorced,secondary,no,281,yes,yes,cellular,6,may,1,-1,0,,no,0,25-59,train,0.095,0,0,0
31,services,divorced,secondary,no,1016,yes,no,cellular,6,may,1,342,1,failure,no,0,25-59,train,0.101,0,0,0
32,blue-collar,single,secondary,yes,-206,yes,no,cellular,6,may,1,-1,0,,no,0,25-59,test,0.038,0,0,0
42,entrepreneur,married,primary,no,558,yes,no,cellular,6,may,2,-1,0,,no,0,25-59,train,0.073,0,0,0
32,management,single,tertiary,no,-248,yes,yes,cellular,6,may,1,315,20,other,no,0,25-59,test,0.699,1,1,1
32,blue-collar,married,secondary,no,678,yes,no,cellular,6,may,1,-1,0,,no,0,25-59,test,0.039,0,0,0
29,blue-collar,single,secondary,no,114,yes,no,cellular,6,may,1,-1,0,,no,0,25-59,test,0.055,0,0,0
32,technician,married,secondary,no,-360,yes,no,cellular,6,may,2,344,2,failure,no,0,25-59,train,0.04,0,0,0
31,blue-collar,single,secondary,no,-190,yes,no,cellular,6,may,2,-1,0,,no,0,25-59,test,0.05,0,0,0
37,services,married,primary,yes,-483,yes,yes,cellular,6,may,2,168,3,failure,no,0,25-59,train,0.021,0,0,0
60,management,married,tertiary,no,5990,yes,no,cellular,6,may,3,-1,0,,yes,1,under 25 or 60+,train,0.105,0,0,0
32,admin.,divorced,tertiary,no,-2,yes,no,cellular,6,may,3,168,1,failure,no,0,25-59,test,0.107,0,0,0
25,blue-collar,single,secondary,no,51,yes,no,cellular,6,may,3,356,4,other,no,0,25-59,test,0.069,0,0,0
35,blue-collar,single,secondary,no,343,yes,no,cellular,6,may,2,-1,0,,no,0,25-59,test,0.052,0,0,0
36,blue-collar,married,secondary,no,777,yes,no,cellular,6,may,3,-1,0,,no,0,25-59,test,0.033,0,0,0
35,technician,married,secondary,no,2468,yes,no,cellular,6,may,8,-1,0,,no,0,25-59,train,0.04,0,0,0
58,entrepreneur,divorced,secondary,no,0,yes,no,cellular,7,may,3,-1,0,,no,0,25-59,test,0.134,0,0,0
54,blue-collar,married,primary,no,-864,yes,no,telephone,7,may,3,363,5,failure,no,0,25-59,train,0.029,0,0,0
35,blue-collar,married,secondary,no,-701,yes,yes,cellular,7,may,3,-1,0,,no,0,25-59,train,0.018,0,0,0
29,admin.,single,tertiary,no,422,yes,no,cellular,7,may,1,363,1,failure,no,0,25-59,train,0.123,0,0,0
47,services,married,secondary,no,1629,yes,no,cellular,7,may,1,-1,0,,no,0,25-59,train,0.096,0,0,0
30,blue-collar,divorced,secondary,no,292,yes,no,cellular,7,may,1,335,5,other,no,0,25-59,train,0.118,0,0,0
45,entrepreneur,married,tertiary,no,3689,yes,no,cellular,7,may,1,169,5,failure,no,0,25-59,test,0.15,0,0,0
39,management,single,tertiary,no,4239,yes,no,cellular,7,may,1,-1,0,,no,0,25-59,test,0.16,0,0,0
51,entrepreneur,married,tertiary,no,228,yes,no,cellular,7,may,1,-1,0,,no,0,25-59,train,0.123,0,0,0
57,management,married,tertiary,no,779,yes,no,cellular,7,may,1,367,1,failure,no,0,25-59,train,0.06,0,0,0
60,blue-collar,married,secondary,no,322,yes,no,cellular,7,may,1,-1,0,,no,0,under 25 or 60+,test,0.039,0,0,0
48,blue-collar,married,secondary,yes,0,yes,yes,cellular,7,may,1,-1,0,,no,0,25-59,train,0.015,0,0,0
28,blue-collar,married,secondary,no,-470,yes,no,cellular,7,may,2,-1,0,,no,0,25-59,train,0.034,0,0,0
30,entrepreneur,married,secondary,yes,-388,yes,no,cellular,7,may,1,293,3,failure,no,0,25-59,train,0.049,0,0,0
36,blue-collar,married,secondary,no,2095,yes,no,cellular,7,may,2,-1,0,,no,0,25-59,test,0.039,0,0,0
33,blue-collar,married,secondary,no,478,yes,no,cellular,7,may,1,338,1,failure,no,0,25-59,train,0.023,0,0,0
50,self-employed,single,secondary,no,766,yes,no,cellular,7,may,2,304,4,failure,no,0,25-59,test,0.067,0,0,0
53,entrepreneur,married,secondary,no,162,yes,no,cellular,7,may,2,-1,0,,no,0,25-59,train,0.082,0,0,0
24,management,single,tertiary,no,1085,no,yes,cellular,7,may,6,-1,0,,no,0,under 25 or 60+,train,0.09,0,0,0
42,blue-collar,divorced,primary,yes,78,yes,no,cellular,7,may,2,-1,0,,no,0,25-59,test,0.041,0,0,0
32,blue-collar,single,tertiary,no,3014,yes,no,cellular,7,may,2,-1,0,,no,0,25-59,train,0.085,0,0,0
30,management,married,tertiary,no,86,yes,yes,cellular,7,may,6,169,3,failure,no,0,25-59,train,0.027,0,0,0
47,services,married,secondary,no,1269,yes,no,cellular,7,may,1,253,6,other,no,0,25-59,train,0.168,0,0,0
43,management,married,tertiary,no,9,yes,no,telephone,8,may,3,358,3,failure,no,0,25-59,test,0.06,0,0,0
29,admin.,married,secondary,no,500,yes,no,cellular,8,may,8,-1,0,,no,0,25-59,train,0.059,0,0,0
35,blue-collar,married,primary,no,0,yes,no,cellular,8,may,1,290,2,failure,no,0,25-59,train,0.024,0,0,0
30,technician,married,secondary,no,4,yes,no,cellular,8,may,5,-1,0,,no,0,25-59,test,0.046,0,0,0
48,management,divorced,tertiary,no,84,yes,no,cellular,8,may,5,364,5,failure,no,0,25-59,test,0.153,0,0,0
32,blue-collar,single,secondary,no,259,yes,no,cellular,8,may,3,354,1,failure,no,0,25-59,test,0.03,0,0,0
49,services,married,secondary,no,4300,yes,yes,cellular,8,may,1,256,6,failure,no,0,25-59,train,0.089,0,0,0
56,retired,married,secondary,no,2330,no,no,cellular,8,may,1,-1,0,,no,0,25-59,train,0.18,0,0,0
40,management,married,tertiary,no,0,yes,no,cellular,8,may,1,-1,0,,no,0,25-59,test,0.094,0,0,0
48,services,divorced,secondary,no,62,yes,no,cellular,8,may,1,-1,0,,no,0,25-59,test,0.158,0,0,0
37,blue-collar,married,secondary,no,3653,yes,no,cellular,8,may,1,-1,0,,no,0,25-59,train,0.047,0,0,0
45,technician,married,secondary,no,0,no,no,cellular,8,may,1,340,1,failure,no,0,25-59,train,0.06,0,0,0
50,management,divorced,tertiary,no,356,no,no,cellular,8,may,2,358,5,other,no,0,25-59,test,0.349,0,0,0
34,blue-collar,single,secondary,no,551,yes,no,cellular,8,may,2,-1,0,,no,0,25-59,train,0.054,0,0,0
39,management,divorced,primary,no,516,yes,no,cellular,8,may,2,-1,0,,no,0,25-59,train,0.103,0,0,0
31,services,married,primary,no,11,yes,no,cellular,8,may,2,-1,0,,no,0,25-59,train,0.075,0,0,0
52,blue-collar,married,primary,no,863,no,no,cellular,8,may,2,170,3,failure,no,0,25-59,train,0.039,0,0,0
37,services,single,secondary,no,393,yes,no,cellular,8,may,4,350,2,other,no,0,25-59,test,0.108,0,0,0
34,self-employed,single,tertiary,no,366,yes,no,cellular,8,may,4,-1,0,,no,0,25-59,train,0.082,0,0,0
44,technician,divorced,secondary,no,177,yes,no,cellular,8,may,1,365,3,failure,no,0,25-59,train,0.101,0,0,0
29,management,single,tertiary,no,572,yes,no,telephone,8,may,6,181,1,success,no,0,25-59,test,0.266,0,0,0
57,entrepreneur,divorced,secondary,yes,25,yes,no,cellular,11,may,1,370,4,other,no,0,25-59,train,0.168,0,0,0
34,blue-collar,married,secondary,no,518,yes,no,cellular,11,may,1,-1,0,,no,0,25-59,train,0.042,0,0,0
40,blue-collar,married,secondary,no,6767,yes,no,cellular,11,may,1,172,2,failure,no,0,25-59,train,0.036,0,0,0
36,blue-collar,divorced,primary,no,666,yes,no,cellular,11,may,1,-1,0,,no,0,25-59,train,0.07,0,0,0
54,entrepreneur,married,secondary,yes,401,yes,no,cellular,11,may,1,-1,0,,no,0,25-59,test,0.067,0,0,0
46,blue-collar,married,primary,no,-339,yes,yes,cellular,11,may,2,-1,0,,no,0,25-59,train,0.019,0,0,0
50,blue-collar,married,secondary,no,372,yes,no,telephone,11,may,1,-1,0,,no,0,25-59,train,0.035,0,0,0
43,services,single,tertiary,no,553,no,no,cellular,11,may,1,-1,0,,no,0,25-59,test,0.274,0,0,0
41,admin.,married,secondary,no,1395,yes,yes,cellular,11,may,1,308,2,failure,no,0,25-59,train,0.046,0,0,0
29,services,single,secondary,no,31,yes,no,cellular,11,may,1,369,3,other,no,0,25-59,train,0.164,0,0,0
33,management,divorced,tertiary,no,-255,yes,yes,cellular,11,may,9,306,1,other,no,0,25-59,train,0.047,0,0,0
59,self-employed,married,tertiary,no,0,yes,no,cellular,11,may,1,-1,0,,no,0,25-59,train,0.073,0,0,0
36,blue-collar,divorced,primary,yes,0,yes,no,cellular,11,may,2,305,1,failure,no,0,25-59,train,0.025,0,0,0
39,technician,married,secondary,no,626,yes,no,cellular,11,may,2,-1,0,,no,0,25-59,train,0.063,0,0,0
33,services,single,secondary,no,-530,yes,yes,telephone,11,may,5,-1,0,,no,0,25-59,train,0.049,0,0,0
34,services,married,secondary,no,-333,yes,no,cellular,11,may,4,285,5,failure,no,0,25-59,train,0.086,0,0,0
42,unemployed,married,secondary,no,-523,yes,no,cellular,11,may,2,-1,0,,no,0,25-59,train,0.101,0,0,0
29,technician,single,tertiary,no,18254,no,no,cellular,11,may,2,-1,0,,no,0,25-59,test,0.379,0,0,0
33,services,single,secondary,no,310,yes,no,cellular,12,may,2,371,1,failure,no,0,25-59,test,0.083,0,0,0
46,admin.,married,secondary,no,1437,yes,no,cellular,12,may,1,-1,0,,no,0,25-59,test,0.111,0,0,0
44,blue-collar,married,primary,no,1147,yes,no,cellular,12,may,1,-1,0,,no,0,25-59,test,0.04,0,0,0
31,admin.,married,secondary,no,2,yes,yes,cellular,12,may,4,-1,0,,yes,1,25-59,test,0.049,0,0,0
40,blue-collar,married,primary,no,-48,yes,no,cellular,12,may,1,-1,0,,no,0,25-59,train,0.037,0,0,0
56,blue-collar,married,primary,no,351,yes,no,telephone,12,may,4,-1,0,,no,0,25-59,train,0.025,0,0,0
27,management,single,tertiary,no,498,yes,no,cellular,12,may,1,369,3,failure,no,0,25-59,test,0.131,0,0,0
32,blue-collar,married,secondary,no,1787,yes,no,cellular,12,may,4,357,4,failure,no,0,25-59,test,0.038,0,0,0
47,blue-collar,married,,no,170,yes,no,cellular,12,may,1,-1,0,,no,0,25-59,train,0.027,0,0,0
47,services,married,secondary,no,367,yes,no,cellular,12,may,1,306,4,success,yes,1,25-59,train,0.47,0,0,1
40,management,married,tertiary,no,226,yes,no,cellular,12,may,2,-1,0,,no,0,25-59,train,0.095,0,0,0
57,admin.,single,secondary,no,3551,yes,no,cellular,12,may,1,-1,0,,yes,1,25-59,train,0.173,0,0,0
37,self-employed,divorced,secondary,no,-38,yes,no,cellular,12,may,1,175,2,failure,no,0,25-59,test,0.06,0,0,0
50,management,married,tertiary,no,126,yes,no,cellular,12,may,3,-1,0,,no,0,25-59,test,0.087,0,0,0
36,technician,single,secondary,no,75,yes,no,cellular,12,may,2,342,4,other,no,0,25-59,test,0.128,0,0,0
31,admin.,single,tertiary,no,355,yes,no,cellular,12,may,1,-1,0,,yes,1,25-59,train,0.203,0,0,0
45,blue-collar,married,secondary,no,3412,yes,no,cellular,12,may,2,-1,0,,no,0,25-59,test,0.046,0,0,0
37,technician,married,secondary,no,807,yes,no,cellular,12,may,3,172,4,failure,no,0,25-59,train,0.053,0,0,0
36,blue-collar,married,primary,no,578,yes,no,cellular,13,may,2,-1,0,,no,0,25-59,train,0.036,0,0,0
39,blue-collar,married,primary,no,481,no,no,cellular,13,may,3,357,1,other,no,0,25-59,test,0.045,0,0,0
48,blue-collar,married,secondary,no,709,yes,no,cellular,13,may,2,278,3,other,no,0,25-59,train,0.047,0,0,0
35,admin.,single,secondary,no,0,yes,no,cellular,13,may,1,-1,0,,yes,1,25-59,test,0.15,0,0,0
29,blue-collar,married,secondary,no,912,yes,no,cellular,13,may,1,-1,0,,no,0,25-59,test,0.045,0,0,0
42,admin.,single,secondary,no,664,yes,no,cellular,13,may,1,-1,0,,no,0,25-59,train,0.155,0,0,0
48,blue-collar,married,secondary,no,1394,yes,no,telephone,13,may,10,-1,0,,no,0,25-59,train,0.019,0,0,0
43,housemaid,single,primary,no,800,yes,no,cellular,13,may,1,-1,0,,yes,1,25-59,train,0.098,0,0,0
49,blue-collar,divorced,,no,39,yes,no,cellular,13,may,5,-1,0,,no,0,25-59,test,0.037,0,0,0
32,blue-collar,single,secondary,no,2137,no,no,cellular,13,may,1,349,1,failure,no,0,25-59,train,0.067,0,0,0
34,services,married,secondary,no,1314,yes,no,cellular,13,may,1,-1,0,,no,0,25-59,test,0.105,0,0,0
44,blue-collar,divorced,secondary,no,338,yes,no,cellular,13,may,1,370,1,failure,no,0,25-59,test,0.05,0,0,0
30,blue-collar,married,primary,no,236,yes,no,cellular,13,may,1,364,1,failure,no,0,25-59,train,0.024,0,0,0
30,admin.,single,secondary,no,186,yes,no,cellular,13,may,1,-1,0,,no,0,25-59,train,0.151,0,0,0
51,unemployed,married,secondary,no,-13,yes,no,cellular,13,may,1,364,1,failure,no,0,25-59,test,0.073,0,0,0
26,admin.,single,secondary,no,0,yes,no,cellular,13,may,3,-1,0,,no,0,25-59,test,0.13,0,0,0
29,blue-collar,married,primary,no,97,yes,no,cellular,13,may,2,-1,0,,no,0,25-59,train,0.035,0,0,0
27,blue-collar,single,primary,no,265,yes,no,cellular,13,may,2,-1,0,,yes,1,25-59,test,0.052,0,0,0
45,blue-collar,married,secondary,no,577,yes,no,cellular,13,may,2,350,3,failure,no,0,25-59,test,0.035,0,0,0
41,self-employed,married,secondary,no,305,yes,no,cellular,13,may,2,-1,0,,no,0,25-59,train,0.051,0,0,0
47,blue-collar,married,primary,no,6150,yes,no,cellular,13,may,2,174,2,failure,no,0,25-59,test,0.03,0,0,0
32,technician,single,secondary,no,271,yes,no,cellular,13,may,2,268,2,other,no,0,25-59,train,0.089,0,0,0
38,blue-collar,divorced,primary,no,0,yes,no,cellular,13,may,2,-1,0,,yes,1,25-59,train,0.065,0,0,0
35,housemaid,single,secondary,no,-122,yes,yes,cellular,13,may,5,-1,0,,no,0,25-59,test,0.046,0,0,0
39,management,single,tertiary,no,30,yes,no,cellular,13,may,3,-1,0,,no,0,25-59,train,0.127,0,0,0
28,admin.,single,secondary,no,20,yes,no,cellular,14,may,5,370,4,other,no,0,25-59,test,0.164,0,0,0
33,management,married,tertiary,no,0,yes,yes,cellular,14,may,2,-1,0,,no,0,25-59,test,0.058,0,0,0
38,services,married,secondary,no,934,yes,no,cellular,14,may,1,-1,0,,yes,1,25-59,train,0.105,0,0,0
47,admin.,divorced,secondary,no,980,yes,no,cellular,14,may,1,-1,0,,no,0,25-59,train,0.194,0,0,0
49,blue-collar,single,primary,no,87,yes,no,telephone,14,may,2,-1,0,,no,0,25-59,train,0.044,0,0,0
43,management,married,primary,no,62,yes,no,cellular,14,may,1,300,3,failure,no,0,25-59,train,0.056,0,0,0
35,services,married,secondary,no,341,yes,no,cellular,14,may,1,-1,0,,yes,1,25-59,test,0.102,0,0,0
39,management,single,tertiary,no,3202,yes,no,cellular,14,may,8,-1,0,,no,0,25-59,test,0.105,0,0,0
48,blue-collar,married,primary,no,214,yes,yes,cellular,14,may,1,177,2,failure,yes,1,25-59,train,0.014,0,0,0
33,blue-collar,single,secondary,no,142,yes,no,cellular,14,may,1,360,3,other,no,0,25-59,train,0.078,0,0,0
42,entrepreneur,married,tertiary,no,171,yes,no,cellular,14,may,1,176,5,failure,no,0,25-59,test,0.144,0,0,0
37,blue-collar,married,primary,no,190,yes,no,cellular,14,may,6,-1,0,,no,0,25-59,train,0.026,0,0,0
29,blue-collar,married,secondary,no,-312,yes,yes,cellular,14,may,2,-1,0,,no,0,25-59,train,0.023,0,0,0
50,management,single,secondary,no,4527,yes,no,cellular,14,may,1,-1,0,,no,0,25-59,train,0.133,0,0,0
29,services,married,secondary,no,1002,yes,no,cellular,14,may,2,-1,0,,no,0,25-59,test,0.098,0,0,0
56,admin.,single,secondary,no,3309,yes,no,cellular,14,may,1,-1,0,,no,0,25-59,train,0.177,0,0,0
41,blue-collar,married,secondary,no,427,yes,yes,cellular,14,may,2,-1,0,,no,0,25-59,train,0.024,0,0,0
37,blue-collar,married,secondary,no,561,yes,no,cellular,14,may,1,339,2,failure,no,0,25-59,test,0.032,0,0,0
43,blue-collar,married,primary,no,479,yes,no,cellular,14,may,2,370,2,failure,no,0,25-59,train,0.027,0,0,0
53,services,divorced,secondary,no,765,yes,no,cellular,14,may,3,174,7,other,yes,1,25-59,test,0.288,0,0,0
35,admin.,single,secondary,no,-133,yes,no,cellular,14,may,3,-1,0,,no,0,25-59,train,0.132,0,0,0
29,technician,single,secondary,no,-13,yes,no,cellular,14,may,3,-1,0,,no,0,25-59,train,0.087,0,0,0
32,technician,married,secondary,no,344,yes,yes,cellular,14,may,11,-1,0,,no,0,25-59,train,0.019,0,0,0
32,student,married,tertiary,no,744,yes,no,cellular,14,may,2,352,1,other,no,0,25-59,train,0.158,0,0,0
30,management,single,tertiary,no,872,yes,no,cellular,15,may,1,298,2,failure,no,0,25-59,test,0.112,0,0,0
38,management,married,secondary,no,10357,no,no,cellular,15,may,3,-1,0,,no,0,25-59,train,0.165,0,0,0
40,technician,married,secondary,no,192,yes,yes,cellular,15,may,8,351,5,failure,no,0,25-59,test,0.03,0,0,0
28,services,single,secondary,no,221,yes,no,cellular,15,may,1,-1,0,,no,0,25-59,test,0.146,0,0,0
30,services,married,secondary,no,683,yes,no,cellular,15,may,1,-1,0,,no,0,25-59,train,0.105,0,0,0
49,admin.,divorced,secondary,no,132,yes,no,cellular,15,may,1,350,1,failure,no,0,25-59,train,0.122,0,0,0
34,management,married,secondary,no,-285,yes,no,cellular,15,may,1,276,3,failure,no,0,25-59,train,0.061,0,0,0
28,student,single,secondary,no,217,yes,no,cellular,15,may,2,372,1,failure,no,0,25-59,train,0.121,0,0,0
37,services,single,secondary,no,1175,yes,no,cellular,15,may,1,333,2,failure,no,0,25-59,test,0.113,0,0,0
25,technician,single,secondary,no,173,yes,no,cellular,15,may,2,-1,0,,no,0,25-59,test,0.097,0,0,0
48,services,married,secondary,no,975,yes,yes,cellular,15,may,2,-1,0,,no,0,25-59,train,0.059,0,0,0
37,admin.,single,secondary,no,309,yes,no,cellular,15,may,3,-1,0,,no,0,25-59,train,0.137,0,0,0
40,services,married,secondary,no,771,yes,no,cellular,15,may,4,-1,0,,no,0,25-59,test,0.085,0,0,0
33,technician,single,secondary,no,1064,yes,no,cellular,15,may,2,-1,0,,no,0,25-59,test,0.101,0,0,0
42,admin.,divorced,secondary,no,241,yes,no,cellular,15,may,3,-1,0,,yes,1,25-59,test,0.167,0,0,0
27,management,single,tertiary,no,7944,yes,no,cellular,15,may,3,346,1,other,no,0,25-59,train,0.163,0,0,0
30,technician,married,secondary,no,-910,yes,no,cellular,15,may,2,298,1,failure,no,0,25-59,train,0.037,0,0,0
34,technician,married,secondary,no,656,yes,no,cellular,15,may,7,372,1,other,no,0,25-59,test,0.041,0,0,0
41,blue-collar,single,secondary,no,6393,yes,no,cellular,15,may,3,-1,0,,no,0,25-59,train,0.077,0,0,0
45,admin.,married,secondary,no,369,yes,no,cellular,15,may,5,-1,0,,no,0,25-59,test,0.083,0,0,0
38,management,married,secondary,no,341,no,no,cellular,15,may,3,346,2,failure,no,0,25-59,train,0.076,0,0,0
54,blue-collar,married,secondary,no,1777,yes,no,cellular,18,may,5,178,6,success,no,0,25-59,train,0.289,0,0,0
35,management,single,tertiary,no,13,yes,no,cellular,18,may,8,178,5,other,no,0,25-59,train,0.138,0,0,0
54,self-employed,divorced,primary,no,4382,yes,no,telephone,18,may,4,-1,0,,no,0,25-59,train,0.08,0,0,0
32,blue-collar,married,primary,no,-283,yes,no,cellular,18,may,2,349,2,other,no,0,25-59,test,0.039,0,0,0
32,blue-collar,single,secondary,no,218,yes,no,cellular,18,may,1,-1,0,,no,0,25-59,train,0.069,0,0,0
42,blue-collar,married,secondary,no,429,yes,no,cellular,18,may,1,370,1,failure,no,0,25-59,train,0.03,0,0,0
36,blue-collar,married,primary,no,123,yes,no,cellular,18,may,1,-1,0,,no,0,25-59,test,0.042,0,0,0
39,blue-collar,single,primary,no,656,yes,no,cellular,18,may,6,-1,0,,no,0,25-59,train,0.043,0,0,0
29,technician,single,tertiary,no,615,yes,no,cellular,18,may,1,-1,0,,yes,1,25-59,test,0.154,0,0,0
32,admin.,single,secondary,no,92,yes,no,cellular,18,may,1,315,2,failure,no,0,25-59,train,0.119,0,0,0
30,blue-collar,divorced,primary,no,53,yes,no,cellular,18,may,1,-1,0,,no,0,25-59,train,0.077,0,0,0
34,management,single,tertiary,no,138,yes,no,cellular,18,may,5,-1,0,,no,0,25-59,train,0.12,0,0,0
29,blue-collar,single,secondary,no,922,yes,no,cellular,18,may,1,-1,0,,no,0,25-59,train,0.072,0,0,0
33,management,married,secondary,no,180,yes,no,cellular,18,may,2,-1,0,,no,0,25-59,train,0.075,0,0,0
47,blue-collar,married,primary,no,2269,yes,no,cellular,18,may,1,279,2,failure,no,0,25-59,test,0.032,0,0,0
31,management,single,tertiary,no,-234,yes,no,cellular,18,may,1,-1,0,,no,0,25-59,train,0.157,0,0,0
56,admin.,single,secondary,no,791,yes,no,cellular,18,may,2,-1,0,,no,0,25-59,train,0.158,0,0,0
45,technician,divorced,secondary,no,-357,yes,yes,cellular,18,may,1,355,2,failure,yes,1,25-59,train,0.059,0,0,0
26,blue-collar,single,secondary,no,-93,yes,no,cellular,18,may,2,-1,0,,no,0,25-59,train,0.063,0,0,0
22,admin.,single,secondary,no,1157,yes,yes,cellular,18,may,2,-1,0,,no,0,under 25 or 60+,test,0.098,0,0,0
28,blue-collar,married,secondary,no,1072,yes,no,cellular,18,may,2,356,4,other,no,0,25-59,train,0.067,0,0,0
35,management,single,tertiary,no,-292,yes,no,cellular,18,may,2,272,6,failure,no,0,25-59,train,0.192,0,0,0
23,blue-collar,single,secondary,no,668,yes,no,cellular,18,may,3,-1,0,,no,0,under 25 or 60+,test,0.061,0,0,0
29,entrepreneur,single,tertiary,no,219,yes,no,cellular,18,may,2,356,1,failure,no,0,25-59,train,0.125,0,0,0
46,entrepreneur,divorced,tertiary,no,148,yes,no,cellular,18,may,3,350,5,other,no,0,25-59,train,0.331,0,0,0
31,technician,single,tertiary,no,-241,yes,no,cellular,18,may,2,355,1,failure,no,0,25-59,train,0.087,0,0,0
29,blue-collar,divorced,,no,101,yes,no,cellular,18,may,2,355,4,failure,no,0,25-59,train,0.054,0,0,0
30,blue-collar,single,secondary,no,8950,yes,no,cellular,18,may,4,355,1,other,no,0,25-59,train,0.074,0,0,0
27,student,single,secondary,no,568,yes,no,cellular,18,may,6,-1,0,,no,0,25-59,train,0.151,0,0,0
24,management,single,tertiary,no,3197,no,no,cellular,22,may,1,-1,0,,no,0,under 25 or 60+,train,0.281,0,0,0
54,technician,married,tertiary,no,1188,yes,no,cellular,22,may,1,-1,0,,no,0,25-59,train,0.119,0,0,0
36,technician,single,secondary,no,54,no,no,cellular,22,may,1,-1,0,,no,0,25-59,test,0.176,0,0,0
40,admin.,married,tertiary,no,1,yes,no,telephone,22,may,3,-1,0,,no,0,25-59,train,0.125,0,0,0
40,technician,married,secondary,no,312,no,no,cellular,25,may,7,-1,0,,yes,1,25-59,train,0.086,0,0,0
56,retired,divorced,tertiary,no,13094,no,no,cellular,25,may,1,-1,0,,yes,1,25-59,train,0.599,1,0,1
28,management,married,secondary,no,466,yes,no,cellular,25,may,2,-1,0,,no,0,25-59,test,0.086,0,0,0
26,management,married,tertiary,no,243,no,no,cellular,26,may,1,-1,0,,yes,1,25-59,train,0.194,0,0,0
36,management,married,tertiary,no,753,no,no,cellular,26,may,5,40,4,failure,no,0,25-59,train,0.12,0,0,0
25,management,single,tertiary,no,1602,yes,no,cellular,26,may,1,-1,0,,no,0,25-59,test,0.193,0,0,0
37,admin.,married,secondary,no,11303,no,no,cellular,26,may,2,-1,0,,no,0,25-59,test,0.294,0,0,0
30,management,single,tertiary,no,938,no,no,cellular,26,may,2,105,1,other,no,0,25-59,test,0.186,0,0,0
35,technician,married,tertiary,no,8029,yes,no,cellular,26,may,1,285,4,success,no,0,25-59,test,0.628,1,1,1
60,retired,divorced,tertiary,no,4,yes,no,cellular,26,may,3,358,2,failure,no,0,under 25 or 60+,train,0.222,0,0,0
25,student,single,tertiary,no,326,no,no,cellular,26,may,1,-1,0,,yes,1,25-59,train,0.417,0,0,1
28,admin.,married,secondary,no,0,yes,yes,cellular,26,may,1,-1,0,,no,0,25-59,train,0.08,0,0,0
60,retired,married,tertiary,no,3461,no,no,cellular,26,may,2,112,2,failure,no,0,under 25 or 60+,train,0.199,0,0,0
52,technician,married,secondary,no,0,yes,no,cellular,1,jun,1,83,1,failure,no,0,25-59,train,0.042,0,0,0
52,entrepreneur,married,primary,no,1998,no,no,telephone,1,jun,1,-1,0,,no,0,25-59,test,0.156,0,0,0
29,management,single,tertiary,no,92,no,no,cellular,2,jun,1,92,5,success,no,0,25-59,test,0.746,1,1,1
54,unemployed,divorced,secondary,no,1664,no,no,cellular,2,jun,3,-1,0,,yes,1,25-59,train,0.332,0,0,0
37,admin.,married,secondary,no,597,no,no,cellular,2,jun,1,-1,0,,yes,1,25-59,train,0.208,0,0,0
41,management,married,secondary,no,280,yes,no,cellular,2,jun,1,95,2,success,no,0,25-59,test,0.328,0,0,0
38,admin.,married,tertiary,no,1988,no,no,cellular,2,jun,1,67,4,success,yes,1,25-59,train,0.724,1,1,1
53,admin.,married,secondary,no,109,no,no,telephone,2,jun,1,-1,0,,yes,1,25-59,train,0.175,0,0,0
55,management,divorced,tertiary,no,1633,no,no,telephone,2,jun,1,-1,0,,no,0,25-59,train,0.297,0,0,0
45,management,single,secondary,no,5993,no,no,cellular,2,jun,1,-1,0,,no,0,25-59,train,0.26,0,0,0
41,admin.,married,secondary,no,1021,no,no,cellular,2,jun,1,-1,0,,no,0,25-59,test,0.212,0,0,0
34,admin.,single,secondary,no,0,yes,no,cellular,2,jun,2,-1,0,,no,0,25-59,test,0.178,0,0,0
30,management,married,tertiary,no,2694,no,no,cellular,3,jun,1,-1,0,,no,0,25-59,train,0.225,0,0,0
22,student,single,secondary,no,4132,no,no,telephone,3,jun,2,-1,0,,no,0,under 25 or 60+,test,0.329,0,0,0
35,services,married,secondary,no,52,yes,no,cellular,4,jun,2,94,4,success,yes,1,25-59,train,0.48,0,1,1
33,technician,single,tertiary,no,317,yes,no,cellular,4,jun,1,80,14,other,yes,1,25-59,test,0.62,1,1,1
25,management,single,tertiary,no,295,no,no,cellular,5,jun,1,-1,0,,no,0,25-59,train,0.284,0,0,0
35,admin.,divorced,secondary,no,1085,no,no,cellular,5,jun,1,86,7,success,yes,1,25-59,train,0.861,1,1,1
33,management,single,tertiary,no,0,no,no,telephone,5,jun,1,-1,0,,no,0,25-59,train,0.244,0,0,0
36,management,single,tertiary,no,2163,no,no,cellular,5,jun,1,-1,0,,no,0,25-59,test,0.305,0,0,0
47,management,single,tertiary,no,372,no,no,cellular,15,jun,1,-1,0,,yes,1,25-59,test,0.326,0,0,0
20,student,single,,no,457,no,no,cellular,16,jun,1,-1,0,,no,0,under 25 or 60+,train,0.301,0,0,0
50,management,married,tertiary,no,1463,no,yes,cellular,16,jun,2,-1,0,,no,0,25-59,test,0.155,0,0,0
21,management,single,tertiary,no,243,no,yes,cellular,17,jun,2,-1,0,,no,0,under 25 or 60+,train,0.208,0,0,0
39,blue-collar,divorced,tertiary,no,382,no,no,cellular,18,jun,3,-1,0,,no,0,25-59,train,0.238,0,0,0
71,retired,married,secondary,no,1998,no,no,cellular,23,jun,1,-1,0,,no,0,under 25 or 60+,train,0.322,0,0,0
33,housemaid,single,secondary,no,1363,no,no,telephone,30,jun,1,-1,0,,no,0,25-59,train,0.28,0,0,0
54,management,married,,no,831,yes,yes,telephone,2,jul,1,125,2,other,no,0,25-59,train,0.013,0,0,0
37,management,married,primary,no,22856,no,no,cellular,2,jul,1,388,1,failure,no,0,25-59,test,0.137,0,0,0
22,services,single,secondary,no,2273,no,yes,cellular,2,jul,1,-1,0,,no,0,under 25 or 60+,train,0.101,0,0,0
56,blue-collar,married,secondary,no,3460,yes,no,cellular,3,jul,3,-1,0,,no,0,25-59,test,0.03,0,0,0
33,technician,married,secondary,no,152,yes,no,cellular,7,jul,1,-1,0,,no,0,25-59,train,0.051,0,0,0
34,housemaid,married,secondary,no,5,no,no,telephone,21,jul,7,-1,0,,no,0,25-59,train,0.058,0,0,0
50,self-employed,married,secondary,no,5312,no,no,cellular,23,jul,3,-1,0,,no,0,25-59,train,0.094,0,0,0
58,management,married,tertiary,no,138,yes,yes,cellular,6,aug,4,-1,0,,no,0,25-59,train,0.032,0,0,0
32,services,single,secondary,no,6857,no,no,cellular,6,aug,1,185,1,failure,no,0,25-59,train,0.11,0,0,0
62,retired,married,primary,no,3738,no,no,telephone,10,aug,3,185,1,failure,no,0,under 25 or 60+,test,0.054,0,0,0
37,admin.,married,tertiary,no,1995,yes,no,cellular,11,aug,2,-1,0,,no,0,25-59,test,0.11,0,0,0
68,,married,,no,4092,no,no,telephone,11,aug,1,-1,0,,no,0,under 25 or 60+,train,0.061,0,0,0
71,retired,divorced,tertiary,no,261,no,no,cellular,12,aug,2,-1,0,,no,0,under 25 or 60+,test,0.283,0,0,0
28,technician,single,tertiary,no,0,yes,no,cellular,12,aug,1,79,3,success,no,0,25-59,train,0.384,0,0,0
30,management,single,tertiary,no,280,no,no,cellular,12,aug,1,-1,0,,no,0,25-59,train,0.168,0,0,0
43,management,married,tertiary,no,422,no,no,cellular,12,aug,1,-1,0,,no,0,25-59,train,0.12,0,0,0
25,management,single,tertiary,no,2305,no,no,cellular,12,aug,2,104,2,failure,no,0,25-59,train,0.105,0,0,0
44,technician,married,tertiary,no,1818,yes,yes,cellular,12,aug,1,104,1,failure,no,0,25-59,test,0.022,0,0,0
32,technician,single,tertiary,no,1246,yes,no,cellular,12,aug,1,104,3,success,no,0,25-59,train,0.406,0,0,0
32,technician,single,tertiary,no,696,no,yes,cellular,13,aug,4,105,4,failure,no,0,25-59,train,0.067,0,0,0
30,student,single,tertiary,no,3115,no,no,telephone,13,aug,2,-1,0,,no,0,25-59,train,0.266,0,0,0
68,retired,married,primary,no,2301,no,no,cellular,14,aug,3,120,1,failure,no,0,under 25 or 60+,train,0.061,0,0,0
55,retired,married,primary,no,16432,no,no,cellular,14,aug,2,-1,0,,no,0,25-59,train,0.241,0,0,0
27,admin.,single,secondary,no,1123,no,no,cellular,17,aug,1,-1,0,,no,0,25-59,test,0.194,0,0,0
67,retired,married,,no,696,no,no,telephone,17,aug,1,105,2,failure,no,0,under 25 or 60+,train,0.049,0,0,0
61,management,married,secondary,no,1128,no,no,cellular,18,aug,2,-1,0,,no,0,under 25 or 60+,train,0.092,0,0,0
71,retired,married,,no,1741,no,no,cellular,18,aug,1,-1,0,,no,0,under 25 or 60+,train,0.107,0,0,0
55,management,married,tertiary,no,12972,no,no,telephone,18,aug,1,-1,0,,yes,1,25-59,train,0.199,0,0,0
60,management,married,secondary,no,0,no,no,telephone,18,aug,3,-1,0,,no,0,under 25 or 60+,train,0.068,0,0,0
42,management,married,tertiary,no,976,no,no,cellular,19,aug,1,-1,0,,yes,1,25-59,train,0.138,0,0,0
58,technician,married,secondary,no,385,no,no,cellular,20,aug,1,-1,0,,no,0,25-59,train,0.093,0,0,0
39,management,married,secondary,no,18,yes,no,cellular,21,aug,1,91,1,failure,no,0,25-59,train,0.03,0,0,0
40,technician,married,secondary,no,3056,no,no,cellular,26,aug,1,-1,0,,no,0,25-59,test,0.118,0,0,0
39,technician,divorced,secondary,no,385,no,no,cellular,26,aug,1,93,1,failure,no,0,25-59,train,0.092,0,0,0
38,technician,single,tertiary,no,0,no,no,cellular,28,aug,2,-1,0,,no,0,25-59,train,0.19,0,0,0
43,management,divorced,,no,7702,no,no,cellular,1,sep,7,102,3,success,no,0,25-59,train,0.485,0,1,1
26,management,single,tertiary,no,200,no,no,cellular,1,sep,2,-1,0,,no,0,25-59,train,0.234,0,0,0
82,retired,married,primary,no,103,no,no,cellular,1,sep,1,-1,0,,no,0,under 25 or 60+,train,0.184,0,0,0
38,management,married,tertiary,no,1198,yes,no,cellular,3,sep,3,213,1,failure,no,0,25-59,train,0.062,0,0,0
44,admin.,married,secondary,no,764,yes,no,cellular,3,sep,1,213,1,failure,no,0,25-59,train,0.073,0,0,0
52,technician,married,secondary,no,0,yes,no,cellular,7,sep,1,294,1,failure,yes,1,25-59,test,0.053,0,0,0
24,unemployed,single,secondary,no,2696,no,no,cellular,7,sep,2,-1,0,,no,0,under 25 or 60+,train,0.311,0,0,0
37,blue-collar,married,secondary,no,4321,no,no,cellular,8,sep,2,95,1,success,no,0,25-59,train,0.302,0,0,0
41,student,single,secondary,no,595,yes,no,,18,sep,1,107,2,success,no,0,25-59,train,0.372,0,0,0
83,retired,married,primary,no,425,no,no,telephone,22,sep,1,92,2,success,yes,1,under 25 or 60+,train,0.565,1,0,0
71,retired,divorced,secondary,no,4380,no,no,cellular,22,sep,1,-1,0,,yes,1,under 25 or 60+,train,0.478,0,0,0
32,management,divorced,tertiary,no,530,yes,no,cellular,24,sep,1,114,2,failure,no,0,25-59,train,0.19,0,0,0
74,retired,married,primary,no,4286,no,no,cellular,30,sep,1,-1,0,,no,0,under 25 or 60+,train,0.332,0,0,0
57,management,married,,no,0,no,no,cellular,30,sep,1,-1,0,,no,0,25-59,train,0.144,0,0,0
84,entrepreneur,married,secondary,no,0,no,no,telephone,30,sep,2,-1,0,,yes,1,under 25 or 60+,train,0.216,0,0,0
35,management,married,tertiary,no,2088,yes,no,cellular,1,oct,1,50,4,failure,no,0,25-59,train,0.26,0,0,0
39,admin.,married,secondary,no,26233,no,no,cellular,2,oct,1,-1,0,,no,0,25-59,test,0.74,1,1,1
61,retired,married,secondary,no,286,no,no,cellular,7,oct,1,-1,0,,no,0,under 25 or 60+,train,0.464,0,0,0
55,unemployed,married,secondary,no,377,no,no,cellular,8,oct,1,183,1,success,no,0,25-59,test,0.784,1,1,1
57,housemaid,single,secondary,no,254,no,no,cellular,8,oct,1,-1,0,,no,0,25-59,train,0.44,0,0,1
56,blue-collar,married,primary,no,1137,no,no,telephone,12,oct,3,102,1,success,no,0,25-59,train,0.446,0,0,1
45,blue-collar,married,secondary,no,6879,no,no,cellular,12,oct,1,131,1,other,no,0,25-59,train,0.239,0,0,0
44,technician,single,tertiary,no,643,no,no,cellular,16,oct,1,143,3,failure,yes,1,25-59,train,0.472,0,1,1
30,student,single,tertiary,no,7529,no,no,cellular,19,oct,1,-1,0,,yes,1,25-59,train,0.806,1,1,1
37,management,single,tertiary,no,0,no,no,cellular,20,oct,1,258,3,other,no,0,25-59,train,0.614,1,1,1
64,management,married,tertiary,no,4688,no,no,cellular,21,oct,1,-1,0,,yes,1,under 25 or 60+,train,0.555,1,1,0
31,blue-collar,single,,no,6281,no,no,cellular,22,oct,1,128,3,other,yes,1,25-59,train,0.336,0,0,0
30,technician,single,tertiary,no,411,no,no,cellular,22,oct,3,149,2,failure,yes,1,25-59,test,0.413,0,0,1
43,blue-collar,married,secondary,no,14646,no,no,cellular,23,oct,1,-1,0,,yes,1,25-59,train,0.464,0,0,1
40,admin.,married,secondary,no,0,no,no,cellular,26,oct,2,200,2,failure,no,0,25-59,test,0.386,0,0,0
41,,single,,no,942,no,no,cellular,27,oct,1,188,1,success,yes,1,25-59,test,0.776,1,1,1
76,retired,married,,no,992,no,no,cellular,27,oct,2,-1,0,,no,0,under 25 or 60+,train,0.436,0,0,0
33,management,single,tertiary,no,3170,no,no,cellular,28,oct,2,-1,0,,no,0,25-59,test,0.644,1,1,1
36,blue-collar,married,secondary,no,1193,no,no,cellular,30,oct,1,-1,0,,yes,1,25-59,train,0.325,0,0,0
22,student,single,secondary,no,1522,no,no,cellular,30,oct,2,-1,0,,yes,1,under 25 or 60+,test,0.703,1,1,1
70,technician,married,secondary,no,3020,no,no,telephone,2,nov,2,186,1,failure,no,0,under 25 or 60+,train,0.038,0,0,0
29,student,single,,no,10332,no,no,cellular,2,nov,3,-1,0,,yes,1,25-59,train,0.207,0,0,0
55,management,single,tertiary,no,0,no,no,cellular,3,nov,3,187,3,failure,no,0,25-59,train,0.114,0,0,0
24,technician,married,secondary,no,556,yes,no,cellular,6,nov,2,80,2,success,yes,1,under 25 or 60+,train,0.2,0,0,0
53,blue-collar,divorced,primary,no,4401,no,no,telephone,11,nov,1,92,1,success,yes,1,25-59,test,0.296,0,0,0
29,management,single,tertiary,no,1026,no,no,cellular,12,nov,1,92,1,other,yes,1,25-59,train,0.146,0,0,0
46,management,married,tertiary,no,2671,no,no,cellular,13,nov,3,91,4,success,no,0,25-59,test,0.52,1,1,1
61,retired,married,secondary,no,3114,no,no,cellular,13,nov,1,-1,0,,yes,1,under 25 or 60+,train,0.186,0,0,0
64,retired,married,,no,679,no,no,telephone,16,nov,1,-1,0,,yes,1,under 25 or 60+,test,0.1,0,0,0
38,technician,married,secondary,no,6728,no,no,cellular,25,nov,1,96,4,success,yes,1,25-59,test,0.565,1,1,1
64,retired,divorced,primary,no,1840,no,no,cellular,25,nov,1,85,4,other,no,0,under 25 or 60+,test,0.341,0,0,0
29,technician,single,secondary,no,1165,no,no,cellular,3,dec,2,184,1,success,yes,1,25-59,train,0.825,1,1,1
53,unemployed,married,primary,no,980,yes,no,cellular,3,dec,1,-1,0,,yes,1,25-59,train,0.443,0,0,1
39,management,married,tertiary,no,481,no,no,cellular,7,dec,5,189,1,other,yes,1,25-59,train,0.41,0,0,1
30,technician,married,secondary,no,2326,no,no,cellular,14,dec,1,175,2,failure,yes,1,25-59,test,0.396,0,0,0
29,student,single,secondary,no,459,no,no,cellular,15,dec,3,189,19,other,yes,1,25-59,test,0.982,1,1,1
47,technician,married,secondary,no,0,yes,no,cellular,17,dec,1,231,2,failure,no,0,25-59,test,0.286,0,0,0
52,technician,married,secondary,no,195,yes,no,cellular,17,dec,2,205,3,failure,no,0,25-59,train,0.305,0,0,0
66,housemaid,married,primary,no,1230,no,no,cellular,17,dec,3,-1,0,,yes,1,under 25 or 60+,train,0.466,0,0,0
49,housemaid,married,secondary,no,3570,no,no,cellular,24,dec,3,202,2,failure,no,0,25-59,test,0.442,0,0,1
39,technician,single,tertiary,no,25,yes,no,cellular,28,dec,1,210,2,success,yes,1,25-59,test,0.896,1,1,1
38,admin.,married,secondary,no,11303,no,no,cellular,28,dec,2,216,2,failure,yes,1,25-59,train,0.681,1,1,1
36,technician,married,tertiary,no,629,yes,yes,cellular,29,dec,1,246,1,failure,no,0,25-59,train,0.267,0,0,0
33,management,married,tertiary,no,6513,yes,no,cellular,11,jan,1,343,1,other,yes,1,25-59,test,0.092,0,0,0
40,management,married,tertiary,no,5142,no,no,cellular,13,jan,2,224,1,failure,no,0,25-59,train,0.083,0,0,0
28,management,married,tertiary,no,893,no,no,cellular,18,jan,2,94,2,success,no,0,25-59,train,0.408,0,0,0
27,student,single,secondary,no,2245,no,no,cellular,18,jan,1,-1,0,,no,0,25-59,train,0.266,0,0,0
77,retired,married,secondary,no,4112,no,no,telephone,26,jan,1,95,2,success,yes,1,under 25 or 60+,train,0.499,0,0,0
28,technician,single,,no,0,yes,no,cellular,27,jan,1,92,2,success,no,0,25-59,test,0.243,0,0,0
42,management,single,tertiary,no,7560,no,no,cellular,28,jan,1,-1,0,,yes,1,25-59,train,0.299,0,0,0
27,,single,tertiary,no,6421,no,no,telephone,28,jan,4,-1,0,,no,0,25-59,train,0.224,0,0,0
34,admin.,married,tertiary,no,0,no,no,cellular,28,jan,2,-1,0,,yes,1,25-59,test,0.207,0,0,0
60,management,married,,no,264,no,no,telephone,1,feb,1,-1,0,,yes,1,under 25 or 60+,test,0.103,0,0,0
77,retired,married,tertiary,no,7802,no,no,telephone,1,feb,2,-1,0,,yes,1,under 25 or 60+,train,0.375,0,0,0
33,management,married,tertiary,no,62,yes,no,cellular,2,feb,1,264,1,failure,no,0,25-59,train,0.097,0,0,0
65,retired,married,secondary,no,23421,no,no,cellular,2,feb,1,-1,0,,no,0,under 25 or 60+,train,0.564,1,0,0
35,admin.,married,tertiary,no,221,yes,yes,cellular,3,feb,2,-1,0,,no,0,25-59,test,0.137,0,0,0
29,technician,married,secondary,no,95,no,yes,cellular,3,feb,3,-1,0,,yes,1,25-59,test,0.092,0,0,0
53,management,married,tertiary,no,6571,no,no,cellular,3,feb,1,-1,0,,yes,1,25-59,train,0.315,0,0,0
30,management,married,tertiary,no,1996,no,no,cellular,8,feb,3,101,1,other,yes,1,25-59,train,0.182,0,0,0
18,student,single,,no,108,no,no,cellular,9,feb,1,183,1,success,yes,1,under 25 or 60+,test,0.662,1,1,1
47,admin.,married,secondary,no,0,no,yes,cellular,10,feb,2,93,2,other,no,0,25-59,train,0.137,0,0,0
54,,married,secondary,no,2206,no,no,cellular,11,feb,1,91,3,success,yes,1,25-59,train,0.641,1,1,1
71,retired,married,secondary,no,1712,no,no,cellular,11,feb,1,-1,0,,yes,1,under 25 or 60+,train,0.323,0,0,0
36,blue-collar,divorced,secondary,no,2843,no,no,cellular,12,feb,1,182,1,success,no,0,25-59,train,0.579,1,1,1
32,management,married,tertiary,no,905,no,no,cellular,12,feb,4,-1,0,,yes,1,25-59,train,0.24,0,0,0
82,retired,married,secondary,no,121,no,no,telephone,19,feb,1,-1,0,,yes,1,under 25 or 60+,train,0.297,0,0,0
30,technician,single,secondary,no,341,no,no,,23,feb,1,-1,0,,no,0,25-59,test,0.131,0,0,0
80,housemaid,married,primary,no,0,no,no,cellular,23,feb,1,189,1,failure,yes,1,under 25 or 60+,train,0.129,0,0,0
72,retired,divorced,tertiary,no,438,no,no,cellular,23,feb,1,-1,0,,yes,1,under 25 or 60+,train,0.607,1,0,1
40,management,single,tertiary,no,0,yes,no,cellular,23,feb,2,182,6,failure,yes,1,25-59,test,0.341,0,0,0
61,self-employed,divorced,tertiary,no,6610,no,no,cellular,24,feb,2,-1,0,,yes,1,under 25 or 60+,train,0.467,0,0,0
33,services,single,secondary,no,1852,no,no,telephone,25,feb,1,204,3,other,no,0,25-59,test,0.407,0,0,0
51,admin.,married,tertiary,no,0,yes,yes,cellular,8,mar,2,-1,0,,yes,1,25-59,train,0.298,0,0,0
31,management,single,tertiary,no,147,no,no,cellular,9,mar,1,181,2,success,yes,1,25-59,train,0.87,1,1,1
36,management,married,tertiary,no,495,no,no,cellular,12,mar,3,182,6,success,yes,1,25-59,test,0.896,1,1,1
77,retired,married,primary,no,29340,no,no,cellular,15,mar,1,91,2,other,yes,1,under 25 or 60+,train,0.798,1,1,1
35,unemployed,single,secondary,no,295,no,no,,17,mar,1,-1,0,,yes,1,25-59,train,0.368,0,0,0
35,admin.,married,secondary,no,304,no,no,cellular,18,mar,1,-1,0,,yes,1,25-59,train,0.528,1,1,1
58,blue-collar,married,primary,no,1965,no,no,cellular,18,mar,1,-1,0,,no,0,25-59,train,0.291,0,0,0
54,management,married,secondary,no,2693,no,no,cellular,22,mar,1,188,6,other,yes,1,25-59,test,0.627,1,1,1
30,student,single,secondary,no,1681,no,no,cellular,23,mar,1,106,2,success,yes,1,25-59,train,0.924,1,1,1
33,management,single,tertiary,no,4176,no,no,cellular,26,mar,3,-1,0,,yes,1,25-59,train,0.664,1,1,1
70,management,married,tertiary,no,1295,no,no,cellular,26,mar,1,-1,0,,no,0,under 25 or 60+,train,0.571,1,1,0
30,self-employed,single,tertiary,no,916,no,no,cellular,29,mar,2,90,2,success,yes,1,25-59,train,0.862,1,1,1
44,admin.,divorced,tertiary,no,558,yes,no,cellular,31,mar,2,-1,0,,yes,1,25-59,train,0.695,1,1,1
33,technician,single,secondary,no,234,no,no,cellular,1,apr,1,370,2,failure,no,0,25-59,test,0.103,0,0,0
53,admin.,married,secondary,no,459,no,no,cellular,5,apr,1,-1,0,,yes,1,25-59,test,0.154,0,0,0
58,admin.,married,primary,no,1119,no,no,cellular,6,apr,4,341,2,failure,no,0,25-59,test,0.087,0,0,0
71,retired,divorced,secondary,no,3104,no,no,telephone,12,apr,1,187,1,failure,no,0,under 25 or 60+,train,0.177,0,0,0
62,retired,married,secondary,no,2917,no,no,cellular,12,apr,1,188,1,success,no,0,under 25 or 60+,train,0.526,1,0,0
36,management,single,,no,62,no,no,cellular,13,apr,2,-1,0,,yes,1,25-59,train,0.109,0,0,0
35,technician,married,secondary,no,2779,no,no,cellular,26,apr,2,186,2,success,yes,1,25-59,train,0.473,0,0,1
69,retired,married,secondary,no,0,no,no,cellular,28,apr,2,126,2,other,yes,1,under 25 or 60+,test,0.19,0,0,0
60,blue-collar,married,primary,no,5,no,no,cellular,4,may,1,95,2,success,yes,1,under 25 or 60+,test,0.197,0,0,0
45,housemaid,married,secondary,no,360,no,no,cellular,4,may,1,182,1,success,no,0,25-59,train,0.31,0,0,0
59,management,married,tertiary,no,138,yes,yes,cellular,13,may,1,280,4,failure,no,0,25-59,train,0.06,0,0,0
33,management,single,tertiary,no,2364,no,no,cellular,17,may,1,-1,0,,yes,1,25-59,train,0.253,0,0,0
27,,single,tertiary,no,6421,no,no,cellular,18,may,3,110,4,failure,no,0,25-59,train,0.249,0,0,0
78,retired,married,primary,no,680,no,no,telephone,24,may,1,89,9,failure,no,0,under 25 or 60+,test,0.289,0,0,0
27,technician,single,tertiary,no,2781,yes,no,cellular,24,may,1,389,1,failure,yes,1,25-59,train,0.124,0,0,0
28,technician,married,secondary,no,742,no,no,cellular,26,may,1,-1,0,,yes,1,25-59,train,0.138,0,0,0
29,student,single,tertiary,no,459,no,no,,26,may,1,-1,0,,no,0,25-59,train,0.188,0,0,0
65,retired,divorced,primary,no,1840,no,no,cellular,1,jun,2,188,5,failure,no,0,under 25 or 60+,train,0.337,0,0,0
34,technician,single,secondary,no,1087,no,no,,1,jun,1,-1,0,,no,0,25-59,train,0.074,0,0,0
37,admin.,divorced,tertiary,no,4708,no,no,cellular,2,jun,1,181,2,success,yes,1,25-59,test,0.817,1,1,1
26,technician,single,tertiary,no,1066,no,no,cellular,4,jun,1,50,1,success,no,0,25-59,train,0.579,1,1,1
46,services,married,secondary,no,0,yes,no,cellular,22,jun,1,124,1,other,no,0,25-59,train,0.127,0,0,0
40,technician,married,secondary,no,697,no,no,cellular,24,jun,2,219,2,other,no,0,25-59,train,0.173,0,0,0
38,management,single,tertiary,no,623,no,no,cellular,28,jun,4,144,4,other,yes,1,25-59,train,0.373,0,0,0
55,housemaid,divorced,primary,no,976,no,no,cellular,28,jun,1,94,3,other,yes,1,25-59,test,0.322,0,0,0
43,management,single,tertiary,no,0,no,no,cellular,30,jun,2,296,1,failure,yes,1,25-59,train,0.248,0,0,0
30,management,married,tertiary,no,69,yes,no,,6,jul,1,-1,0,,no,0,25-59,test,0.026,0,0,0
43,technician,married,secondary,no,69,yes,yes,cellular,7,jul,1,260,2,failure,no,0,25-59,test,0.02,0,0,0
71,retired,divorced,,no,392,no,no,telephone,7,jul,2,-1,0,,yes,1,under 25 or 60+,test,0.127,0,0,0
27,management,single,secondary,no,843,no,no,cellular,12,jul,2,185,1,success,no,0,25-59,test,0.379,0,0,0
72,admin.,married,primary,no,2321,no,no,cellular,12,jul,6,122,6,other,no,0,under 25 or 60+,train,0.149,0,0,0
24,student,single,secondary,no,1123,no,no,cellular,13,jul,1,412,1,other,yes,1,under 25 or 60+,train,0.228,0,0,0
70,retired,divorced,primary,no,482,no,no,telephone,14,jul,1,181,3,success,yes,1,under 25 or 60+,train,0.602,1,0,1
68,retired,divorced,secondary,no,4189,no,no,telephone,14,jul,2,-1,0,,yes,1,under 25 or 60+,train,0.243,0,0,0
42,unemployed,married,secondary,no,1289,no,no,cellular,15,jul,4,415,2,failure,yes,1,25-59,train,0.103,0,0,0
30,admin.,married,secondary,no,1081,no,no,cellular,16,jul,2,-1,0,,no,0,25-59,train,0.139,0,0,0
29,management,single,tertiary,no,985,yes,no,cellular,23,jul,2,-1,0,,yes,1,25-59,train,0.141,0,0,0
31,admin.,single,secondary,no,255,no,no,cellular,27,jul,2,181,1,success,no,0,25-59,train,0.541,1,1,1
40,admin.,married,secondary,no,0,no,no,cellular,28,jul,2,182,11,success,yes,1,25-59,train,0.835,1,1,1
25,technician,single,secondary,no,31,no,no,cellular,2,aug,3,-1,0,,no,0,25-59,train,0.083,0,0,0
36,technician,single,secondary,no,1745,no,no,cellular,2,aug,1,-1,0,,no,0,25-59,train,0.105,0,0,0
38,services,married,secondary,no,4017,no,no,cellular,4,aug,1,96,3,success,yes,1,25-59,train,0.426,0,0,1
42,management,married,tertiary,no,372,yes,no,cellular,4,aug,3,1,2,success,yes,1,25-59,train,0.203,0,0,0
50,management,married,tertiary,no,2881,no,no,cellular,5,aug,2,2,5,other,no,0,25-59,train,0.136,0,0,0
35,blue-collar,married,secondary,no,884,yes,no,,9,aug,1,-1,0,,no,0,25-59,train,0.01,0,0,0
44,entrepreneur,married,tertiary,no,121,no,no,cellular,10,aug,1,-1,0,,yes,1,25-59,train,0.149,0,0,0
77,retired,married,primary,no,2590,no,no,telephone,12,aug,1,178,20,failure,yes,1,under 25 or 60+,train,0.689,1,0,1
34,management,single,secondary,no,524,no,no,,13,aug,1,-1,0,,no,0,25-59,test,0.044,0,0,0
39,admin.,married,secondary,no,47,yes,no,cellular,16,aug,2,371,6,failure,no,0,25-59,train,0.116,0,0,0
60,services,married,tertiary,no,4256,yes,no,cellular,16,aug,3,761,1,other,yes,1,under 25 or 60+,train,0.143,0,0,0
60,management,married,tertiary,no,315,no,no,cellular,1,sep,1,183,3,success,yes,1,under 25 or 60+,test,0.572,1,1,0
33,admin.,married,secondary,no,394,yes,no,telephone,1,sep,3,-1,0,,no,0,25-59,train,0.092,0,0,0
41,technician,married,secondary,no,11,yes,no,telephone,1,sep,1,-1,0,,no,0,25-59,train,0.068,0,0,0
32,student,single,secondary,no,5836,no,no,cellular,2,sep,2,493,2,failure,no,0,25-59,test,0.324,0,0,0
83,housemaid,married,primary,no,2140,no,no,cellular,6,sep,3,276,8,other,no,0,under 25 or 60+,train,0.289,0,0,0
84,retired,divorced,primary,no,1680,no,no,telephone,6,sep,5,97,3,other,no,0,under 25 or 60+,test,0.227,0,0,0
37,unemployed,married,secondary,no,1978,no,no,cellular,9,sep,1,182,1,success,yes,1,25-59,train,0.574,1,0,1
33,services,married,secondary,no,2368,no,no,,13,sep,1,-1,0,,no,0,25-59,test,0.088,0,0,0
40,entrepreneur,married,tertiary,no,3585,no,no,cellular,15,sep,3,-1,0,,yes,1,25-59,train,0.287,0,0,0
35,blue-collar,married,secondary,no,262,no,no,cellular,15,sep,1,75,6,failure,yes,1,25-59,test,0.116,0,0,0
78,retired,divorced,primary,no,527,no,no,cellular,16,sep,1,-1,0,,yes,1,under 25 or 60+,test,0.37,0,0,0
55,management,married,secondary,no,2693,no,no,cellular,22,sep,1,184,7,success,yes,1,25-59,train,0.769,1,1,1
34,admin.,single,secondary,no,43,yes,no,,28,sep,1,-1,0,,no,0,25-59,train,0.102,0,0,0
36,technician,single,secondary,no,12264,no,no,cellular,11,oct,1,182,2,success,yes,1,25-59,test,0.881,1,1,1
77,retired,married,secondary,no,820,no,no,telephone,21,oct,2,181,4,success,yes,1,under 25 or 60+,test,0.865,1,1,1
34,blue-collar,married,secondary,no,152,no,no,cellular,25,oct,1,-1,0,,no,0,25-59,test,0.292,0,0,0
67,blue-collar,married,secondary,no,16353,no,no,cellular,27,oct,2,-1,0,,no,0,under 25 or 60+,train,0.486,0,1,0
66,retired,married,secondary,no,3409,no,no,cellular,15,nov,2,27,6,failure,no,0,under 25 or 60+,test,0.196,0,0,0
63,retired,married,secondary,no,1495,no,no,cellular,16,nov,1,22,5,success,no,0,under 25 or 60+,test,0.622,1,0,1
