sex,age,age_cat,race,juv_fel_count,juv_misd_count,juv_other_count,priors_count,c_charge_degree,c_charge_desc,two_year_recid,label,race_group,split,score,predicted,predicted_reweighed,predicted_threshold
Male,41,25 - 45,Caucasian,0,0,0,14,F,Possession Burglary Tools,Recidivated,1,Caucasian,train,0.784,1,1,1
Female,37,25 - 45,Caucasian,0,0,0,0,M,Battery,Survived,0,Caucasian,train,0.25,0,0,0
Male,41,25 - 45,African-American,0,0,0,0,F,"Poss3,4 Methylenedioxymethcath",Survived,0,African-American,train,0.29,0,0,0
Female,47,Greater than 45,Caucasian,0,0,0,1,F,arrest case no charge,Recidivated,1,Caucasian,train,0.277,0,0,0
Male,25,25 - 45,African-American,0,0,0,3,F,Grand Theft in the 3rd Degree,Survived,0,African-American,test,0.521,1,1,0
Male,21,Less than 25,African-American,0,0,0,1,F,Battery on Law Enforc Officer,Recidivated,1,African-American,train,0.568,1,1,1
Male,27,25 - 45,African-American,0,0,0,8,F,Carrying Concealed Firearm,Recidivated,1,African-American,test,0.69,1,1,1
Male,26,25 - 45,African-American,0,0,1,5,F,Pos Cannabis W/Intent Sel/Del,Recidivated,1,African-American,train,0.679,1,1,1
Male,32,25 - 45,African-American,0,0,0,4,F,Att Tamper w/Physical Evidence,Recidivated,1,African-American,train,0.504,1,0,0
Male,55,Greater than 45,Caucasian,0,0,0,0,F,arrest case no charge,Survived,0,Caucasian,train,0.202,0,0,0
Male,49,Greater than 45,Other,0,0,0,7,F,Agg Fleeing and Eluding,Recidivated,1,Other,test,0.478,0,0,1
Female,33,25 - 45,Caucasian,0,0,0,4,M,Battery,Recidivated,1,Caucasian,test,0.414,0,0,0
Male,24,Less than 25,Caucasian,0,0,0,1,M,Battery,Recidivated,1,Caucasian,train,0.462,0,0,1
Male,34,25 - 45,African-American,2,1,3,21,F,Poss Wep Conv Felon,Recidivated,1,African-American,train,0.989,1,1,1
Male,29,25 - 45,Caucasian,0,0,0,0,M,Possess Cannabis/20 Grams Or Less,Survived,0,Caucasian,test,0.301,0,0,0
Male,51,Greater than 45,African-American,0,0,0,2,M,Unlaw Use False Name/Identity,Survived,0,African-American,train,0.22,0,0,0
Male,29,25 - 45,Caucasian,0,0,0,2,M,Viol Injunct Domestic Violence,Recidivated,1,Caucasian,train,0.37,0,0,0
Female,51,Greater than 45,African-American,0,0,0,7,F,Possession of Cocaine,Survived,0,African-American,train,0.462,0,0,0
Male,29,25 - 45,African-American,0,0,0,0,F,Defrauding Innkeeper $300/More,Recidivated,1,African-American,train,0.375,0,0,0
Male,29,25 - 45,African-American,0,0,0,0,F,Tampering With Physical Evidence,Survived,0,African-American,test,0.375,0,0,0
Male,30,25 - 45,Hispanic,0,0,0,0,M,Possess Cannabis/20 Grams Or Less,Survived,0,Other,train,0.294,0,0,0
Male,35,25 - 45,African-American,0,0,0,5,F,Driving While License Revoked,Survived,0,African-American,train,0.519,1,1,0
Male,29,25 - 45,African-American,0,0,0,4,F,arrest case no charge,Recidivated,1,African-American,test,0.528,1,1,0
Male,33,25 - 45,Other,0,0,0,0,M,Battery,Survived,0,Other,train,0.275,0,0,0
Male,45,Greater than 45,Hispanic,0,0,0,6,F,Possession of Cocaine,Recidivated,1,Other,train,0.47,0,0,1
Male,40,25 - 45,African-American,0,0,0,2,F,arrest case no charge,Survived,0,African-American,train,0.366,0,0,0
Male,22,Less than 25,African-American,0,0,0,1,M,Battery,Recidivated,1,African-American,train,0.478,0,0,0
Female,26,25 - 45,African-American,0,0,0,1,F,Poss Cocaine/Intent To Del/Sel,Recidivated,1,African-American,test,0.435,0,0,0
Male,32,25 - 45,African-American,0,0,0,0,F,Felony Battery (Dom Strang),Survived,0,African-American,train,0.353,0,0,0
Male,41,25 - 45,African-American,0,0,0,1,M,arrest case no charge,Survived,0,African-American,train,0.255,0,0,0
Male,30,25 - 45,African-American,0,0,0,8,M,Possess Cannabis/20 Grams Or Less,Recidivated,1,African-American,train,0.592,1,1,1
Male,50,Greater than 45,Other,0,0,0,0,F,arrest case no charge,Recidivated,1,Other,test,0.229,0,0,0
Male,25,25 - 45,African-American,1,6,1,14,F,arrest case no charge,Recidivated,1,African-American,test,0.876,1,1,1
Male,20,Less than 25,Other,0,0,0,0,F,Tampering With Physical Evidence,Recidivated,1,Other,train,0.538,1,1,1
Male,22,Less than 25,African-American,1,0,0,2,F,Attempted Burg/struct/unocc,Recidivated,1,African-American,test,0.691,1,1,1
Male,36,25 - 45,African-American,0,0,0,9,F,Deliver Cocaine,Recidivated,1,African-American,train,0.661,1,1,1
Male,26,25 - 45,Caucasian,0,0,0,7,F,Possession Burglary Tools,Recidivated,1,Caucasian,train,0.662,1,1,1
Male,21,Less than 25,Other,0,0,0,1,F,Grand Theft in the 3rd Degree,Recidivated,1,Other,train,0.568,1,1,1
Female,20,Less than 25,Caucasian,0,0,0,0,F,"Poss3,4 Methylenedioxymethcath",Survived,0,Caucasian,test,0.538,1,1,1
Male,39,25 - 45,Caucasian,0,0,0,2,F,Possession Of Alprazolam,Recidivated,1,Caucasian,train,0.373,0,0,0
Female,54,Greater than 45,Caucasian,0,0,0,0,M,DUI Level 0.15 Or Minor In Veh,Survived,0,Caucasian,test,0.158,0,0,0
Female,44,25 - 45,Hispanic,0,0,0,0,M,Battery,Survived,0,Other,train,0.211,0,0,0
Male,19,Less than 25,African-American,0,0,0,1,M,Battery,Recidivated,1,African-American,test,0.502,1,0,0
Female,39,25 - 45,Caucasian,0,0,0,0,F,Aggravated Assault W/Dead Weap,Recidivated,1,Caucasian,test,0.303,0,0,0
Male,24,Less than 25,Caucasian,0,1,2,8,F,False Ownership Info/Pawn Item,Recidivated,1,Caucasian,train,0.874,1,1,1
Female,39,25 - 45,Caucasian,0,0,0,1,F,Possession of Morphine,Survived,0,Caucasian,test,0.337,0,0,0
Male,42,25 - 45,Caucasian,0,0,0,1,F,Aggrav Stalking After Injunctn,Recidivated,1,Caucasian,test,0.316,0,0,0
Male,41,25 - 45,African-American,0,1,0,10,F,Possession of Cocaine,Recidivated,1,African-American,train,0.636,1,1,1
Male,33,25 - 45,African-American,0,12,2,28,F,Driving While License Revoked,Recidivated,1,African-American,train,0.962,1,1,1
Male,31,25 - 45,African-American,0,0,0,1,M,Battery,Survived,0,African-American,train,0.321,0,0,0
Male,31,25 - 45,Caucasian,0,0,0,13,F,arrest case no charge,Recidivated,1,Caucasian,test,0.81,1,1,1
Male,33,25 - 45,African-American,0,0,0,19,F,arrest case no charge,Recidivated,1,African-American,train,0.911,1,1,1
Female,25,25 - 45,Caucasian,0,0,0,2,F,arrest case no charge,Survived,0,Caucasian,test,0.482,0,0,1
Female,24,Less than 25,African-American,0,0,0,0,M,Battery,Survived,0,African-American,train,0.424,0,0,0
Female,29,25 - 45,Caucasian,0,1,0,10,F,Grand Theft in the 3rd Degree,Recidivated,1,Caucasian,train,0.719,1,1,1
Male,32,25 - 45,African-American,0,0,0,3,F,Possession of Cocaine,Recidivated,1,African-American,train,0.465,0,0,0
Male,31,25 - 45,Caucasian,0,0,0,2,M,Resist/Obstruct W/O Violence,Recidivated,1,Caucasian,train,0.355,0,0,0
Male,31,25 - 45,African-American,0,0,0,1,M,Lewdness Violation,Survived,0,African-American,train,0.321,0,0,0
Male,59,Greater than 45,Caucasian,0,0,0,1,F,Possession of Cocaine,Recidivated,1,Caucasian,train,0.207,0,0,0
Female,43,25 - 45,Caucasian,0,0,0,0,M,DUI Level 0.15 Or Minor In Veh,Survived,0,Caucasian,test,0.216,0,0,0
Male,33,25 - 45,African-American,0,0,0,8,M,Assault,Recidivated,1,African-American,train,0.569,1,1,1
Female,33,25 - 45,African-American,0,0,0,7,F,Possession of Cocaine,Recidivated,1,African-American,train,0.611,1,1,1
Male,27,25 - 45,African-American,0,0,0,2,F,Tampering With Physical Evidence,Recidivated,1,African-American,test,0.466,0,0,0
Female,20,Less than 25,African-American,0,0,0,0,F,Grand Theft in the 3rd Degree,Survived,0,African-American,train,0.538,1,1,1
Female,26,25 - 45,African-American,0,0,0,2,M,Driving Under The Influence,Recidivated,1,African-American,test,0.393,0,0,0
Female,30,25 - 45,Caucasian,0,0,0,3,F,Possession Of Carisoprodol,Recidivated,1,Caucasian,train,0.481,0,0,1
Male,30,25 - 45,African-American,0,0,0,1,F,Burglary Conveyance Assault/Bat,Survived,0,African-American,test,0.404,0,0,0
Male,46,Greater than 45,Caucasian,0,0,0,6,F,Driving While License Revoked,Recidivated,1,Caucasian,train,0.462,0,0,1
Male,31,25 - 45,Caucasian,0,0,0,0,F,"Deliver 3,4 Methylenediox",Survived,0,Caucasian,train,0.36,0,0,0
Male,23,Less than 25,Hispanic,0,0,0,0,F,"Poss3,4 Methylenedioxymethcath",Survived,0,Other,test,0.514,1,1,1
Female,32,25 - 45,African-American,0,0,0,5,F,Aggravated Assault W/dead Weap,Survived,0,African-American,test,0.543,1,1,1
Male,78,Greater than 45,Caucasian,0,0,0,1,M,Driving Under The Influence,Recidivated,1,Caucasian,test,0.093,0,0,0
Male,47,Greater than 45,African-American,0,0,0,23,M,Possess Cannabis/20 Grams Or Less,Recidivated,1,African-American,train,0.894,1,1,1
Male,23,Less than 25,African-American,0,0,0,0,M,Battery,Recidivated,1,African-American,test,0.432,0,0,0
Male,34,25 - 45,African-American,0,0,0,2,M,Battery,Survived,0,African-American,train,0.334,0,0,0
Female,23,Less than 25,African-American,0,0,0,1,M,Battery,Survived,0,African-American,train,0.47,0,0,0
Female,37,25 - 45,Caucasian,0,0,0,0,M,Leaving Acc/Unattended Veh,Survived,0,Caucasian,train,0.25,0,0,0
Female,28,25 - 45,African-American,0,0,0,0,F,Aggrav Battery w/Deadly Weapon,Survived,0,African-American,train,0.382,0,0,0
Female,28,25 - 45,Caucasian,0,0,0,7,F,Felony Petit Theft,Recidivated,1,Caucasian,test,0.648,1,1,1
Male,38,25 - 45,African-American,0,0,0,2,F,Driving While License Revoked,Survived,0,African-American,train,0.381,0,0,0
Female,28,25 - 45,African-American,0,0,0,1,F,arrest case no charge,Survived,0,African-American,train,0.42,0,0,0
Male,56,Greater than 45,Caucasian,0,0,0,7,F,Felony Driving While Lic Suspd,Recidivated,1,Caucasian,test,0.422,0,0,1
Male,38,25 - 45,African-American,0,0,0,15,F,Possession of Cocaine,Survived,0,African-American,test,0.823,1,1,1
Male,28,25 - 45,African-American,0,0,0,2,M,Possess Cannabis/20 Grams Or Less,Survived,0,African-American,test,0.378,0,0,0
Male,37,25 - 45,Caucasian,0,0,0,4,F,arrest case no charge,Recidivated,1,Caucasian,train,0.464,0,0,1
Female,30,25 - 45,African-American,0,0,0,2,F,Grand Theft in the 3rd Degree,Survived,0,African-American,train,0.442,0,0,0
Male,33,25 - 45,Other,0,0,0,4,F,Aggravated Assault w/Firearm,Recidivated,1,Other,test,0.496,0,0,1
Male,54,Greater than 45,African-American,0,0,0,11,F,Grand Theft (Motor Vehicle),Survived,0,African-American,train,0.593,1,1,1
Male,43,25 - 45,Caucasian,0,0,0,13,F,Driving While License Revoked,Recidivated,1,Caucasian,train,0.744,1,1,1
Male,28,25 - 45,Caucasian,0,0,0,1,F,arrest case no charge,Survived,0,Caucasian,train,0.42,0,0,1
Male,22,Less than 25,African-American,0,0,0,0,F,Pos Cannabis W/Intent Sel/Del,Survived,0,African-American,train,0.522,1,1,0
Male,30,25 - 45,African-American,0,0,0,4,F,Driving While License Revoked,Survived,0,African-American,train,0.52,1,1,0
Male,25,25 - 45,Hispanic,0,0,0,4,F,Possession of Cannabis,Survived,0,Other,train,0.559,1,1,1
Male,32,25 - 45,African-American,0,1,0,14,F,Aggravated Battery / Pregnant,Survived,0,African-American,train,0.813,1,1,1
Male,25,25 - 45,African-American,0,0,0,0,F,Grand Theft in the 3rd Degree,Survived,0,African-American,test,0.405,0,0,0
Male,22,Less than 25,Caucasian,0,0,1,1,M,Voyeurism,Recidivated,1,Caucasian,test,0.574,1,1,1
Female,37,25 - 45,Other,0,0,0,0,M,Battery,Survived,0,Other,train,0.25,0,0,0
Male,23,Less than 25,Hispanic,0,0,1,1,F,arrest case no charge,Recidivated,1,Other,test,0.645,1,1,1
Male,24,Less than 25,Hispanic,0,0,0,0,M,Possess Cannabis/20 Grams Or Less,Survived,0,Other,test,0.424,0,0,0
Male,20,Less than 25,African-American,0,0,0,1,F,Carrying Concealed Firearm,Recidivated,1,African-American,train,0.576,1,1,1
Male,30,25 - 45,African-American,0,0,0,2,F,Carrying Concealed Firearm,Recidivated,1,African-American,train,0.442,0,0,0
Female,37,25 - 45,African-American,0,0,0,2,F,arrest case no charge,Survived,0,African-American,train,0.388,0,0,0
Male,22,Less than 25,Hispanic,0,0,1,0,F,"Poss3,4 Methylenedioxymethcath",Survived,0,Other,train,0.616,1,1,1
Female,52,Greater than 45,African-American,0,0,0,0,F,Burglary Conveyance Unoccup,Survived,0,African-American,train,0.218,0,0,0
Female,23,Less than 25,African-American,0,0,0,0,F,Carrying Concealed Firearm,Recidivated,1,African-American,test,0.514,1,1,0
Male,25,25 - 45,Caucasian,0,0,0,0,F,"Deliver 3,4 Methylenediox",Survived,0,Caucasian,train,0.405,0,0,1
Male,27,25 - 45,Caucasian,0,0,0,0,F,Grand Theft in the 3rd Degree,Recidivated,1,Caucasian,test,0.39,0,0,1
Male,30,25 - 45,African-American,0,0,0,11,F,Unauth Poss ID Card or DL,Recidivated,1,African-American,test,0.763,1,1,1
Male,22,Less than 25,African-American,0,1,1,3,M,Battery,Recidivated,1,African-American,test,0.623,1,1,1
Female,41,25 - 45,African-American,0,0,0,2,M,Battery on Law Enforc Officer,Survived,0,African-American,train,0.286,0,0,0
Female,25,25 - 45,Other,0,0,0,0,F,Aggravated Assault W/Dead Weap,Survived,0,Other,train,0.405,0,0,0
Male,52,Greater than 45,African-American,0,0,0,3,F,Possession of Cocaine,Recidivated,1,African-American,train,0.308,0,0,0
Male,70,Greater than 45,Caucasian,0,0,0,1,M,Battery,Survived,0,Caucasian,test,0.117,0,0,0
Male,46,Greater than 45,Caucasian,0,0,0,3,F,arrest case no charge,Survived,0,Caucasian,train,0.35,0,0,0
Male,38,25 - 45,Hispanic,0,0,0,3,F,Crim Use of Personal ID Info,Recidivated,1,Other,test,0.418,0,0,0
Male,34,25 - 45,Caucasian,0,0,0,5,M,Battery,Survived,0,Caucasian,test,0.444,0,0,1
Male,34,25 - 45,African-American,0,0,0,5,F,Possession of Oxycodone,Recidivated,1,African-American,train,0.527,1,1,0
Male,24,Less than 25,Other,0,0,0,0,F,Failure To Return Hired Vehicle,Survived,0,Other,train,0.506,1,1,1
Male,37,25 - 45,Caucasian,0,0,0,5,F,Battery on Law Enforc Officer,Survived,0,Caucasian,train,0.503,1,1,1
Male,23,Less than 25,Hispanic,0,0,0,0,F,Burglary Conveyance Unoccup,Survived,0,Other,train,0.514,1,1,1
Male,27,25 - 45,African-American,0,0,0,0,M,Battery,Survived,0,African-American,train,0.314,0,0,0
Male,44,25 - 45,Caucasian,0,0,0,0,M,Battery,Recidivated,1,Caucasian,train,0.211,0,0,0
Female,42,25 - 45,Caucasian,0,0,0,0,F,Possession of Cocaine,Survived,0,Caucasian,train,0.284,0,0,0
Female,51,Greater than 45,Caucasian,0,0,0,0,M,Battery on Law Enforc Officer,Survived,0,Caucasian,train,0.171,0,0,0
Male,56,Greater than 45,Caucasian,0,0,0,0,M,Battery On Parking Enfor Speci,Survived,0,Caucasian,train,0.15,0,0,0
Male,29,25 - 45,African-American,0,0,0,7,F,arrest case no charge,Survived,0,African-American,test,0.641,1,1,1
Male,21,Less than 25,Hispanic,0,1,0,3,F,Grand Theft in the 3rd Degree,Survived,0,Other,test,0.618,1,1,1
Male,28,25 - 45,Caucasian,0,0,0,1,F,Pos Cannabis W/Intent Sel/Del,Survived,0,Caucasian,train,0.42,0,0,1
Female,21,Less than 25,African-American,0,0,0,0,F,Robbery Sudd Snatch No Weapon,Recidivated,1,African-American,train,0.53,1,1,0
Male,30,25 - 45,Other,0,0,0,1,F,arrest case no charge,Recidivated,1,Other,train,0.404,0,0,0
Male,29,25 - 45,African-American,0,0,0,0,F,Aggravated Assault W/Dead Weap,Survived,0,African-American,train,0.375,0,0,0
Male,51,Greater than 45,Hispanic,0,0,0,1,M,Assault,Survived,0,Other,test,0.195,0,0,0
Male,32,25 - 45,African-American,0,1,0,12,F,arrest case no charge,Recidivated,1,African-American,test,0.761,1,1,1
Male,23,Less than 25,African-American,0,0,1,1,F,Grand Theft in the 3rd Degree,Survived,0,African-American,test,0.645,1,1,1
Male,47,Greater than 45,African-American,0,0,0,3,F,Possession Burglary Tools,Survived,0,African-American,test,0.343,0,0,0
Male,37,25 - 45,Caucasian,0,0,0,0,F,Forging Bank Bills/Promis Note,Survived,0,Caucasian,train,0.317,0,0,0
Male,26,25 - 45,African-American,0,0,1,6,M,Battery,Recidivated,1,African-American,train,0.639,1,1,1
Male,22,Less than 25,Caucasian,0,0,0,0,F,Possession of Cocaine,Survived,0,Caucasian,train,0.522,1,1,1
Female,60,Greater than 45,Caucasian,0,0,0,0,M,Battery,Survived,0,Caucasian,train,0.134,0,0,0
Male,23,Less than 25,African-American,2,0,0,3,F,"Poss3,4 Methylenedioxymethcath",Recidivated,1,African-American,test,0.792,1,1,1
Female,20,Less than 25,Other,1,0,0,1,F,arrest case no charge,Survived,0,Other,test,0.671,1,1,1
Male,21,Less than 25,African-American,0,1,0,1,F,Grand Theft in the 3rd Degree,Survived,0,African-American,train,0.542,1,1,1
Male,22,Less than 25,Caucasian,0,0,0,2,M,Possess Cannabis/20 Grams Or Less,Recidivated,1,Caucasian,train,0.517,1,1,1
Male,21,Less than 25,African-American,0,0,0,4,F,arrest case no charge,Recidivated,1,African-American,train,0.678,1,1,1
Female,50,Greater than 45,Caucasian,0,0,0,1,M,Battery,Recidivated,1,Caucasian,train,0.2,0,0,0
Male,40,25 - 45,Caucasian,0,0,0,0,F,arrest case no charge,Recidivated,1,Caucasian,train,0.297,0,0,0
Female,53,Greater than 45,Caucasian,0,0,0,1,M,Battery,Survived,0,Caucasian,train,0.185,0,0,0
Female,24,Less than 25,African-American,0,0,0,0,F,Aggravated Assault W/Dead Weap,Survived,0,African-American,train,0.506,1,1,0
Male,26,25 - 45,African-American,1,1,0,6,F,Robbery / No Weapon,Recidivated,1,African-American,train,0.694,1,1,1
Male,21,Less than 25,Caucasian,0,0,0,3,M,arrest case no charge,Survived,0,Caucasian,test,0.564,1,1,1
Male,37,25 - 45,African-American,0,0,0,23,F,Battery on Law Enforc Officer,Recidivated,1,African-American,train,0.944,1,1,1
Male,48,Greater than 45,Caucasian,1,0,0,23,F,Felony Petit Theft,Recidivated,1,Caucasian,test,0.945,1,1,1
Male,27,25 - 45,African-American,0,0,0,12,F,Driving While License Revoked,Recidivated,1,African-American,test,0.806,1,1,1
Male,33,25 - 45,Caucasian,0,0,0,3,M,Battery,Survived,0,Caucasian,test,0.377,0,0,0
Male,56,Greater than 45,African-American,0,0,0,5,F,Driving While License Revoked,Survived,0,African-American,train,0.349,0,0,0
Male,52,Greater than 45,Caucasian,0,0,0,4,F,Grand Theft in the 3rd Degree,Recidivated,1,Caucasian,test,0.342,0,0,0
Male,60,Greater than 45,Other,0,0,0,4,F,arrest case no charge,Survived,0,Other,test,0.287,0,0,0
Male,56,Greater than 45,Caucasian,0,0,0,0,M,Battery,Survived,0,Caucasian,train,0.15,0,0,0
Male,53,Greater than 45,African-American,0,0,0,11,F,arrest case no charge,Survived,0,African-American,train,0.6,1,1,1
Male,22,Less than 25,Caucasian,0,0,0,0,F,Leaving the Scene of Accident,Survived,0,Caucasian,test,0.522,1,1,1
Female,58,Greater than 45,Caucasian,0,0,0,2,M,DUI Property Damage/Injury,Survived,0,Caucasian,train,0.184,0,0,0
Male,31,25 - 45,African-American,0,0,0,7,M,Aggravated Battery / Pregnant,Recidivated,1,African-American,train,0.546,1,1,1
Male,22,Less than 25,Caucasian,0,0,0,1,F,False Ownership Info/Pawn Item,Recidivated,1,Caucasian,test,0.56,1,1,1
Male,29,25 - 45,Caucasian,0,0,0,0,M,Battery,Recidivated,1,Caucasian,train,0.301,0,0,0
Male,58,Greater than 45,African-American,0,0,0,21,M,arrest case no charge,Recidivated,1,African-American,train,0.814,1,1,1
Male,22,Less than 25,African-American,0,0,0,3,F,Grand Theft in the 3rd Degree,Survived,0,African-American,test,0.635,1,1,1
Male,37,25 - 45,Caucasian,0,0,0,0,F,Crimin Mischief Damage $1000+,Survived,0,Caucasian,train,0.317,0,0,0
Male,26,25 - 45,African-American,0,0,0,3,F,Burglary Unoccupied Dwelling,Survived,0,African-American,train,0.513,1,1,0
Male,36,25 - 45,Caucasian,0,0,0,2,M,Battery,Survived,0,Caucasian,test,0.32,0,0,0
Male,34,25 - 45,Caucasian,0,0,0,0,M,DUI Level 0.15 Or Minor In Veh,Survived,0,Caucasian,train,0.268,0,0,0
Male,20,Less than 25,African-American,1,0,1,1,F,arrest case no charge,Recidivated,1,African-American,train,0.75,1,1,1
Male,24,Less than 25,African-American,0,0,0,1,M,Battery,Recidivated,1,African-American,train,0.462,0,0,0
Female,50,Greater than 45,African-American,0,0,0,3,F,Aggravated Assault W/Dead Weap,Survived,0,African-American,train,0.322,0,0,0
Male,30,25 - 45,African-American,0,0,0,1,M,Battery,Survived,0,African-American,train,0.328,0,0,0
Male,38,25 - 45,African-American,0,0,0,5,F,Possession of Cannabis,Survived,0,African-American,train,0.495,0,0,0
Female,46,Greater than 45,African-American,0,0,0,2,F,Grand Theft in the 3rd Degree,Recidivated,1,African-American,train,0.316,0,0,0
Male,41,25 - 45,Caucasian,0,0,0,0,M,Battery,Recidivated,1,Caucasian,test,0.227,0,0,0
Male,20,Less than 25,Other,0,0,1,0,F,Possession of Cocaine,Recidivated,1,Other,train,0.631,1,1,1
Male,27,25 - 45,African-American,0,0,0,13,M,Possess Cannabis/20 Grams Or Less,Recidivated,1,African-American,train,0.777,1,1,1
Male,26,25 - 45,African-American,0,0,0,1,M,Battery,Recidivated,1,African-American,test,0.356,0,0,0
Male,29,25 - 45,African-American,0,0,0,3,F,Possession of Ethylone,Recidivated,1,African-American,train,0.489,0,0,0
Male,52,Greater than 45,Caucasian,0,0,0,6,F,Grand Theft in the 3rd Degree,Recidivated,1,Caucasian,train,0.415,0,0,1
Male,28,25 - 45,Caucasian,0,0,0,1,F,Agg Battery Grt/Bod/Harm,Recidivated,1,Caucasian,train,0.42,0,0,0
Male,28,25 - 45,African-American,0,0,0,5,F,Possession Of Alprazolam,Survived,0,African-American,train,0.574,1,1,0
Male,42,25 - 45,African-American,0,0,0,0,F,Aggravated Assault w/Firearm,Survived,0,African-American,train,0.284,0,0,0
Male,23,Less than 25,African-American,1,2,2,6,F,Driving While License Revoked,Survived,0,African-American,test,0.876,1,1,1
Male,51,Greater than 45,Caucasian,0,0,0,0,F,Felony Battery (Dom Strang),Survived,0,Caucasian,train,0.224,0,0,0
Male,24,Less than 25,Hispanic,0,0,0,0,F,"Poss 3,4 MDMA (Ecstasy)",Survived,0,Other,test,0.506,1,1,1
Male,47,Greater than 45,Caucasian,0,0,0,3,F,Drivg While Lic Suspd/Revk/Can,Survived,0,Caucasian,test,0.343,0,0,0
Male,56,Greater than 45,Caucasian,0,0,0,0,F,Grand Theft in the 3rd Degree,Survived,0,Caucasian,train,0.197,0,0,0
Male,34,25 - 45,Hispanic,0,0,0,4,F,Burglary Dwelling Occupied,Recidivated,1,Other,test,0.488,0,0,1
Male,35,25 - 45,Asian,0,0,0,0,F,Burglary Structure Unoccup,Survived,0,Other,test,0.331,0,0,0
Male,58,Greater than 45,Hispanic,0,0,0,1,F,Possession Burglary Tools,Survived,0,Other,test,0.212,0,0,0
Female,30,25 - 45,Caucasian,0,0,0,0,M,Driving Under The Influence,Survived,0,Caucasian,test,0.294,0,0,0
Male,27,25 - 45,Caucasian,0,0,0,1,M,Opert With Susp DL 2nd Offens,Recidivated,1,Caucasian,train,0.349,0,0,0
Male,26,25 - 45,Hispanic,0,0,0,7,F,Aggravated Assault W/Dead Weap,Recidivated,1,Other,test,0.662,1,1,1
Male,52,Greater than 45,Hispanic,0,0,0,20,F,False Bomb Report,Survived,0,Other,train,0.863,1,1,1
Male,66,Greater than 45,African-American,0,0,0,33,F,Crimin Mischief Damage $1000+,Recidivated,1,African-American,train,0.968,1,1,1
Male,27,25 - 45,Caucasian,0,0,0,2,F,Possession of Cocaine,Survived,0,Caucasian,train,0.466,0,0,1
Male,35,25 - 45,Caucasian,0,0,0,1,F,arrest case no charge,Survived,0,Caucasian,train,0.366,0,0,0
Male,52,Greater than 45,Caucasian,0,0,0,4,M,Battery,Survived,0,Caucasian,test,0.272,0,0,0
Male,48,Greater than 45,Other,0,0,0,12,F,Aggravated Assault w/Firearm,Survived,0,Other,train,0.673,1,1,1
Female,26,25 - 45,African-American,0,0,0,0,M,Battery,Survived,0,African-American,train,0.321,0,0,0
Female,48,Greater than 45,Caucasian,0,0,0,0,M,Leave Accd/Attend Veh/Less $50,Survived,0,Caucasian,test,0.185,0,0,0
Male,33,25 - 45,African-American,0,0,0,2,M,Battery,Survived,0,African-American,train,0.341,0,0,0
Male,20,Less than 25,African-American,0,0,0,0,F,Possession of Ethylone,Recidivated,1,African-American,train,0.538,1,1,1
Male,23,Less than 25,Caucasian,0,0,0,0,M,Battery,Survived,0,Caucasian,train,0.432,0,0,1
Male,25,25 - 45,African-American,0,1,0,1,M,Battery,Recidivated,1,African-American,train,0.339,0,0,0
Male,31,25 - 45,African-American,0,0,0,0,F,Trespassing/Construction Site,Survived,0,African-American,train,0.36,0,0,0
Male,25,25 - 45,African-American,0,1,0,6,F,arrest case no charge,Recidivated,1,African-American,train,0.609,1,1,1
Male,32,25 - 45,Caucasian,0,0,0,1,F,arrest case no charge,Recidivated,1,Caucasian,train,0.389,0,0,1
Male,21,Less than 25,Caucasian,0,0,0,0,F,Grand Theft in the 3rd Degree,Recidivated,1,Caucasian,train,0.53,1,1,1
Male,37,25 - 45,Other,0,0,0,1,F,Crim Use of Personal ID Info,Survived,0,Other,train,0.352,0,0,0
Male,32,25 - 45,Hispanic,1,1,0,20,F,arrest case no charge,Survived,0,Other,train,0.943,1,1,1
Male,42,25 - 45,African-American,0,0,0,14,F,Drivg While Lic Suspd/Revk/Can,Recidivated,1,African-American,train,0.778,1,1,1
Male,24,Less than 25,Caucasian,0,0,1,9,M,Viol Injunct Domestic Violence,Recidivated,1,Caucasian,test,0.815,1,1,1
Male,21,Less than 25,Hispanic,0,0,0,0,F,Grand Theft in the 3rd Degree,Recidivated,1,Other,train,0.53,1,1,1
Male,27,25 - 45,African-American,0,0,0,5,F,Aggrav Battery w/Deadly Weapon,Recidivated,1,African-American,train,0.582,1,1,1
Male,43,25 - 45,Hispanic,0,0,0,2,M,DUI Level 0.15 Or Minor In Veh,Recidivated,1,Other,train,0.273,0,0,0
Male,46,Greater than 45,Caucasian,0,0,0,2,F,Possession Of Alprazolam,Recidivated,1,Caucasian,test,0.316,0,0,0
Male,23,Less than 25,Caucasian,0,0,0,2,F,Possession of Cannabis,Survived,0,Caucasian,test,0.591,1,1,1
Male,26,25 - 45,African-American,0,0,1,3,F,Grand Theft (Motor Vehicle),Survived,0,African-American,train,0.607,1,1,1
Female,48,Greater than 45,Other,0,0,0,0,F,Grand Theft in the 3rd Degree,Survived,0,Other,train,0.241,0,0,0
Male,21,Less than 25,African-American,0,2,0,3,F,arrest case no charge,Recidivated,1,African-American,train,0.593,1,1,1
Male,63,Greater than 45,Caucasian,0,0,0,1,M,DUI Property Damage/Injury,Survived,0,Caucasian,test,0.142,0,0,0
Male,50,Greater than 45,African-American,0,0,0,3,M,Battery,Survived,0,African-American,test,0.254,0,0,0
Male,38,25 - 45,African-American,0,0,0,0,F,Burglary Dwelling Assault/Batt,Survived,0,African-American,train,0.31,0,0,0
Male,28,25 - 45,African-American,8,0,1,16,F,Aggravated Battery / Pregnant,Recidivated,1,African-American,train,0.996,1,1,1
Female,30,25 - 45,African-American,0,0,0,0,M,Battery,Survived,0,African-American,train,0.294,0,0,0
Male,23,Less than 25,African-American,0,0,0,1,F,Agg Fleeing and Eluding,Survived,0,African-American,train,0.553,1,1,1
Male,25,25 - 45,Caucasian,0,0,0,2,F,arrest case no charge,Recidivated,1,Caucasian,train,0.482,0,0,1
Male,40,25 - 45,Caucasian,0,0,0,5,F,Neglect Child / No Bodily Harm,Survived,0,Caucasian,train,0.479,0,0,1
Female,35,25 - 45,African-American,0,0,0,6,F,arrest case no charge,Recidivated,1,African-American,train,0.558,1,1,1
Male,64,Greater than 45,Hispanic,0,0,0,1,F,Aggravated Assault,Survived,0,Other,train,0.182,0,0,0
Male,66,Greater than 45,Caucasian,0,0,0,0,M,Battery,Recidivated,1,Caucasian,train,0.114,0,0,0
Male,30,25 - 45,African-American,0,0,1,5,F,Driving While License Revoked,Recidivated,1,African-American,train,0.65,1,1,1
Female,22,Less than 25,Caucasian,0,0,0,0,M,Battery,Survived,0,Caucasian,train,0.439,0,0,1
Male,23,Less than 25,Caucasian,0,0,0,1,M,arrest case no charge,Survived,0,Caucasian,test,0.47,0,0,1
Male,30,25 - 45,Other,0,0,0,0,M,Battery,Recidivated,1,Other,train,0.294,0,0,0
Male,25,25 - 45,African-American,0,0,0,0,M,Disorderly Conduct,Survived,0,African-American,train,0.328,0,0,0
Female,21,Less than 25,Caucasian,0,0,0,0,F,Burglary Unoccupied Dwelling,Survived,0,Caucasian,test,0.53,1,1,1
Male,27,25 - 45,African-American,0,0,0,0,M,Battery,Survived,0,African-American,train,0.314,0,0,0
Male,20,Less than 25,Hispanic,0,0,0,0,M,Possess Cannabis/20 Grams Or Less,Recidivated,1,Other,train,0.455,0,0,1
Male,40,25 - 45,African-American,0,0,0,0,F,Aggravated Assault w/Firearm,Survived,0,African-American,test,0.297,0,0,0
Female,38,25 - 45,African-American,0,0,0,1,F,Robbery / No Weapon,Survived,0,African-American,train,0.345,0,0,0
Male,27,25 - 45,Caucasian,0,0,0,6,F,arrest case no charge,Recidivated,1,Caucasian,train,0.619,1,1,1
Male,37,25 - 45,Caucasian,0,0,0,2,M,DUI Level 0.15 Or Minor In Veh,Survived,0,Caucasian,test,0.313,0,0,0
Male,22,Less than 25,African-American,0,0,1,0,F,Att Burgl Unoccupied Dwel,Recidivated,1,African-American,train,0.616,1,1,1
Male,29,25 - 45,Caucasian,0,0,0,2,M,Felony Battery (Dom Strang),Recidivated,1,Caucasian,train,0.37,0,0,0
Male,28,25 - 45,African-American,0,0,0,10,F,Driving While License Revoked,Survived,0,African-American,train,0.746,1,1,1
Female,23,Less than 25,Caucasian,0,0,0,3,F,Poss Contr Subst W/o Prescript,Survived,0,Caucasian,train,0.628,1,1,1
Male,29,25 - 45,African-American,0,0,0,0,M,DUI Level 0.15 Or Minor In Veh,Survived,0,African-American,train,0.301,0,0,0
Male,61,Greater than 45,African-American,0,0,0,15,F,Felony Petit Theft,Recidivated,1,African-American,test,0.685,1,1,1
Male,31,25 - 45,Hispanic,0,0,0,0,M,Operating W/O Valid License,Survived,0,Other,test,0.288,0,0,0
Male,20,Less than 25,African-American,0,1,1,4,F,arrest case no charge,Recidivated,1,African-American,test,0.741,1,1,1
Male,26,25 - 45,Caucasian,0,0,0,3,F,Burglary Conveyance Occupied,Recidivated,1,Caucasian,test,0.513,1,1,1
Male,23,Less than 25,Caucasian,0,2,0,3,F,Manslaughter W/Weapon/Firearm,Recidivated,1,Caucasian,train,0.577,1,1,1
Female,57,Greater than 45,Caucasian,0,0,0,0,M,Disorderly Conduct,Recidivated,1,Caucasian,train,0.146,0,0,0
Female,31,25 - 45,African-American,0,0,0,10,F,Driving While License Revoked,Survived,0,African-American,test,0.728,1,1,1
Male,39,25 - 45,Caucasian,0,0,0,2,F,False Ownership Info/Pawn Item,Recidivated,1,Caucasian,train,0.373,0,0,0
Male,31,25 - 45,African-American,0,0,0,0,F,Possession of Cocaine,Recidivated,1,African-American,train,0.36,0,0,0
Male,27,25 - 45,African-American,0,0,0,13,F,arrest case no charge,Recidivated,1,African-American,train,0.829,1,1,1
Male,38,25 - 45,Caucasian,0,0,0,1,F,Crimin Mischief Damage $1000+,Recidivated,1,Caucasian,train,0.345,0,0,0
Male,31,25 - 45,African-American,0,0,0,23,F,Poss Pyrrolidinovalerophenone,Recidivated,1,African-American,train,0.953,1,1,1
Male,47,Greater than 45,African-American,0,0,0,20,F,Tamper With Witness/Victim/CI,Survived,0,African-American,train,0.881,1,1,1
Male,23,Less than 25,Hispanic,0,0,0,2,M,Possess Cannabis/20 Grams Or Less,Recidivated,1,Other,train,0.509,1,0,1
Male,65,Greater than 45,African-American,0,0,0,2,M,Violation of Injunction Order/Stalking/Cyberstalking,Recidivated,1,African-American,test,0.153,0,0,0
Male,35,25 - 45,African-American,0,0,0,0,M,Fail To Obey Police Officer,Survived,0,African-American,test,0.262,0,0,0
Female,33,25 - 45,African-American,0,0,0,0,F,Grand Theft (Motor Vehicle),Survived,0,African-American,train,0.345,0,0,0
Male,53,Greater than 45,Caucasian,0,0,0,1,M,Battery,Survived,0,Caucasian,train,0.185,0,0,0
Male,52,Greater than 45,Hispanic,0,0,0,0,F,Driving While License Revoked,Survived,0,Other,test,0.218,0,0,0
Male,21,Less than 25,African-American,0,0,0,0,F,Obstruct Fire Equipment,Survived,0,African-American,train,0.53,1,1,0
Male,37,25 - 45,African-American,0,0,0,11,F,Aggravated Battery / Pregnant,Survived,0,African-American,train,0.721,1,1,1
Male,30,25 - 45,Other,0,0,0,4,M,Reckless Driving,Recidivated,1,Other,train,0.437,0,0,0
Female,31,25 - 45,African-American,0,0,0,0,M,Battery,Survived,0,African-American,train,0.288,0,0,0
Male,27,25 - 45,African-American,0,0,0,0,M,Possession of Cocaine,Survived,0,African-American,train,0.314,0,0,0
Male,36,25 - 45,African-American,0,0,0,0,M,Battery,Recidivated,1,African-American,train,0.256,0,0,0
Male,23,Less than 25,African-American,0,0,1,2,M,Battery,Recidivated,1,African-American,test,0.604,1,1,1
Male,21,Less than 25,Asian,0,0,1,0,F,Att Tamper w/Physical Evidence,Recidivated,1,Other,train,0.623,1,1,1
Male,31,25 - 45,African-American,0,0,0,5,F,arrest case no charge,Survived,0,African-American,train,0.551,1,1,1
Male,53,Greater than 45,Caucasian,0,0,0,2,F,Deliver Alprazolam,Survived,0,Caucasian,test,0.27,0,0,0
Male,33,25 - 45,African-American,0,0,0,3,M,Driving License Suspended,Recidivated,1,African-American,train,0.377,0,0,0
Male,57,Greater than 45,African-American,0,0,0,20,F,Possession of Cocaine,Recidivated,1,African-American,train,0.843,1,1,1
Male,28,25 - 45,African-American,0,0,0,2,M,arrest case no charge,Survived,0,African-American,test,0.378,0,0,0
Male,24,Less than 25,African-American,0,0,0,1,M,Battery,Survived,0,African-American,train,0.462,0,0,0
Male,46,Greater than 45,African-American,0,0,0,0,F,Grand Theft in the 3rd Degree,Survived,0,African-American,train,0.252,0,0,0
Male,37,25 - 45,African-American,0,0,0,6,F,Child Abuse,Survived,0,African-American,train,0.542,1,1,1
Male,26,25 - 45,African-American,0,0,0,10,M,arrest case no charge,Recidivated,1,African-American,train,0.692,1,1,1
Female,60,Greater than 45,Caucasian,0,0,0,9,F,arrest case no charge,Recidivated,1,Caucasian,test,0.468,0,0,1
Male,28,25 - 45,African-American,0,0,0,0,F,Felony Driving While Lic Suspd,Survived,0,African-American,train,0.382,0,0,0
Male,23,Less than 25,Hispanic,0,0,0,0,M,Driving Under The Influence,Survived,0,Other,train,0.432,0,0,0
Male,23,Less than 25,African-American,0,0,0,0,F,False Ownership Info/Pawn Item,Recidivated,1,African-American,train,0.514,1,1,0
Male,50,Greater than 45,African-American,0,0,0,18,F,Driving While License Revoked,Recidivated,1,African-American,train,0.831,1,1,1
Male,22,Less than 25,African-American,0,0,0,1,F,arrest case no charge,Survived,0,African-American,train,0.56,1,1,1
Male,26,25 - 45,Caucasian,0,0,0,1,F,arrest case no charge,Recidivated,1,Caucasian,test,0.435,0,0,1
Male,62,Greater than 45,Caucasian,0,0,0,0,F,Battery on a Person Over 65,Survived,0,Caucasian,train,0.169,0,0,0
Male,68,Greater than 45,Caucasian,0,0,0,0,M,Disorderly Conduct,Survived,0,Caucasian,test,0.107,0,0,0
Male,21,Less than 25,Caucasian,0,0,0,1,F,arrest case no charge,Survived,0,Caucasian,test,0.568,1,1,1
Female,37,25 - 45,Hispanic,0,0,0,1,F,Grand Theft in the 3rd Degree,Survived,0,Other,train,0.352,0,0,0
Male,22,Less than 25,African-American,0,0,0,0,F,Pos Cannabis W/Intent Sel/Del,Survived,0,African-American,train,0.522,1,1,0
Male,42,25 - 45,Caucasian,0,0,0,1,F,arrest case no charge,Survived,0,Caucasian,train,0.316,0,0,0
Male,45,Greater than 45,African-American,0,0,0,0,F,Grand Theft (Motor Vehicle),Recidivated,1,African-American,test,0.258,0,0,0
Male,48,Greater than 45,African-American,0,0,0,2,F,Fel Drive License Perm Revoke,Survived,0,African-American,train,0.302,0,0,0
Male,23,Less than 25,African-American,0,0,1,6,F,Grand Theft in the 3rd Degree,Recidivated,1,African-American,test,0.798,1,1,1
Male,29,25 - 45,African-American,0,0,0,0,F,Grand Theft in the 3rd Degree,Survived,0,African-American,train,0.375,0,0,0
Male,36,25 - 45,Other,0,0,0,0,F,Child Abuse,Survived,0,Other,train,0.324,0,0,0
Male,30,25 - 45,Caucasian,0,0,0,22,F,Possession of Cocaine,Recidivated,1,Caucasian,test,0.947,1,1,1
Male,21,Less than 25,African-American,0,0,0,0,F,Deliver Cocaine 1000FT Church,Recidivated,1,African-American,train,0.53,1,1,0
Female,53,Greater than 45,Caucasian,0,0,0,0,F,Possession of Cocaine,Survived,0,Caucasian,test,0.213,0,0,0
Male,25,25 - 45,African-American,0,1,1,7,M,arrest case no charge,Recidivated,1,African-American,test,0.658,1,1,1
Female,25,25 - 45,African-American,0,0,0,1,M,arrest case no charge,Survived,0,African-American,test,0.363,0,0,0
Male,71,Greater than 45,African-American,0,0,0,8,F,Driving While License Revoked,Survived,0,African-American,train,0.346,0,0,0
Male,20,Less than 25,African-American,0,0,2,0,F,Possession of Cocaine,Recidivated,1,African-American,train,0.715,1,1,1
Male,22,Less than 25,African-American,0,0,0,2,F,Possession of Cocaine,Recidivated,1,African-American,train,0.598,1,1,1
Male,26,25 - 45,African-American,0,0,0,4,F,Aggravated Assault w/Firearm,Recidivated,1,African-American,train,0.551,1,1,0
Female,23,Less than 25,Other,0,0,0,0,M,Battery,Survived,0,Other,train,0.432,0,0,0
Female,20,Less than 25,Caucasian,0,0,0,1,F,Burglary Unoccupied Dwelling,Recidivated,1,Caucasian,train,0.576,1,1,1
Male,26,25 - 45,African-American,0,0,1,5,F,Grand Theft (Motor Vehicle),Recidivated,1,African-American,test,0.679,1,1,1
Male,27,25 - 45,Other,0,0,0,1,F,Aggravated Assault W/Dead Weap,Recidivated,1,Other,train,0.427,0,0,0
Male,25,25 - 45,Caucasian,0,0,0,0,M,DUI Level 0.15 Or Minor In Veh,Survived,0,Caucasian,train,0.328,0,0,0
Male,37,25 - 45,African-American,0,0,0,4,F,Driving While License Revoked,Survived,0,African-American,train,0.464,0,0,0
Female,35,25 - 45,African-American,0,0,0,4,F,Aggravated Assault W/Dead Weap,Survived,0,African-American,train,0.48,0,0,0
Male,22,Less than 25,Caucasian,0,0,0,0,F,Burglary Conveyance Unoccup,Recidivated,1,Caucasian,train,0.522,1,1,1
Male,57,Greater than 45,African-American,0,0,0,11,F,Possession of Cocaine,Survived,0,African-American,train,0.569,1,1,1
Female,37,25 - 45,African-American,0,0,0,3,F,Resist Officer w/Violence,Survived,0,African-American,test,0.426,0,0,0
Male,31,25 - 45,Caucasian,0,0,0,0,M,Battery,Survived,0,Caucasian,train,0.288,0,0,0
Male,22,Less than 25,African-American,0,1,0,1,F,False Ownership Info/Pawn Item,Recidivated,1,African-American,train,0.534,1,1,1
Male,31,25 - 45,Caucasian,0,0,0,2,M,DUI Property Damage/Injury,Survived,0,Caucasian,train,0.355,0,0,0
Male,24,Less than 25,African-American,0,0,0,0,F,Burglary Conveyance Unoccup,Recidivated,1,African-American,train,0.506,1,1,0
Male,32,25 - 45,African-American,0,0,1,22,F,arrest case no charge,Recidivated,1,African-American,train,0.961,1,1,1
Male,63,Greater than 45,African-American,0,0,0,0,M,DUI Level 0.15 Or Minor In Veh,Survived,0,African-American,train,0.124,0,0,0
Male,30,25 - 45,Other,0,0,0,0,F,Felony Battery (Dom Strang),Survived,0,Other,train,0.367,0,0,0
Male,20,Less than 25,Caucasian,0,0,2,0,F,Grand Theft in the 3rd Degree,Survived,0,Caucasian,train,0.715,1,1,1
Female,24,Less than 25,African-American,0,0,0,1,M,Battery,Recidivated,1,African-American,train,0.462,0,0,0
Female,36,25 - 45,African-American,0,0,0,1,M,Susp Drivers Lic 1st Offense,Survived,0,African-American,test,0.287,0,0,0
Male,28,25 - 45,Caucasian,0,0,0,2,F,Pos Cannabis W/Intent Sel/Del,Survived,0,Caucasian,test,0.458,0,0,1
Male,36,25 - 45,African-American,0,0,0,3,F,Driving While License Revoked,Recidivated,1,African-American,test,0.434,0,0,0
Female,33,25 - 45,African-American,0,0,0,0,M,Simulation of Legal Process,Survived,0,African-American,train,0.275,0,0,0
Male,39,25 - 45,African-American,0,0,0,0,F,Driving While License Revoked,Survived,0,African-American,train,0.303,0,0,0
Male,30,25 - 45,African-American,0,0,0,17,F,arrest case no charge,Recidivated,1,African-American,train,0.891,1,1,1
Male,24,Less than 25,African-American,0,0,1,0,F,Driving While License Revoked,Survived,0,African-American,train,0.601,1,1,1
Male,26,25 - 45,Caucasian,0,0,0,8,F,arrest case no charge,Survived,0,Caucasian,train,0.696,1,1,1
Male,32,25 - 45,African-American,0,0,0,0,M,Viol Prot Injunc Repeat Viol,Survived,0,African-American,test,0.281,0,0,0
Female,32,25 - 45,Caucasian,0,0,0,1,M,Battery,Recidivated,1,Caucasian,train,0.314,0,0,0
Male,33,25 - 45,African-American,0,0,0,5,M,Susp Drivers Lic 1st Offense,Recidivated,1,African-American,test,0.452,0,0,0
Male,25,25 - 45,African-American,0,0,0,3,M,Battery,Recidivated,1,African-American,test,0.438,0,0,0
Female,23,Less than 25,African-American,0,0,0,1,F,arrest case no charge,Survived,0,African-American,train,0.553,1,1,1
Male,39,25 - 45,Caucasian,0,0,0,2,M,Battery,Survived,0,Caucasian,train,0.299,0,0,0
Male,35,25 - 45,African-American,0,0,0,13,F,Possession of Cocaine,Recidivated,1,African-American,test,0.79,1,1,1
Male,21,Less than 25,Other,0,0,0,0,F,Grand Theft of a Fire Extinquisher,Recidivated,1,Other,train,0.53,1,1,1
Male,25,25 - 45,African-American,0,1,1,3,F,Fighting/Baiting Animals,Recidivated,1,African-American,train,0.589,1,1,1
Male,22,Less than 25,African-American,0,0,1,1,M,Battery,Recidivated,1,African-American,test,0.574,1,1,0
Male,26,25 - 45,Caucasian,0,0,0,5,F,Possession of Cocaine,Recidivated,1,Caucasian,train,0.59,1,1,1
Male,34,25 - 45,African-American,0,0,0,4,M,arrest case no charge,Survived,0,African-American,train,0.406,0,0,0
Male,29,25 - 45,African-American,0,0,0,2,M,Battery,Survived,0,African-American,train,0.37,0,0,0
Male,24,Less than 25,African-American,0,0,0,1,F,arrest case no charge,Recidivated,1,African-American,train,0.545,1,1,1
Male,36,25 - 45,African-American,0,0,0,9,M,Disorderly Intoxication,Survived,0,African-American,test,0.583,1,1,1
Male,30,25 - 45,African-American,0,0,0,5,F,Deliver Cocaine,Recidivated,1,African-American,test,0.559,1,1,1
Female,22,Less than 25,Caucasian,0,0,0,1,F,Possession Of Alprazolam,Survived,0,Caucasian,train,0.56,1,1,1
Male,31,25 - 45,African-American,0,3,0,25,M,Resist/Obstruct W/O Violence,Recidivated,1,African-American,test,0.935,1,1,1
Male,24,Less than 25,African-American,0,0,0,0,F,Robbery Sudd Snatch No Weapon,Survived,0,African-American,train,0.506,1,1,0
Male,39,25 - 45,African-American,0,0,0,13,F,Burglary Conveyance Unoccup,Recidivated,1,African-American,train,0.768,1,1,1
Female,30,25 - 45,African-American,0,0,0,4,F,Burglary Unoccupied Dwelling,Survived,0,African-American,train,0.52,1,1,0
Male,40,25 - 45,Caucasian,0,0,0,0,F,Battery on a Person Over 65,Survived,0,Caucasian,train,0.297,0,0,0
Male,23,Less than 25,African-American,1,0,1,3,F,Grand Theft Firearm,Survived,0,African-American,test,0.788,1,1,1
Male,22,Less than 25,Caucasian,0,1,0,1,F,Grand Theft in the 3rd Degree,Recidivated,1,Caucasian,train,0.534,1,1,1
Male,42,25 - 45,Caucasian,0,0,0,3,F,Possession of Cocaine,Survived,0,Caucasian,train,0.387,0,0,0
Male,33,25 - 45,Other,0,0,0,4,F,Pos Cannabis For Consideration,Recidivated,1,Other,train,0.496,0,0,1
Male,50,Greater than 45,Caucasian,0,0,0,1,F,Crim Use of Personal ID Info,Survived,0,Caucasian,test,0.258,0,0,0
Male,32,25 - 45,African-American,0,0,0,4,F,arrest case no charge,Survived,0,African-American,test,0.504,1,0,0
Female,29,25 - 45,African-American,0,0,0,1,F,arrest case no charge,Survived,0,African-American,train,0.412,0,0,0
Male,43,25 - 45,Hispanic,0,0,0,0,M,Battery,Survived,0,Other,train,0.216,0,0,0
Male,26,25 - 45,African-American,0,0,0,9,F,Driving While License Revoked,Recidivated,1,African-American,train,0.728,1,1,1
Male,27,25 - 45,Caucasian,0,0,0,0,F,Uttering Forged Bills,Recidivated,1,Caucasian,train,0.39,0,0,1
Male,52,Greater than 45,Caucasian,0,0,0,1,F,Burglary Conveyance Unoccup,Recidivated,1,Caucasian,train,0.246,0,0,0
Male,27,25 - 45,Hispanic,0,0,0,1,M,Expired DL More Than 6 Months,Survived,0,Other,train,0.349,0,0,0
Female,57,Greater than 45,Hispanic,0,0,0,1,M,Battery,Survived,0,Other,test,0.166,0,0,0
Male,28,25 - 45,African-American,0,0,0,3,M,arrest case no charge,Recidivated,1,African-American,train,0.415,0,0,0
Male,32,25 - 45,African-American,0,0,0,3,F,Burglary Unoccupied Dwelling,Recidivated,1,African-American,train,0.465,0,0,0
Male,33,25 - 45,African-American,0,0,0,0,F,Felony Driving While Lic Suspd,Recidivated,1,African-American,train,0.345,0,0,0
Female,53,Greater than 45,Caucasian,0,0,0,0,M,DUI Property Damage/Injury,Survived,0,Caucasian,test,0.163,0,0,0
Male,28,25 - 45,Hispanic,0,0,0,1,F,Possession Burglary Tools,Survived,0,Other,train,0.42,0,0,0
Male,28,25 - 45,Hispanic,0,0,0,1,F,Felony Battery (Dom Strang),Survived,0,Other,train,0.42,0,0,0
Male,39,25 - 45,African-American,0,0,1,6,M,Disorderly Conduct,Recidivated,1,African-American,test,0.539,1,1,0
Male,22,Less than 25,African-American,0,0,0,1,F,Possession of Cocaine,Recidivated,1,African-American,test,0.56,1,1,1
Male,46,Greater than 45,African-American,0,0,0,2,F,Grand Theft in the 3rd Degree,Recidivated,1,African-American,train,0.316,0,0,0
Male,25,25 - 45,African-American,0,0,0,0,M,Battery,Survived,0,African-American,train,0.328,0,0,0
Male,28,25 - 45,African-American,0,0,0,4,M,Battery,Recidivated,1,African-American,test,0.453,0,0,0
Female,57,Greater than 45,Caucasian,0,0,0,1,F,Possession of Cocaine,Recidivated,1,Caucasian,train,0.218,0,0,0
Male,21,Less than 25,African-American,0,0,0,2,F,Possession of Cocaine,Recidivated,1,African-American,test,0.606,1,1,1
Male,32,25 - 45,African-American,0,0,0,19,F,Possession of Cocaine,Recidivated,1,African-American,train,0.913,1,1,1
Female,69,Greater than 45,Hispanic,0,0,0,0,M,DUI - Enhanced,Survived,0,Other,test,0.104,0,0,0
Male,45,Greater than 45,Hispanic,0,0,0,1,F,Sex Offender Fail Comply W/Law,Survived,0,Other,train,0.289,0,0,0
Male,32,25 - 45,African-American,0,0,0,14,F,Grand Theft (Motor Vehicle),Recidivated,1,African-American,train,0.828,1,1,1
Male,24,Less than 25,African-American,0,0,0,2,F,Crim Use of Personal ID Info,Survived,0,African-American,test,0.583,1,1,1
Male,25,25 - 45,African-American,0,0,0,2,M,Battery,Recidivated,1,African-American,test,0.4,0,0,0
Male,22,Less than 25,African-American,1,1,0,6,F,arrest case no charge,Recidivated,1,African-American,train,0.79,1,1,1
Male,33,25 - 45,African-American,0,0,0,7,F,Possession of Cocaine,Recidivated,1,African-American,train,0.611,1,1,1
Male,35,25 - 45,Caucasian,0,0,0,2,F,Child Abuse,Survived,0,Caucasian,test,0.403,0,0,1
Male,41,25 - 45,Caucasian,0,0,0,5,F,Felony Driving While Lic Suspd,Survived,0,Caucasian,test,0.471,0,0,1
Male,23,Less than 25,Caucasian,0,0,0,0,M,Viol Injunct Domestic Violence,Survived,0,Caucasian,train,0.432,0,0,1
Female,21,Less than 25,Caucasian,0,1,0,0,M,Driving Under The Influence,Recidivated,1,Caucasian,train,0.421,0,0,0
Female,21,Less than 25,Hispanic,0,0,0,0,M,Battery,Recidivated,1,Other,test,0.447,0,0,1
Male,54,Greater than 45,African-American,0,0,0,4,M,Battery,Recidivated,1,African-American,train,0.26,0,0,0
Male,26,25 - 45,African-American,0,0,0,0,M,Battery,Recidivated,1,African-American,train,0.321,0,0,0
Male,52,Greater than 45,African-American,0,0,0,6,M,Battery,Recidivated,1,African-American,test,0.338,0,0,0
Male,29,25 - 45,African-American,0,0,0,0,F,Sale/Del Counterfeit Cont Subs,Survived,0,African-American,train,0.375,0,0,0
Female,23,Less than 25,African-American,0,0,0,6,M,Operating W/O Valid License,Survived,0,African-American,train,0.659,1,1,1
Male,21,Less than 25,African-American,0,0,0,1,M,Battery,Recidivated,1,African-American,train,0.486,0,0,0
Male,25,25 - 45,Hispanic,0,0,0,0,F,Burglary Structure Unoccup,Survived,0,Other,test,0.405,0,0,0
Male,23,Less than 25,African-American,0,0,0,2,F,arrest case no charge,Recidivated,1,African-American,train,0.591,1,1,1
Male,32,25 - 45,Caucasian,1,0,0,8,F,Burglary Dwelling Occupied,Survived,0,Caucasian,train,0.74,1,1,1
Male,29,25 - 45,African-American,0,0,0,6,F,arrest case no charge,Recidivated,1,African-American,train,0.604,1,1,1
Female,22,Less than 25,African-American,0,0,0,0,M,Battery,Survived,0,African-American,test,0.439,0,0,0
Male,45,Greater than 45,Hispanic,0,0,0,2,F,Sex Battery Deft 18+/Vict 11-,Survived,0,Other,train,0.323,0,0,0
Male,30,25 - 45,African-American,0,0,0,6,F,arrest case no charge,Recidivated,1,African-American,train,0.597,1,1,1
Male,51,Greater than 45,African-American,0,0,0,17,M,DUI Blood Alcohol Above 0.20,Survived,0,African-American,test,0.745,1,1,1
Male,45,Greater than 45,Hispanic,0,0,0,20,F,Driving While License Revoked,Recidivated,1,Other,train,0.887,1,1,1
Male,23,Less than 25,African-American,0,0,0,2,M,Battery,Survived,0,African-American,train,0.509,1,0,0
Male,36,25 - 45,African-American,0,0,0,5,F,Possession of Cocaine,Survived,0,African-American,train,0.511,1,1,0
Male,21,Less than 25,Hispanic,0,0,1,1,F,arrest case no charge,Recidivated,1,Other,train,0.659,1,1,1
Male,59,Greater than 45,Hispanic,0,0,0,1,M,License Suspended Revoked,Survived,0,Other,train,0.158,0,0,0
Male,39,25 - 45,African-American,0,0,0,1,F,arrest case no charge,Survived,0,African-American,train,0.337,0,0,0
Male,22,Less than 25,Hispanic,0,0,0,1,M,Battery,Recidivated,1,Other,test,0.478,0,0,1
Male,53,Greater than 45,Hispanic,0,0,0,0,M,Battery,Survived,0,Other,train,0.163,0,0,0
Male,24,Less than 25,Caucasian,1,2,0,3,M,Battery,Survived,0,Caucasian,test,0.588,1,1,1
Male,26,25 - 45,Hispanic,0,0,0,0,F,Unauth Poss ID Card or DL,Survived,0,Other,train,0.397,0,0,0
Male,34,25 - 45,Other,0,0,0,0,F,Battery on Law Enforc Officer,Recidivated,1,Other,test,0.338,0,0,0
Male,27,25 - 45,African-American,0,0,0,1,F,arrest case no charge,Survived,0,African-American,train,0.427,0,0,0
Male,28,25 - 45,African-American,0,0,0,3,M,Criminal Mischief Damage <$200,Recidivated,1,African-American,test,0.415,0,0,0
Male,46,Greater than 45,Caucasian,0,0,0,5,M,Battery,Survived,0,Caucasian,train,0.346,0,0,0
Male,55,Greater than 45,Caucasian,0,0,0,2,F,Lewd or Lascivious Molestation,Survived,0,Caucasian,test,0.257,0,0,0
Male,43,25 - 45,African-American,0,0,0,0,M,Battery,Recidivated,1,African-American,test,0.216,0,0,0
Male,55,Greater than 45,African-American,0,0,0,17,F,Possession of Cocaine,Recidivated,1,African-American,train,0.782,1,1,1
Male,40,25 - 45,African-American,0,0,0,0,F,Felony Battery (Dom Strang),Survived,0,African-American,train,0.297,0,0,0
Male,32,25 - 45,Caucasian,0,0,0,2,M,Battery,Recidivated,1,Caucasian,train,0.348,0,0,0
Male,32,25 - 45,African-American,0,0,0,2,M,Burglary Structure Unoccup,Survived,0,African-American,test,0.348,0,0,0
Female,31,25 - 45,African-American,0,0,0,0,F,Grand Theft in the 3rd Degree,Survived,0,African-American,train,0.36,0,0,0
Male,47,Greater than 45,African-American,0,0,0,4,F,Possession of Cocaine,Survived,0,African-American,train,0.379,0,0,0
Male,35,25 - 45,Other,0,0,0,0,F,Grand Theft (Motor Vehicle),Survived,0,Other,train,0.331,0,0,0
Male,53,Greater than 45,Caucasian,0,0,0,0,F,Child Abuse,Survived,0,Caucasian,train,0.213,0,0,0
Male,53,Greater than 45,African-American,0,0,0,2,F,Felony Driving While Lic Suspd,Survived,0,African-American,train,0.27,0,0,0
Male,57,Greater than 45,African-American,0,0,0,19,F,Felony Battery w/Prior Convict,Survived,0,African-American,train,0.821,1,1,1
Male,26,25 - 45,African-American,0,0,0,0,F,Carrying Concealed Firearm,Recidivated,1,African-American,train,0.397,0,0,0
Female,49,Greater than 45,Caucasian,0,0,0,4,F,arrest case no charge,Survived,0,Caucasian,train,0.364,0,0,0
Male,47,Greater than 45,Caucasian,0,0,0,1,F,Possession of Cocaine,Recidivated,1,Caucasian,train,0.277,0,0,0
Male,34,25 - 45,African-American,0,0,0,1,F,Aggravated Assault W/dead Weap,Survived,0,African-American,train,0.374,0,0,0
Male,45,Greater than 45,African-American,0,0,0,10,F,Aggrav Battery w/Deadly Weapon,Recidivated,1,African-American,test,0.624,1,1,1
Male,38,25 - 45,Hispanic,0,0,0,0,F,Burglary Conveyance Unoccup,Survived,0,Other,test,0.31,0,0,0
Male,50,Greater than 45,Caucasian,0,0,0,2,M,Battery,Survived,0,Caucasian,test,0.226,0,0,0
Male,47,Greater than 45,Hispanic,0,0,0,0,M,DUI Level 0.15 Or Minor In Veh,Survived,0,Other,test,0.19,0,0,0
Male,49,Greater than 45,African-American,0,0,0,1,F,Resist Officer w/Violence,Recidivated,1,African-American,train,0.264,0,0,0
Female,54,Greater than 45,Hispanic,0,0,0,0,M,DUI Level 0.15 Or Minor In Veh,Survived,0,Other,test,0.158,0,0,0
Male,27,25 - 45,African-American,0,0,1,9,F,arrest case no charge,Recidivated,1,African-American,test,0.792,1,1,1
Male,25,25 - 45,Caucasian,0,0,0,2,M,Opert With Susp DL 2nd Offens,Survived,0,Caucasian,train,0.4,0,0,1
Male,20,Less than 25,Caucasian,0,0,0,0,M,Battery,Recidivated,1,Caucasian,train,0.455,0,0,1
Male,37,25 - 45,African-American,2,0,0,18,M,Battery,Survived,0,African-American,train,0.926,1,1,1
Male,50,Greater than 45,African-American,0,0,0,7,F,Aggrav Battery w/Deadly Weapon,Survived,0,African-American,train,0.47,0,0,0
Female,24,Less than 25,Caucasian,0,0,0,2,F,arrest case no charge,Survived,0,Caucasian,train,0.583,1,1,1
Female,23,Less than 25,African-American,0,0,0,3,F,arrest case no charge,Recidivated,1,African-American,train,0.628,1,1,1
Male,25,25 - 45,Caucasian,0,0,2,4,M,Possess Cannabis/20 Grams Or Less,Survived,0,Caucasian,test,0.663,1,1,1
Male,46,Greater than 45,Caucasian,0,0,0,1,M,Viol Pretrial Release Dom Viol,Survived,0,Caucasian,train,0.221,0,0,0
Male,25,25 - 45,Other,0,0,0,1,F,Burglary Unoccupied Dwelling,Survived,0,Other,train,0.443,0,0,0
Female,22,Less than 25,Caucasian,0,0,0,0,M,Disorderly Conduct,Survived,0,Caucasian,test,0.439,0,0,1
Female,32,25 - 45,Caucasian,0,0,0,1,F,Tamper With Witness/Victim/CI,Survived,0,Caucasian,train,0.389,0,0,0
Male,25,25 - 45,African-American,0,0,0,0,M,Resist/Obstruct W/O Violence,Recidivated,1,African-American,train,0.328,0,0,0
Male,33,25 - 45,African-American,0,0,0,16,F,Driving While License Revoked,Recidivated,1,African-American,train,0.865,1,1,1
Male,24,Less than 25,African-American,0,0,0,0,F,Poss Unlaw Issue Driver Licenc,Survived,0,African-American,train,0.506,1,1,0
Male,37,25 - 45,Caucasian,0,0,0,0,M,Susp Drivers Lic 1st Offense,Survived,0,Caucasian,train,0.25,0,0,0
Female,40,25 - 45,Caucasian,0,0,0,0,M,Battery,Survived,0,Caucasian,test,0.233,0,0,0
Female,52,Greater than 45,African-American,0,0,0,1,F,Uttering a Forged Instrument,Survived,0,African-American,test,0.246,0,0,0
Male,47,Greater than 45,African-American,0,0,0,5,F,arrest case no charge,Survived,0,African-American,test,0.416,0,0,0
Male,37,25 - 45,Caucasian,0,0,0,0,M,Battery,Survived,0,Caucasian,train,0.25,0,0,0
Female,24,Less than 25,African-American,0,0,0,0,F,Retail Theft $300 1st Offense,Survived,0,African-American,test,0.506,1,1,0
Female,34,25 - 45,African-American,0,0,0,14,F,Crim Use of Personal ID Info,Survived,0,African-American,train,0.819,1,1,1
Male,20,Less than 25,Other,0,0,0,0,M,Burglary Dwelling Occupied,Recidivated,1,Other,test,0.455,0,0,1
Female,24,Less than 25,African-American,0,0,0,0,F,Grand Theft in the 3rd Degree,Survived,0,African-American,train,0.506,1,1,0
Male,30,25 - 45,Caucasian,0,0,0,0,M,Driving Under The Influence,Survived,0,Caucasian,train,0.294,0,0,0
Female,28,25 - 45,Caucasian,0,0,0,0,M,Intoxicated/Safety Of Another,Survived,0,Caucasian,train,0.308,0,0,0
Male,56,Greater than 45,African-American,0,0,0,0,F,Neglect/Abuse Elderly Person,Survived,0,African-American,train,0.197,0,0,0
Male,23,Less than 25,African-American,0,0,0,2,F,Traffick Amphetamine 28g><200g,Recidivated,1,African-American,train,0.591,1,1,1
Male,20,Less than 25,Hispanic,0,0,0,0,F,Burglary Unoccupied Dwelling,Recidivated,1,Other,train,0.538,1,1,1
Male,23,Less than 25,Caucasian,0,1,0,1,M,Battery,Survived,0,Caucasian,train,0.444,0,0,1
Male,33,25 - 45,Caucasian,0,0,0,3,M,Susp Drivers Lic 1st Offense,Survived,0,Caucasian,train,0.377,0,0,0
Female,22,Less than 25,Hispanic,0,0,0,0,F,Grand Theft in the 3rd Degree,Survived,0,Other,train,0.522,1,1,1
Male,50,Greater than 45,African-American,0,0,0,4,M,Assault,Survived,0,African-American,train,0.285,0,0,0
Male,25,25 - 45,African-American,0,0,1,4,F,Robbery / No Weapon,Recidivated,1,African-American,test,0.651,1,1,1
Male,25,25 - 45,Other,0,0,0,1,M,Battery,Recidivated,1,Other,train,0.363,0,0,0
Male,30,25 - 45,Hispanic,0,0,0,0,M,Battery,Survived,0,Other,train,0.294,0,0,0
Male,42,25 - 45,Native American,0,0,0,0,M,Driving License Suspended,Survived,0,Other,train,0.221,0,0,0
Female,29,25 - 45,Caucasian,0,0,0,11,F,Possession of Cocaine,Recidivated,1,Caucasian,train,0.769,1,1,1
Female,32,25 - 45,African-American,0,0,0,6,F,arrest case no charge,Recidivated,1,African-American,train,0.581,1,1,1
Male,24,Less than 25,Other,0,0,0,5,F,Possession of Cannabis,Survived,0,Other,train,0.691,1,1,1
Female,26,25 - 45,Caucasian,0,0,0,3,M,Battery,Survived,0,Caucasian,train,0.43,0,0,1
Male,38,25 - 45,Hispanic,0,0,0,0,F,Felony Battery (Dom Strang),Survived,0,Other,train,0.31,0,0,0
Female,30,25 - 45,Caucasian,0,0,0,0,F,Possession of Cocaine,Survived,0,Caucasian,test,0.367,0,0,0
Male,24,Less than 25,Asian,0,0,0,0,F,Unauth Poss ID Card or DL,Survived,0,Other,train,0.506,1,1,1
Male,31,25 - 45,Caucasian,0,0,0,0,F,Del of JWH-250 2-Methox 1-Pentyl,Survived,0,Caucasian,test,0.36,0,0,0
Male,43,25 - 45,Hispanic,0,0,0,0,M,Battery,Recidivated,1,Other,train,0.216,0,0,0
Female,33,25 - 45,African-American,0,0,0,1,F,"Poss3,4 Methylenedioxymethcath",Survived,0,African-American,test,0.381,0,0,0
Male,42,25 - 45,African-American,0,0,0,0,M,Leaving Acc/Unattended Veh,Survived,0,African-American,test,0.221,0,0,0
Male,44,25 - 45,Caucasian,0,0,0,0,F,Unauthorized Interf w/Railroad,Recidivated,1,Caucasian,train,0.271,0,0,0
Male,28,25 - 45,African-American,0,0,0,7,F,Aggravated Assault W/Dead Weap,Recidivated,1,African-American,train,0.648,1,1,1
Male,38,25 - 45,Caucasian,0,0,0,0,F,Aggravated Assault W/dead Weap,Survived,0,Caucasian,test,0.31,0,0,0
Male,38,25 - 45,African-American,0,0,0,3,F,Manufacture Cannabis,Survived,0,African-American,test,0.418,0,0,0
Female,34,25 - 45,African-American,0,0,0,0,M,Battery,Survived,0,African-American,train,0.268,0,0,0
Male,36,25 - 45,African-American,0,0,0,1,F,Possession of Cocaine,Recidivated,1,African-American,test,0.359,0,0,0
Male,29,25 - 45,African-American,0,0,0,0,M,Aggravated Battery,Recidivated,1,African-American,train,0.301,0,0,0
Male,38,25 - 45,African-American,0,0,0,1,M,arrest case no charge,Survived,0,African-American,train,0.274,0,0,0
Male,23,Less than 25,African-American,0,0,0,0,M,Battery,Survived,0,African-American,train,0.432,0,0,0
Male,47,Greater than 45,Caucasian,0,0,0,0,M,DUI Property Damage/Injury,Survived,0,Caucasian,train,0.19,0,0,0
Male,20,Less than 25,African-American,0,0,0,0,F,Carrying Concealed Firearm,Survived,0,African-American,test,0.538,1,1,1
Female,25,25 - 45,African-American,0,0,0,2,F,Battery on Law Enforc Officer,Recidivated,1,African-American,train,0.482,0,0,0
Male,35,25 - 45,African-American,0,0,0,0,M,Battery,Survived,0,African-American,train,0.262,0,0,0
Male,24,Less than 25,African-American,0,0,0,2,M,arrest case no charge,Recidivated,1,African-American,train,0.501,1,0,0
Male,20,Less than 25,Other,0,8,1,8,F,Driving While License Revoked,Recidivated,1,Other,test,0.718,1,1,1
Male,27,25 - 45,Other,0,0,0,1,F,Felony Battery (Dom Strang),Survived,0,Other,test,0.427,0,0,0
Male,60,Greater than 45,African-American,0,0,0,12,F,Driving While License Revoked,Survived,0,African-American,train,0.584,1,1,1
Male,33,25 - 45,African-American,0,0,0,6,M,Battery,Survived,0,African-American,train,0.491,0,0,0
Male,34,25 - 45,African-American,0,0,0,2,M,Battery,Recidivated,1,African-American,train,0.334,0,0,0
Male,27,25 - 45,African-American,0,0,0,0,M,Battery,Recidivated,1,African-American,train,0.314,0,0,0
Male,29,25 - 45,African-American,1,1,1,4,F,Carjacking with a Firearm,Recidivated,1,African-American,train,0.689,1,1,1
Male,21,Less than 25,Caucasian,1,0,1,1,F,Deliver Cannabis,Recidivated,1,Caucasian,train,0.744,1,1,1
Male,32,25 - 45,Hispanic,0,0,0,0,M,Battery,Survived,0,Other,train,0.281,0,0,0
Male,32,25 - 45,African-American,0,0,0,1,F,Felony Driving While Lic Suspd,Survived,0,African-American,test,0.389,0,0,0
Male,27,25 - 45,Other,0,0,0,0,F,Robbery / Weapon,Survived,0,Other,train,0.39,0,0,0
Male,30,25 - 45,Caucasian,0,0,0,3,M,Battery,Survived,0,Caucasian,train,0.399,0,0,1
Male,22,Less than 25,African-American,0,0,0,1,F,arrest case no charge,Recidivated,1,African-American,train,0.56,1,1,1
Male,20,Less than 25,Caucasian,0,0,0,0,M,Battery,Recidivated,1,Caucasian,train,0.455,0,0,1
Male,57,Greater than 45,Caucasian,0,0,0,0,M,Battery,Survived,0,Caucasian,test,0.146,0,0,0
Male,51,Greater than 45,Caucasian,0,0,0,3,F,Felony Battery (Dom Strang),Recidivated,1,Caucasian,train,0.315,0,0,0
Male,21,Less than 25,African-American,0,0,0,0,F,Grand Theft in the 3rd Degree,Survived,0,African-American,train,0.53,1,1,0
Male,35,25 - 45,African-American,0,0,0,4,F,Tampering With Physical Evidence,Recidivated,1,African-American,train,0.48,0,0,0
Male,58,Greater than 45,Caucasian,0,0,0,2,F,Battery on Law Enforc Officer,Survived,0,Caucasian,train,0.239,0,0,0
Female,32,25 - 45,Caucasian,0,0,0,0,F,Child Abuse,Recidivated,1,Caucasian,train,0.353,0,0,0
Male,30,25 - 45,Caucasian,0,0,0,9,M,Petit Theft,Recidivated,1,Caucasian,train,0.629,1,1,1
Male,20,Less than 25,African-American,0,0,0,0,F,Burglary Unoccupied Dwelling,Recidivated,1,African-American,train,0.538,1,1,0
Male,40,25 - 45,Other,0,0,0,0,M,Battery,Survived,0,Other,train,0.233,0,0,0
Female,45,Greater than 45,Caucasian,0,0,0,5,M,DUI - Enhanced,Survived,0,Caucasian,train,0.353,0,0,0
Male,31,25 - 45,African-American,0,0,0,4,F,arrest case no charge,Recidivated,1,African-American,train,0.512,1,1,0
Male,26,25 - 45,Hispanic,0,0,0,0,M,Petit Theft,Recidivated,1,Other,test,0.321,0,0,0
Female,44,25 - 45,Caucasian,0,0,0,1,M,Driving Under The Influence,Survived,0,Caucasian,test,0.238,0,0,0
Male,21,Less than 25,Caucasian,0,0,0,0,F,Obstruct Fire Equipment,Recidivated,1,Caucasian,train,0.53,1,1,1
Male,24,Less than 25,African-American,0,0,0,0,F,Possession Burglary Tools,Recidivated,1,African-American,train,0.506,1,1,0
Male,28,25 - 45,African-American,0,0,0,0,F,"Poss3,4 Methylenedioxymethcath",Survived,0,African-American,train,0.382,0,0,0
Male,53,Greater than 45,Caucasian,0,0,0,4,F,Possession of Cocaine,Survived,0,Caucasian,train,0.335,0,0,0
Male,47,Greater than 45,Hispanic,0,0,0,1,F,arrest case no charge,Survived,0,Other,test,0.277,0,0,0
Male,20,Less than 25,African-American,0,0,0,1,F,"Poss3,4 Methylenedioxymethcath",Survived,0,African-American,train,0.576,1,1,1
Male,30,25 - 45,Other,0,0,0,1,F,Aggravated Assault W/Dead Weap,Recidivated,1,Other,train,0.404,0,0,0
Male,30,25 - 45,Caucasian,0,0,0,0,M,Battery,Survived,0,Caucasian,test,0.294,0,0,0
Male,26,25 - 45,Caucasian,0,0,0,2,F,arrest case no charge,Recidivated,1,Caucasian,train,0.474,0,0,1
Male,30,25 - 45,Other,0,0,0,0,F,Felony Battery (Dom Strang),Survived,0,Other,train,0.367,0,0,0
Male,30,25 - 45,African-American,0,0,0,1,F,Grand Theft in the 3rd Degree,Survived,0,African-American,train,0.404,0,0,0
Male,42,25 - 45,African-American,0,0,0,0,F,Felony Driving While Lic Suspd,Survived,0,African-American,test,0.284,0,0,0
Male,54,Greater than 45,Caucasian,0,0,0,4,M,Criminal Mischief>$200<$1000,Survived,0,Caucasian,train,0.26,0,0,0
Male,26,25 - 45,Caucasian,0,0,0,0,F,Delivery of Heroin,Recidivated,1,Caucasian,train,0.397,0,0,1
Male,29,25 - 45,Caucasian,0,0,0,7,M,Battery,Recidivated,1,Caucasian,train,0.562,1,1,1
Male,51,Greater than 45,Caucasian,0,0,0,7,F,Burglary Conveyance Unoccup,Recidivated,1,Caucasian,train,0.462,0,0,1
Male,49,Greater than 45,Caucasian,0,0,0,12,M,Possess Cannabis/20 Grams Or Less,Survived,0,Caucasian,train,0.589,1,1,1
Male,32,25 - 45,African-American,0,0,0,0,F,Tampering With Physical Evidence,Recidivated,1,African-American,train,0.353,0,0,0
Male,43,25 - 45,African-American,0,0,0,2,F,arrest case no charge,Survived,0,African-American,train,0.344,0,0,0
Male,37,25 - 45,Caucasian,0,0,0,2,F,Leaving the Scene of Accident,Survived,0,Caucasian,test,0.388,0,0,1
Male,32,25 - 45,Other,0,0,0,4,F,Possession of Oxycodone,Survived,0,Other,train,0.504,1,0,1
Male,39,25 - 45,Hispanic,0,0,0,3,F,arrest case no charge,Survived,0,Other,train,0.41,0,0,0
Female,22,Less than 25,Caucasian,0,0,1,1,M,Driving Under The Influence,Survived,0,Caucasian,test,0.574,1,1,1
Male,21,Less than 25,African-American,2,0,1,2,F,Possession of Cocaine,Recidivated,1,African-American,test,0.836,1,1,1
Male,25,25 - 45,Caucasian,0,0,0,0,F,Grand Theft in the 3rd Degree,Survived,0,Caucasian,train,0.405,0,0,1
Male,25,25 - 45,African-American,0,3,1,15,F,"Poss3,4 Methylenedioxymethcath",Recidivated,1,African-American,train,0.883,1,1,1
Male,39,25 - 45,Hispanic,0,0,0,0,F,"Poss3,4 Methylenedioxymethcath",Survived,0,Other,train,0.303,0,0,0
Male,53,Greater than 45,African-American,0,0,0,8,F,Possession of Cocaine,Recidivated,1,African-American,test,0.485,0,0,0
Male,34,25 - 45,Caucasian,0,0,0,2,M,arrest case no charge,Survived,0,Caucasian,test,0.334,0,0,0
Male,36,25 - 45,Caucasian,0,0,0,6,F,Possession Of Buprenorphine,Survived,0,Caucasian,train,0.55,1,1,1
Male,32,25 - 45,African-American,0,0,0,2,M,arrest case no charge,Survived,0,African-American,train,0.348,0,0,0
Male,32,25 - 45,African-American,0,0,0,11,M,arrest case no charge,Recidivated,1,African-American,train,0.685,1,1,1
Female,24,Less than 25,Caucasian,0,0,0,0,M,Battery,Survived,0,Caucasian,test,0.424,0,0,1
Male,28,25 - 45,African-American,0,0,0,1,M,Battery,Survived,0,African-American,test,0.342,0,0,0
Male,19,Less than 25,African-American,3,0,0,2,F,arrest case no charge,Recidivated,1,African-American,test,0.847,1,1,1
Female,23,Less than 25,African-American,0,0,0,0,M,Battery,Survived,0,African-American,test,0.432,0,0,0
Female,33,25 - 45,Caucasian,0,0,0,0,M,Offer Agree Secure For Lewd Act,Survived,0,Caucasian,test,0.275,0,0,0
Male,35,25 - 45,African-American,0,0,0,1,M,Prostitution/Lewdness/Assign,Survived,0,African-American,train,0.293,0,0,0
Male,53,Greater than 45,Caucasian,0,0,0,0,F,Possession Of Alprazolam,Survived,0,Caucasian,train,0.213,0,0,0
Male,44,25 - 45,Caucasian,0,0,0,0,M,Susp Drivers Lic 1st Offense,Survived,0,Caucasian,train,0.211,0,0,0
Male,31,25 - 45,Caucasian,0,0,0,10,F,Driving While License Revoked,Recidivated,1,Caucasian,train,0.728,1,1,1
Male,26,25 - 45,Caucasian,0,0,0,0,F,Poss Contr Subst W/o Prescript,Survived,0,Caucasian,train,0.397,0,0,1
Male,22,Less than 25,African-American,0,3,0,3,F,Possession of Benzylpiperazine,Survived,0,African-American,train,0.559,1,1,1
Male,20,Less than 25,African-American,0,1,1,2,F,Burglary Unoccupied Dwelling,Recidivated,1,African-American,train,0.677,1,1,1
Male,27,25 - 45,Caucasian,0,0,0,1,M,Susp Drivers Lic 1st Offense,Recidivated,1,Caucasian,train,0.349,0,0,0
Male,26,25 - 45,African-American,0,0,0,3,F,Crimin Mischief Damage $1000+,Recidivated,1,African-American,train,0.513,1,1,0
Male,36,25 - 45,African-American,0,0,0,0,F,Driving While License Revoked,Survived,0,African-American,test,0.324,0,0,0
Male,37,25 - 45,Caucasian,0,0,0,0,F,Cruelty Toward Child,Recidivated,1,Caucasian,test,0.317,0,0,0
Male,25,25 - 45,Caucasian,0,0,0,2,M,Resist/Obstruct W/O Violence,Recidivated,1,Caucasian,train,0.4,0,0,1
Female,42,25 - 45,African-American,0,0,0,2,F,Burglary With Assault/battery,Survived,0,African-American,train,0.351,0,0,0
Male,22,Less than 25,African-American,0,0,0,3,F,Uttering a Forged Instrument,Recidivated,1,African-American,train,0.635,1,1,1
Male,21,Less than 25,Other,0,0,0,0,F,Att Burgl Unoccupied Dwel,Survived,0,Other,train,0.53,1,1,1
Female,21,Less than 25,African-American,0,0,0,1,M,Trespass Struct/Conveyance,Recidivated,1,African-American,train,0.486,0,0,0
Female,37,25 - 45,African-American,0,0,0,0,M,Prostitution/Lewd Act Assignation,Survived,0,African-American,train,0.25,0,0,0
Female,30,25 - 45,African-American,0,0,0,8,F,Robbery / No Weapon,Recidivated,1,African-American,test,0.669,1,1,1
Male,35,25 - 45,Hispanic,0,0,0,0,M,Reckless Driving,Survived,0,Other,train,0.262,0,0,0
Male,21,Less than 25,African-American,0,0,0,1,F,Grand Theft Dwell Property,Survived,0,African-American,train,0.568,1,1,1
Male,22,Less than 25,African-American,0,0,0,1,F,Possession of Cannabis,Survived,0,African-American,train,0.56,1,1,1
Male,42,25 - 45,Caucasian,0,0,0,1,M,Battery,Recidivated,1,Caucasian,train,0.249,0,0,0
Male,54,Greater than 45,African-American,0,0,0,9,M,arrest case no charge,Survived,0,African-American,train,0.433,0,0,0
Male,39,25 - 45,Other,0,0,0,1,F,"Poss3,4 Methylenedioxymethcath",Recidivated,1,Other,train,0.337,0,0,0
Male,30,25 - 45,African-American,2,0,0,20,F,Felony Battery w/Prior Convict,Recidivated,1,African-American,test,0.967,1,1,1
Female,26,25 - 45,African-American,0,0,0,1,F,Grand Theft in the 3rd Degree,Recidivated,1,African-American,train,0.435,0,0,0
Male,41,25 - 45,African-American,0,0,0,0,M,Assault,Survived,0,African-American,test,0.227,0,0,0
Male,23,Less than 25,Caucasian,1,0,1,5,M,Viol Injunct Domestic Violence,Recidivated,1,Caucasian,train,0.785,1,1,1
Male,43,25 - 45,Caucasian,0,0,0,1,F,Felony Battery (Dom Strang),Recidivated,1,Caucasian,train,0.31,0,0,0
Male,22,Less than 25,African-American,0,0,0,0,M,Susp Drivers Lic 1st Offense,Recidivated,1,African-American,train,0.439,0,0,0
Male,49,Greater than 45,African-American,0,0,0,4,M,Battery,Survived,0,African-American,train,0.291,0,0,0
Male,52,Greater than 45,Caucasian,0,0,0,1,F,Felony Driving While Lic Suspd,Survived,0,Caucasian,train,0.246,0,0,0
Female,60,Greater than 45,Caucasian,0,0,0,2,F,Aggrav Battery w/Deadly Weapon,Survived,0,Caucasian,train,0.228,0,0,0
Male,48,Greater than 45,African-American,0,0,0,9,F,arrest case no charge,Recidivated,1,African-American,train,0.563,1,1,1
Male,32,25 - 45,African-American,0,0,0,2,F,Driving While License Revoked,Recidivated,1,African-American,test,0.427,0,0,0
Male,28,25 - 45,Hispanic,0,0,1,3,F,Felony Battery (Dom Strang),Recidivated,1,Other,train,0.592,1,1,1
Male,24,Less than 25,African-American,0,0,0,5,F,Felony Driving While Lic Suspd,Recidivated,1,African-American,train,0.691,1,1,1
Male,44,25 - 45,African-American,0,0,0,2,F,Felony Driving While Lic Suspd,Survived,0,African-American,train,0.337,0,0,0
Female,27,25 - 45,African-American,0,0,0,1,M,Battery,Survived,0,African-American,test,0.349,0,0,0
Male,52,Greater than 45,African-American,0,0,0,15,M,Driving Under The Influence,Recidivated,1,African-American,test,0.675,1,1,1
Male,61,Greater than 45,Caucasian,0,0,0,3,M,Battery,Recidivated,1,Caucasian,train,0.194,0,0,0
Male,69,Greater than 45,African-American,0,0,0,3,M,Battery,Survived,0,African-American,test,0.157,0,0,0
Female,21,Less than 25,Caucasian,0,0,0,1,F,Grand Theft in the 3rd Degree,Survived,0,Caucasian,test,0.568,1,1,1
Male,31,25 - 45,Caucasian,1,0,0,2,M,Possess Cannabis/20 Grams Or Less,Recidivated,1,Caucasian,train,0.453,0,0,1
Male,24,Less than 25,Caucasian,0,0,0,3,F,Grand Theft in the 3rd Degree,Recidivated,1,Caucasian,train,0.62,1,1,1
Male,30,25 - 45,Caucasian,0,0,0,6,F,arrest case no charge,Survived,0,Caucasian,train,0.597,1,1,1
Male,25,25 - 45,African-American,0,0,0,5,F,Live on Earnings of Prostitute,Recidivated,1,African-American,train,0.597,1,1,1
Male,21,Less than 25,African-American,0,0,0,1,F,arrest case no charge,Survived,0,African-American,test,0.568,1,1,1
Male,64,Greater than 45,Caucasian,0,0,0,0,F,Sex Offender Fail Comply W/Law,Survived,0,Caucasian,train,0.16,0,0,0
Female,21,Less than 25,Caucasian,0,0,0,0,F,Grand Theft in the 3rd Degree,Recidivated,1,Caucasian,test,0.53,1,1,1
Male,36,25 - 45,African-American,0,0,0,5,F,arrest case no charge,Survived,0,African-American,train,0.511,1,1,0
Female,50,Greater than 45,African-American,0,0,0,1,F,arrest case no charge,Survived,0,African-American,train,0.258,0,0,0
Male,23,Less than 25,African-American,0,0,0,0,M,Battery,Recidivated,1,African-American,train,0.432,0,0,0
Male,28,25 - 45,Native American,0,0,0,2,F,"Poss3,4 Methylenedioxymethcath",Survived,0,Other,train,0.458,0,0,1
Male,37,25 - 45,Other,0,0,0,6,M,Battery,Survived,0,Other,train,0.459,0,0,1
Male,63,Greater than 45,Caucasian,0,0,0,0,M,Battery,Recidivated,1,Caucasian,train,0.124,0,0,0
Male,35,25 - 45,African-American,0,0,0,2,M,Assault,Survived,0,African-American,train,0.327,0,0,0
Male,26,25 - 45,Hispanic,0,0,0,0,M,Battery,Recidivated,1,Other,train,0.321,0,0,0
Male,29,25 - 45,African-American,0,0,0,7,F,arrest case no charge,Survived,0,African-American,train,0.641,1,1,1
Male,37,25 - 45,African-American,1,0,1,12,M,Disorderly Intoxication,Recidivated,1,African-American,test,0.827,1,1,1
Female,20,Less than 25,Caucasian,0,2,1,3,M,Battery,Recidivated,1,Caucasian,test,0.613,1,1,1
Male,32,25 - 45,African-American,0,0,0,1,F,Pos Cannabis W/Intent Sel/Del,Recidivated,1,African-American,test,0.389,0,0,0
Male,38,25 - 45,Caucasian,0,0,0,0,F,Possession of Cocaine,Survived,0,Caucasian,test,0.31,0,0,0
Male,40,25 - 45,Caucasian,0,0,0,0,F,Possession of Cocaine,Survived,0,Caucasian,train,0.297,0,0,0
Female,41,25 - 45,Caucasian,0,0,0,0,M,Battery,Survived,0,Caucasian,train,0.227,0,0,0
Male,27,25 - 45,African-American,0,0,0,6,F,Possession Of Methamphetamine,Recidivated,1,African-American,train,0.619,1,1,1
Male,47,Greater than 45,African-American,4,0,1,14,F,Grand Theft in the 3rd Degree,Recidivated,1,African-American,train,0.956,1,1,1
Male,28,25 - 45,African-American,0,0,0,4,F,Burglary Dwelling Assault/Batt,Recidivated,1,African-American,test,0.536,1,1,1
Male,20,Less than 25,African-American,2,0,0,2,F,Grand Theft in the 3rd Degree,Recidivated,1,African-American,train,0.782,1,1,1
Female,29,25 - 45,African-American,0,0,0,11,F,Possession of Cocaine,Survived,0,African-American,test,0.769,1,1,1
Female,24,Less than 25,African-American,0,0,0,2,M,Assault,Recidivated,1,African-American,train,0.501,1,0,0
Male,30,25 - 45,African-American,0,0,0,7,M,Assault,Recidivated,1,African-American,train,0.554,1,1,1
Male,45,Greater than 45,African-American,0,0,0,0,M,Battery,Survived,0,African-American,train,0.2,0,0,0
Male,20,Less than 25,African-American,0,0,0,0,M,Battery,Recidivated,1,African-American,train,0.455,0,0,0
Male,51,Greater than 45,Caucasian,0,0,0,6,F,arrest case no charge,Recidivated,1,Caucasian,train,0.423,0,0,1
Female,49,Greater than 45,Caucasian,0,0,0,2,M,Viol Prot Injunc Repeat Viol,Recidivated,1,Caucasian,train,0.231,0,0,0
Male,41,25 - 45,Caucasian,0,0,0,5,F,Felony Driving While Lic Suspd,Survived,0,Caucasian,train,0.471,0,0,1
Male,49,Greater than 45,Caucasian,0,0,0,1,F,Resist Officer w/Violence,Survived,0,Caucasian,train,0.264,0,0,0
Male,21,Less than 25,African-American,0,0,0,0,M,Disrupting School Function,Survived,0,African-American,train,0.447,0,0,0
Male,48,Greater than 45,Hispanic,0,0,0,1,F,arrest case no charge,Recidivated,1,Other,train,0.27,0,0,0
Male,58,Greater than 45,African-American,0,0,0,24,F,Felony Petit Theft,Recidivated,1,African-American,train,0.907,1,1,1
Male,29,25 - 45,Other,0,0,0,0,F,Pos Cannabis W/Intent Sel/Del,Survived,0,Other,train,0.375,0,0,0
Male,26,25 - 45,Other,0,0,0,0,F,Burglary Structure Unoccup,Survived,0,Other,train,0.397,0,0,0
Male,34,25 - 45,African-American,0,0,0,3,M,arrest case no charge,Survived,0,African-American,train,0.369,0,0,0
Male,38,25 - 45,African-American,0,0,1,10,F,Robbery / Weapon,Recidivated,1,African-American,train,0.759,1,1,1
Male,42,25 - 45,Caucasian,0,0,0,2,F,Possession of Cocaine,Recidivated,1,Caucasian,train,0.351,0,0,0
Male,30,25 - 45,African-American,0,2,2,11,F,Strong Armed  Robbery,Survived,0,African-American,test,0.849,1,1,1
Male,46,Greater than 45,African-American,0,0,1,15,F,Driving While License Revoked,Recidivated,1,African-American,train,0.837,1,1,1
Female,24,Less than 25,African-American,0,0,0,0,F,Felony Batt(Great Bodily Harm),Survived,0,African-American,train,0.506,1,1,0
Female,70,Greater than 45,African-American,0,0,0,1,F,arrest case no charge,Survived,0,African-American,train,0.155,0,0,0
Male,21,Less than 25,Hispanic,0,0,0,0,F,"Poss3,4 Methylenedioxymethcath",Recidivated,1,Other,train,0.53,1,1,1
Female,45,Greater than 45,Caucasian,0,0,0,1,M,Battery,Survived,0,Caucasian,test,0.226,0,0,0
Female,33,25 - 45,Hispanic,0,0,0,2,M,Viol Prot Injunc Repeat Viol,Survived,0,Other,train,0.341,0,0,0
Female,39,25 - 45,African-American,0,1,0,6,F,Grand Theft in the 3rd Degree,Survived,0,African-American,train,0.5,1,0,0
Male,25,25 - 45,Caucasian,0,1,0,6,F,arrest case no charge,Survived,0,Caucasian,train,0.609,1,1,1
Male,46,Greater than 45,Caucasian,0,0,0,0,F,Cruelty Toward Child,Survived,0,Caucasian,train,0.252,0,0,0
Male,28,25 - 45,Caucasian,0,0,0,0,M,Battery,Recidivated,1,Caucasian,train,0.308,0,0,0
Male,43,25 - 45,Caucasian,0,0,0,11,F,Felony DUI (level 3),Recidivated,1,Caucasian,train,0.681,1,1,1
Male,29,25 - 45,African-American,0,0,0,0,F,Felony Battery (Dom Strang),Survived,0,African-American,train,0.375,0,0,0
Male,67,Greater than 45,Asian,0,0,0,0,M,Battery,Survived,0,Other,train,0.111,0,0,0
Male,29,25 - 45,Other,0,0,0,3,F,Uttering a Forged Instrument,Survived,0,Other,test,0.489,0,0,1
Male,21,Less than 25,African-American,0,0,0,0,F,Grand Theft in the 3rd Degree,Recidivated,1,African-American,train,0.53,1,1,0
Male,32,25 - 45,Other,0,0,0,1,F,Robbery W/Firearm,Survived,0,Other,train,0.389,0,0,0
Male,43,25 - 45,Caucasian,0,0,0,9,F,Possession of Hydrocodone,Survived,0,Caucasian,train,0.609,1,1,1
Male,58,Greater than 45,Caucasian,0,0,0,3,F,Felony Petit Theft,Recidivated,1,Caucasian,train,0.269,0,0,0
Male,57,Greater than 45,African-American,0,0,0,12,F,Possession of Cocaine,Survived,0,African-American,train,0.607,1,1,1
Male,48,Greater than 45,Other,0,0,0,1,F,arrest case no charge,Survived,0,Other,train,0.27,0,0,0
Male,26,25 - 45,African-American,0,1,1,13,F,Driving While License Revoked,Recidivated,1,African-American,train,0.869,1,1,1
Male,25,25 - 45,African-American,0,0,0,0,F,Aggrav Battery w/Deadly Weapon,Survived,0,African-American,train,0.405,0,0,0
Male,50,Greater than 45,Caucasian,0,0,0,0,M,Driving Under The Influence,Survived,0,Caucasian,train,0.176,0,0,0
Female,31,25 - 45,African-American,0,0,0,2,F,Grand Theft (Motor Vehicle),Survived,0,African-American,train,0.434,0,0,0
Female,33,25 - 45,Caucasian,0,0,0,7,M,Battery,Survived,0,Caucasian,train,0.53,1,1,1
Male,32,25 - 45,African-American,0,0,0,1,F,False Ownership Info/Pawn Item,Recidivated,1,African-American,train,0.389,0,0,0
Female,46,Greater than 45,Caucasian,0,0,0,0,M,Battery,Recidivated,1,Caucasian,test,0.195,0,0,0
Male,22,Less than 25,Hispanic,0,0,0,0,F,Crimin Mischief Damage $1000+,Survived,0,Other,train,0.522,1,1,1
Male,37,25 - 45,African-American,0,0,0,8,F,Felony Driving While Lic Suspd,Recidivated,1,African-American,train,0.618,1,1,1
Male,21,Less than 25,Caucasian,0,0,0,0,F,Pos Cannabis W/Intent Sel/Del,Survived,0,Caucasian,train,0.53,1,1,1
Male,49,Greater than 45,Caucasian,0,0,0,2,M,Battery,Survived,0,Caucasian,test,0.231,0,0,0
Male,30,25 - 45,African-American,0,2,0,21,F,arrest case no charge,Recidivated,1,African-American,train,0.925,1,1,1
Male,35,25 - 45,African-American,0,1,0,23,F,Poss Pyrrolidinovalerophenone,Recidivated,1,African-American,train,0.941,1,1,1
Male,28,25 - 45,African-American,2,1,0,11,F,Fleeing Or Attmp Eluding A Leo,Survived,0,African-American,train,0.874,1,1,1
Male,24,Less than 25,African-American,0,0,0,1,F,Driving While License Revoked,Survived,0,African-American,train,0.545,1,1,1
Female,24,Less than 25,African-American,0,0,0,1,F,Grand Theft in the 3rd Degree,Survived,0,African-American,train,0.545,1,1,1
Male,21,Less than 25,Other,0,0,0,0,M,Prowling/Loitering,Survived,0,Other,train,0.447,0,0,1
Male,26,25 - 45,African-American,0,0,0,0,M,Unlaw LicTag/Sticker Attach,Recidivated,1,African-American,train,0.321,0,0,0
Male,20,Less than 25,African-American,0,0,3,0,F,Possession of Butylone,Recidivated,1,African-American,train,0.787,1,1,1
Male,25,25 - 45,African-American,0,1,0,6,M,arrest case no charge,Survived,0,African-American,train,0.528,1,1,0
Male,49,Greater than 45,Caucasian,0,0,0,1,F,arrest case no charge,Recidivated,1,Caucasian,train,0.264,0,0,0
Male,57,Greater than 45,African-American,0,0,0,27,M,arrest case no charge,Survived,0,African-American,train,0.92,1,1,1
Female,27,25 - 45,African-American,0,0,0,0,M,Battery,Survived,0,African-American,test,0.314,0,0,0
Male,66,Greater than 45,Caucasian,0,0,0,1,M,arrest case no charge,Survived,0,Caucasian,test,0.13,0,0,0
Male,21,Less than 25,Caucasian,0,0,0,0,F,arrest case no charge,Survived,0,Caucasian,train,0.53,1,1,1
Male,44,25 - 45,Caucasian,0,0,0,13,F,Crimin Mischief Damage $1000+,Recidivated,1,Caucasian,train,0.738,1,1,1
Male,64,Greater than 45,African-American,0,0,0,0,F,Grand Theft in the 3rd Degree,Survived,0,African-American,train,0.16,0,0,0
Male,30,25 - 45,African-American,0,0,0,1,F,Deliver Cocaine,Recidivated,1,African-American,train,0.404,0,0,0
Male,23,Less than 25,African-American,0,0,0,0,F,Tampering With Physical Evidence,Survived,0,African-American,train,0.514,1,1,0
Male,21,Less than 25,Caucasian,0,0,0,0,F,Sale/Del Cannabis At/Near Scho,Recidivated,1,Caucasian,train,0.53,1,1,1
Male,26,25 - 45,Hispanic,0,0,1,7,M,Battery,Survived,0,Other,train,0.674,1,1,1
Male,35,25 - 45,Other,0,0,0,3,M,Battery,Recidivated,1,Other,test,0.362,0,0,0
Male,27,25 - 45,African-American,0,0,1,2,M,Possess Cannabis/20 Grams Or Less,Survived,0,African-American,test,0.479,0,0,0
Female,44,25 - 45,Caucasian,0,0,0,4,F,Possession of Cocaine,Recidivated,1,Caucasian,train,0.409,0,0,1
Male,23,Less than 25,Caucasian,0,0,1,2,F,Poss of Firearm by Convic Felo,Survived,0,Caucasian,train,0.68,1,1,1
Female,34,25 - 45,Caucasian,0,0,0,1,F,arrest case no charge,Recidivated,1,Caucasian,train,0.374,0,0,0
Female,36,25 - 45,African-American,0,0,0,0,M,DUI Level 0.15 Or Minor In Veh,Survived,0,African-American,test,0.256,0,0,0
Female,34,25 - 45,Hispanic,0,0,0,5,F,Live on Earnings of Prostitute,Survived,0,Other,train,0.527,1,1,1
Female,26,25 - 45,African-American,0,0,0,3,F,Burglary With Assault/battery,Survived,0,African-American,train,0.513,1,1,0
Male,49,Greater than 45,African-American,0,0,0,1,F,Felony Battery (Dom Strang),Survived,0,African-American,test,0.264,0,0,0
Female,47,Greater than 45,Hispanic,0,0,0,0,M,Battery,Survived,0,Other,train,0.19,0,0,0
Male,47,Greater than 45,African-American,0,0,0,6,F,Att Tamper w/Physical Evidence,Survived,0,African-American,train,0.455,0,0,0
Male,34,25 - 45,African-American,0,0,0,7,F,Possession of Cannabis,Recidivated,1,African-American,train,0.603,1,1,1
Female,52,Greater than 45,Caucasian,0,0,0,0,M,Battery,Survived,0,Caucasian,test,0.167,0,0,0
Male,26,25 - 45,African-American,0,0,0,0,M,Operating W/O Valid License,Recidivated,1,African-American,train,0.321,0,0,0
Male,51,Greater than 45,African-American,0,0,0,1,F,arrest case no charge,Survived,0,African-American,test,0.252,0,0,0
Male,57,Greater than 45,African-American,0,0,0,0,F,Felony Battery (Dom Strang),Survived,0,African-American,train,0.192,0,0,0
Male,27,25 - 45,African-American,0,0,0,3,F,arrest case no charge,Survived,0,African-American,train,0.505,1,0,0
Male,51,Greater than 45,African-American,0,0,0,0,F,Possession of Cocaine,Recidivated,1,African-American,train,0.224,0,0,0
Male,56,Greater than 45,Caucasian,0,0,0,4,F,Possession of Cocaine,Survived,0,Caucasian,test,0.314,0,0,0
Male,33,25 - 45,Caucasian,0,0,0,7,F,Felony Battery (Dom Strang),Recidivated,1,Caucasian,train,0.611,1,1,1
Male,23,Less than 25,Caucasian,0,0,3,0,M,Battery,Survived,0,Caucasian,train,0.707,1,1,1
Male,19,Less than 25,Hispanic,1,0,0,1,F,arrest case no charge,Survived,0,Other,test,0.678,1,1,1
Male,32,25 - 45,Caucasian,0,0,0,0,F,Aggravated Assault W/o Firearm,Survived,0,Caucasian,train,0.353,0,0,0
Female,40,25 - 45,African-American,0,0,0,0,F,Grand Theft in the 1st Degree,Survived,0,African-American,train,0.297,0,0,0
Male,59,Greater than 45,African-American,0,0,0,4,M,Battery,Survived,0,African-American,train,0.23,0,0,0
Male,58,Greater than 45,Caucasian,0,0,0,1,F,Fel Drive License Perm Revoke,Survived,0,Caucasian,train,0.212,0,0,0
Male,29,25 - 45,Caucasian,0,0,0,2,F,Grand Theft in the 3rd Degree,Survived,0,Caucasian,train,0.45,0,0,1
Male,24,Less than 25,Caucasian,0,0,0,0,F,Possession Of Alprazolam,Survived,0,Caucasian,train,0.506,1,1,1
Male,29,25 - 45,African-American,0,2,1,7,F,Grand Theft in the 3rd Degree,Recidivated,1,African-American,test,0.68,1,1,1
Male,23,Less than 25,African-American,0,1,1,1,F,Possession Burglary Tools,Survived,0,African-American,train,0.62,1,1,1
Male,22,Less than 25,Caucasian,0,0,0,2,F,arrest case no charge,Survived,0,Caucasian,train,0.598,1,1,1
Female,43,25 - 45,Caucasian,0,0,0,0,M,Battery,Survived,0,Caucasian,test,0.216,0,0,0
Male,29,25 - 45,African-American,0,0,0,0,F,Poss of Cocaine W/I/D/S 1000FT Park,Survived,0,African-American,test,0.375,0,0,0
Male,25,25 - 45,African-American,0,0,0,1,F,arrest case no charge,Survived,0,African-American,train,0.443,0,0,0
Male,47,Greater than 45,Caucasian,0,0,0,0,M,Battery,Survived,0,Caucasian,test,0.19,0,0,0
Male,54,Greater than 45,Caucasian,0,0,0,0,M,Battery,Survived,0,Caucasian,train,0.158,0,0,0
Male,34,25 - 45,African-American,0,0,1,3,F,Lewd Act Presence Child 16-,Recidivated,1,African-American,train,0.545,1,1,1
Female,28,25 - 45,African-American,0,0,0,2,M,Battery,Survived,0,African-American,train,0.378,0,0,0
Female,53,Greater than 45,Caucasian,0,0,0,4,F,Poss Contr Subst W/o Prescript,Recidivated,1,Caucasian,train,0.335,0,0,0
Female,60,Greater than 45,Caucasian,0,0,0,0,F,Battery on Law Enforc Officer,Recidivated,1,Caucasian,train,0.178,0,0,0
Male,22,Less than 25,African-American,0,0,0,0,F,Grand Theft in the 3rd Degree,Survived,0,African-American,test,0.522,1,1,0
Male,51,Greater than 45,African-American,0,0,0,3,F,Felony Driving While Lic Suspd,Survived,0,African-American,test,0.315,0,0,0
Male,29,25 - 45,African-American,0,0,0,0,F,Felony Battery (Dom Strang),Recidivated,1,African-American,train,0.375,0,0,0
Male,33,25 - 45,Caucasian,0,0,0,0,F,Grand Theft (Motor Vehicle),Recidivated,1,Caucasian,train,0.345,0,0,0
Male,45,Greater than 45,Hispanic,0,0,0,1,M,Battery,Survived,0,Other,test,0.226,0,0,0
Male,23,Less than 25,African-American,0,0,0,1,F,Felony Batt(Great Bodily Harm),Recidivated,1,African-American,train,0.553,1,1,1
Male,25,25 - 45,Other,20,0,0,24,F,arrest case no charge,Recidivated,1,Other,test,1.0,1,1,1
Male,35,25 - 45,Hispanic,0,1,0,12,F,Aggravated Assault W/Dead Weap,Survived,0,Other,test,0.743,1,1,1
Male,25,25 - 45,African-American,0,0,0,4,F,Crim Use of Personal ID Info,Recidivated,1,African-American,train,0.559,1,1,1
Male,24,Less than 25,Asian,0,0,0,0,M,Battery,Survived,0,Other,train,0.424,0,0,0
Male,47,Greater than 45,African-American,0,0,0,23,F,Poss Wep Conv Felon,Recidivated,1,African-American,train,0.922,1,1,1
Male,48,Greater than 45,Caucasian,0,0,0,1,M,Driving Under The Influence,Recidivated,1,Caucasian,test,0.21,0,0,0
Male,42,25 - 45,African-American,0,0,0,7,M,Driving License Suspended,Survived,0,African-American,test,0.459,0,0,0
Male,39,25 - 45,African-American,0,0,0,5,F,Grand Theft in the 3rd Degree,Survived,0,African-American,train,0.487,0,0,0
Female,31,25 - 45,Caucasian,0,0,0,0,M,Battery,Survived,0,Caucasian,train,0.288,0,0,0
Male,32,25 - 45,Caucasian,0,0,2,6,M,Refuse Submit Blood/Breath Test,Survived,0,Caucasian,train,0.683,1,1,1
Male,36,25 - 45,African-American,0,0,0,2,F,Driving While License Revoked,Survived,0,African-American,train,0.396,0,0,0
Male,21,Less than 25,African-American,0,0,0,3,F,arrest case no charge,Recidivated,1,African-American,train,0.643,1,1,1
Female,26,25 - 45,African-American,0,0,0,0,M,Battery,Survived,0,African-American,test,0.321,0,0,0
Male,28,25 - 45,African-American,0,0,0,8,F,Grand Theft in the 3rd Degree,Recidivated,1,African-American,train,0.683,1,1,1
Female,49,Greater than 45,African-American,0,0,0,14,M,Battery,Recidivated,1,African-American,test,0.662,1,1,1
Male,32,25 - 45,Caucasian,0,0,0,9,M,Trespass Other Struct/Conve,Recidivated,1,Caucasian,train,0.614,1,1,1
Male,41,25 - 45,Caucasian,0,0,0,9,M,Battery,Survived,0,Caucasian,test,0.544,1,1,1
Male,44,25 - 45,African-American,2,0,0,19,M,Battery,Recidivated,1,African-American,train,0.921,1,1,1
Male,28,25 - 45,African-American,0,0,0,1,F,Aggrav Stalking After Injunctn,Survived,0,African-American,test,0.42,0,0,0
Female,39,25 - 45,African-American,0,0,0,0,F,Grand Theft in the 3rd Degree,Recidivated,1,African-American,train,0.303,0,0,0
Male,54,Greater than 45,Caucasian,0,0,0,0,F,Agg Battery Grt/Bod/Harm,Survived,0,Caucasian,train,0.207,0,0,0
Male,43,25 - 45,Caucasian,0,0,0,0,M,DUI Property Damage/Injury,Survived,0,Caucasian,test,0.216,0,0,0
Male,44,25 - 45,African-American,0,0,0,10,M,Driving Under The Influence,Recidivated,1,African-American,train,0.559,1,1,0
Male,23,Less than 25,African-American,0,0,0,0,F,Pos Cannabis W/Intent Sel/Del,Survived,0,African-American,train,0.514,1,1,0
Male,24,Less than 25,African-American,0,0,0,0,F,Felon in Pos of Firearm or Amm,Recidivated,1,African-American,train,0.506,1,1,0
Male,53,Greater than 45,Hispanic,0,0,0,9,F,Felony Petit Theft,Recidivated,1,Other,test,0.524,1,1,1
Male,23,Less than 25,Caucasian,0,0,0,1,F,Possession of Cocaine,Recidivated,1,Caucasian,train,0.553,1,1,1
Female,58,Greater than 45,African-American,0,0,0,3,M,arrest case no charge,Survived,0,African-American,train,0.209,0,0,0
Male,22,Less than 25,African-American,0,0,0,0,F,Burglary Dwelling Armed,Recidivated,1,African-American,test,0.522,1,1,0
Male,46,Greater than 45,Caucasian,0,0,0,10,F,arrest case no charge,Recidivated,1,Caucasian,test,0.616,1,1,1
Male,23,Less than 25,Caucasian,0,0,0,0,M,Viol Pretrial Release Dom Viol,Recidivated,1,Caucasian,test,0.432,0,0,1
Male,39,25 - 45,Other,0,0,0,6,F,Burglary Unoccupied Dwelling,Survived,0,Other,train,0.526,1,1,1
Male,25,25 - 45,African-American,0,0,0,0,F,Felony Battery,Survived,0,African-American,train,0.405,0,0,0
Female,25,25 - 45,African-American,0,0,0,1,M,Battery,Recidivated,1,African-American,train,0.363,0,0,0
Male,26,25 - 45,African-American,0,0,0,1,F,Pos Cannabis W/Intent Sel/Del,Recidivated,1,African-American,train,0.435,0,0,0
Male,21,Less than 25,Other,0,2,0,3,F,Grand Theft in the 3rd Degree,Recidivated,1,Other,train,0.593,1,1,1
Male,24,Less than 25,African-American,0,0,0,2,M,Susp Drivers Lic 1st Offense,Recidivated,1,African-American,train,0.501,1,0,0
Male,21,Less than 25,African-American,0,0,1,0,F,Grand Theft in the 3rd Degree,Recidivated,1,African-American,train,0.623,1,1,1
Male,33,25 - 45,African-American,0,0,0,2,M,Battery,Recidivated,1,African-American,train,0.341,0,0,0
Male,33,25 - 45,African-American,0,0,0,10,F,Possession of Cocaine,Recidivated,1,African-American,train,0.715,1,1,1
Male,29,25 - 45,Caucasian,0,0,0,0,M,DUI Property Damage/Injury,Survived,0,Caucasian,train,0.301,0,0,0
Male,50,Greater than 45,Caucasian,0,0,0,8,F,DWI w/Inj Susp Lic / Habit Off,Survived,0,Caucasian,test,0.509,1,1,1
Male,27,25 - 45,African-American,0,0,0,9,F,Burglary Unoccupied Dwelling,Recidivated,1,African-American,test,0.722,1,1,1
Male,27,25 - 45,African-American,0,0,0,0,M,Battery,Survived,0,African-American,train,0.314,0,0,0
Male,58,Greater than 45,African-American,0,0,0,1,F,arrest case no charge,Survived,0,African-American,train,0.212,0,0,0
Male,28,25 - 45,Caucasian,0,0,0,1,F,Possession of Cocaine,Recidivated,1,Caucasian,train,0.42,0,0,1
Female,31,25 - 45,Caucasian,0,0,0,0,M,Battery,Survived,0,Caucasian,train,0.288,0,0,0
Male,22,Less than 25,African-American,0,0,0,3,F,Felony Batt(Great Bodily Harm),Recidivated,1,African-American,test,0.635,1,1,1
Male,23,Less than 25,African-American,0,0,0,0,F,Burglary Unoccupied Dwelling,Survived,0,African-American,train,0.514,1,1,0
Male,30,25 - 45,African-American,0,3,0,18,M,Battery,Survived,0,African-American,train,0.834,1,1,1
Male,51,Greater than 45,African-American,0,0,0,5,M,Driving License Suspended,Survived,0,African-American,test,0.311,0,0,0
Male,36,25 - 45,Other,0,0,0,0,M,Battery,Survived,0,Other,train,0.256,0,0,0
Male,62,Greater than 45,Hispanic,0,0,0,0,M,Battery,Survived,0,Other,test,0.127,0,0,0
Male,34,25 - 45,African-American,0,0,0,7,F,arrest case no charge,Recidivated,1,African-American,test,0.603,1,1,1
Male,35,25 - 45,African-American,0,0,0,1,M,Violation License Restrictions,Survived,0,African-American,train,0.293,0,0,0
Male,22,Less than 25,Caucasian,0,0,0,0,F,"Poss3,4 Methylenedioxymethcath",Survived,0,Caucasian,train,0.522,1,1,1
Male,29,25 - 45,African-American,0,0,0,10,M,Assault,Recidivated,1,African-American,train,0.672,1,1,1
Male,40,25 - 45,African-American,0,0,0,0,F,Stalking (Aggravated),Survived,0,African-American,test,0.297,0,0,0
Male,36,25 - 45,African-American,0,0,0,2,F,Possession of Cocaine,Survived,0,African-American,test,0.396,0,0,0
Male,26,25 - 45,African-American,0,0,0,8,F,arrest case no charge,Recidivated,1,African-American,test,0.696,1,1,1
Male,20,Less than 25,Caucasian,0,0,0,0,F,Grand Theft in the 3rd Degree,Recidivated,1,Caucasian,test,0.538,1,1,1
Male,25,25 - 45,Caucasian,0,0,0,1,F,Burglary Conveyance Unoccup,Survived,0,Caucasian,train,0.443,0,0,1
Male,25,25 - 45,African-American,0,0,0,0,F,Uttering a Forged Instrument,Survived,0,African-American,train,0.405,0,0,0
Male,22,Less than 25,African-American,0,0,0,0,F,Pos Cannabis W/Intent Sel/Del,Survived,0,African-American,test,0.522,1,1,0
Male,46,Greater than 45,Caucasian,0,0,0,9,M,Battery,Survived,0,Caucasian,train,0.497,0,0,1
Male,40,25 - 45,African-American,0,0,0,1,M,Battery,Survived,0,African-American,train,0.262,0,0,0
Male,59,Greater than 45,Caucasian,0,0,0,3,M,Driving Under The Influence,Recidivated,1,Caucasian,train,0.204,0,0,0
Male,50,Greater than 45,African-American,0,0,0,0,F,Aggravated Battery / Pregnant,Survived,0,African-American,train,0.229,0,0,0
Male,44,25 - 45,African-American,0,0,0,9,F,Grand Theft in the 3rd Degree,Survived,0,African-American,train,0.602,1,1,1
Male,48,Greater than 45,African-American,0,0,0,5,F,Possession of Cocaine,Recidivated,1,African-American,train,0.409,0,0,0
Male,50,Greater than 45,Caucasian,0,0,0,0,F,arrest case no charge,Recidivated,1,Caucasian,test,0.229,0,0,0
Male,57,Greater than 45,Caucasian,0,0,0,2,F,arrest case no charge,Survived,0,Caucasian,train,0.245,0,0,0
Male,59,Greater than 45,African-American,0,0,0,4,F,Possession of Cocaine,Recidivated,1,African-American,train,0.294,0,0,0
Female,42,25 - 45,African-American,0,0,0,0,F,Aggrav Battery w/Deadly Weapon,Survived,0,African-American,train,0.284,0,0,0
Male,21,Less than 25,Other,0,0,0,0,F,Purchase Cannabis,Survived,0,Other,train,0.53,1,1,1
Male,32,25 - 45,African-American,0,0,0,21,F,Felony Petit Theft,Recidivated,1,African-American,train,0.935,1,1,1
Male,42,25 - 45,African-American,0,0,0,1,F,Tampering With Physical Evidence,Survived,0,African-American,test,0.316,0,0,0
Male,58,Greater than 45,Caucasian,0,0,0,0,M,DUI Blood Alcohol Above 0.20,Survived,0,Caucasian,train,0.142,0,0,0
Male,22,Less than 25,African-American,0,0,1,1,F,Pos Cannabis W/Intent Sel/Del,Recidivated,1,African-American,test,0.652,1,1,1
Male,46,Greater than 45,Caucasian,0,0,0,1,M,Battery,Recidivated,1,Caucasian,test,0.221,0,0,0
Male,50,Greater than 45,Caucasian,0,0,0,0,M,Battery,Recidivated,1,Caucasian,train,0.176,0,0,0
Male,30,25 - 45,African-American,0,1,0,14,F,Grand Theft (Motor Vehicle),Recidivated,1,African-American,train,0.822,1,1,1
Male,42,25 - 45,African-American,0,0,0,2,F,Possession of Cocaine,Survived,0,African-American,train,0.351,0,0,0
Male,21,Less than 25,Hispanic,0,0,0,1,F,arrest case no charge,Survived,0,Other,train,0.568,1,1,1
Male,35,25 - 45,Caucasian,0,0,0,1,F,Possession of Cocaine,Recidivated,1,Caucasian,train,0.366,0,0,0
Male,56,Greater than 45,African-American,0,0,0,1,F,arrest case no charge,Survived,0,African-American,train,0.223,0,0,0
Female,40,25 - 45,African-American,0,0,0,4,M,arrest case no charge,Survived,0,African-American,train,0.361,0,0,0
Male,51,Greater than 45,African-American,0,0,0,0,M,Battery,Survived,0,African-American,train,0.171,0,0,0
Male,61,Greater than 45,African-American,0,0,0,5,F,Possession of Cocaine,Survived,0,African-American,train,0.313,0,0,0
Male,25,25 - 45,African-American,0,0,0,4,F,Felony Driving While Lic Suspd,Recidivated,1,African-American,train,0.559,1,1,1
Male,26,25 - 45,African-American,0,0,0,0,M,Petit Theft,Survived,0,African-American,test,0.321,0,0,0
Female,25,25 - 45,African-American,0,0,0,1,F,Grand Theft in the 3rd Degree,Survived,0,African-American,train,0.443,0,0,0
Male,35,25 - 45,Caucasian,0,0,1,1,F,Possession of Cocaine,Survived,0,Caucasian,train,0.459,0,0,1
Female,33,25 - 45,Caucasian,0,0,0,1,M,Battery,Survived,0,Caucasian,train,0.307,0,0,0
Female,50,Greater than 45,African-American,0,0,0,7,M,Battery,Survived,0,African-American,test,0.389,0,0,0
Male,21,Less than 25,African-American,0,0,0,0,F,Burglary Dwelling Armed,Survived,0,African-American,test,0.53,1,1,0
Male,31,25 - 45,Hispanic,0,0,0,16,F,Burglary Conveyance Unoccup,Recidivated,1,Other,test,0.872,1,1,1
Female,23,Less than 25,African-American,0,0,0,0,M,Battery,Survived,0,African-American,train,0.432,0,0,0
Male,46,Greater than 45,Caucasian,0,0,0,0,M,Driving Under The Influence,Survived,0,Caucasian,train,0.195,0,0,0
Male,35,25 - 45,African-American,0,0,0,0,F,Pos Cannabis W/Intent Sel/Del,Survived,0,African-American,train,0.331,0,0,0
Male,41,25 - 45,Asian,0,0,0,2,F,Felony Petit Theft,Recidivated,1,Other,train,0.358,0,0,0
Male,23,Less than 25,African-American,0,0,0,1,F,Grand Theft in the 3rd Degree,Recidivated,1,African-American,train,0.553,1,1,1
Male,23,Less than 25,African-American,0,0,0,3,F,Grand Theft in the 3rd Degree,Recidivated,1,African-American,train,0.628,1,1,1
Male,46,Greater than 45,Caucasian,0,0,1,2,M,Possess Cannabis/20 Grams Or Less,Survived,0,Caucasian,train,0.327,0,0,0
Female,33,25 - 45,Caucasian,0,0,0,0,M,Battery,Survived,0,Caucasian,train,0.275,0,0,0
Male,33,25 - 45,African-American,0,0,0,11,F,"Poss 3,4 MDMA (Ecstasy)",Recidivated,1,African-American,train,0.746,1,1,1
Male,30,25 - 45,African-American,0,1,1,7,F,Possess Countrfeit Credit Card,Recidivated,1,African-American,train,0.696,1,1,1
Male,37,25 - 45,Hispanic,0,0,0,0,F,Tamper With Witness/Victim/CI,Recidivated,1,Other,train,0.317,0,0,0
Male,33,25 - 45,Other,0,0,0,3,F,arrest case no charge,Survived,0,Other,test,0.457,0,0,1
Male,39,25 - 45,Other,0,1,0,4,F,Poss Pyrrolidinovalerophenone,Recidivated,1,Other,test,0.422,0,0,0
Male,49,Greater than 45,Caucasian,0,0,0,4,F,Aggravated Assault w/Firearm,Survived,0,Caucasian,test,0.364,0,0,0
Male,42,25 - 45,Caucasian,0,0,0,0,F,Aggrav Battery w/Deadly Weapon,Survived,0,Caucasian,train,0.284,0,0,0
Male,50,Greater than 45,Caucasian,0,0,0,1,M,Viol Injunct Domestic Violence,Recidivated,1,Caucasian,train,0.2,0,0,0
Male,41,25 - 45,African-American,0,0,0,4,F,Child Abuse,Survived,0,African-American,train,0.433,0,0,0
Male,22,Less than 25,Caucasian,0,0,2,0,F,Grand Theft (Motor Vehicle),Recidivated,1,Caucasian,test,0.702,1,1,1
Male,42,25 - 45,African-American,0,0,0,1,F,Felony Driving While Lic Suspd,Recidivated,1,African-American,train,0.316,0,0,0
Male,51,Greater than 45,Other,0,0,0,2,F,arrest case no charge,Survived,0,Other,train,0.282,0,0,0
Male,24,Less than 25,African-American,0,0,1,0,F,Possession of Cannabis,Survived,0,African-American,train,0.601,1,1,1
Male,37,25 - 45,Caucasian,0,0,0,0,M,Possess Cannabis/20 Grams Or Less,Survived,0,Caucasian,train,0.25,0,0,0
Female,27,25 - 45,Other,0,0,0,0,M,Battery,Survived,0,Other,train,0.314,0,0,0
Female,30,25 - 45,African-American,0,0,0,0,M,Battery,Survived,0,African-American,train,0.294,0,0,0
Male,22,Less than 25,African-American,0,0,0,3,F,Battery on a Person Over 65,Survived,0,African-American,train,0.635,1,1,1
Female,30,25 - 45,Hispanic,0,0,0,3,M,Battery,Recidivated,1,Other,test,0.399,0,0,0
Male,26,25 - 45,Caucasian,0,0,0,0,F,Aggravated Battery / Pregnant,Survived,0,Caucasian,train,0.397,0,0,1
Male,29,25 - 45,African-American,0,0,0,4,F,arrest case no charge,Survived,0,African-American,test,0.528,1,1,0
Male,43,25 - 45,Caucasian,0,0,0,1,F,arrest case no charge,Recidivated,1,Caucasian,test,0.31,0,0,0
Female,46,Greater than 45,African-American,0,0,0,4,F,arrest case no charge,Survived,0,African-American,test,0.386,0,0,0
Female,46,Greater than 45,African-American,0,0,0,0,F,Felony Driving While Lic Suspd,Survived,0,African-American,test,0.252,0,0,0
Male,29,25 - 45,African-American,0,0,0,12,F,Possession of Cocaine,Recidivated,1,African-American,train,0.795,1,1,1
Female,25,25 - 45,African-American,0,0,0,5,F,Poss Anti-Shoplifting Device,Survived,0,African-American,test,0.597,1,1,1
Male,23,Less than 25,African-American,1,0,0,2,F,Deliver Cocaine,Survived,0,African-American,train,0.684,1,1,1
Male,52,Greater than 45,Caucasian,0,0,0,2,F,arrest case no charge,Survived,0,Caucasian,train,0.276,0,0,0
Male,51,Greater than 45,African-American,0,0,0,4,M,Susp Drivers Lic 1st Offense,Survived,0,African-American,train,0.278,0,0,0
Female,47,Greater than 45,Caucasian,0,0,0,0,F,Battery on Law Enforc Officer,Survived,0,Caucasian,train,0.246,0,0,0
Male,27,25 - 45,African-American,0,0,0,0,M,Battery,Survived,0,African-American,test,0.314,0,0,0
Male,25,25 - 45,Caucasian,0,2,0,5,M,DUI Level 0.15 Or Minor In Veh,Recidivated,1,Caucasian,train,0.463,0,0,1
Male,21,Less than 25,African-American,0,1,0,1,F,arrest case no charge,Recidivated,1,African-American,test,0.542,1,1,1
Male,21,Less than 25,African-American,0,0,0,0,F,Burglary Structure Unoccup,Survived,0,African-American,train,0.53,1,1,0
Female,27,25 - 45,African-American,0,0,0,3,F,Neglect Child / Bodily Harm,Recidivated,1,African-American,train,0.505,1,0,0
Male,37,25 - 45,Caucasian,0,0,0,11,F,Deliver Cannabis,Recidivated,1,Caucasian,train,0.721,1,1,1
Male,43,25 - 45,African-American,0,0,0,18,F,arrest case no charge,Recidivated,1,African-American,test,0.864,1,1,1
Female,27,25 - 45,Caucasian,0,0,0,0,F,Possession of Cannabis,Survived,0,Caucasian,train,0.39,0,0,1
Male,44,25 - 45,Hispanic,0,0,0,0,M,Driving Under The Influence,Survived,0,Other,train,0.211,0,0,0
Male,31,25 - 45,Caucasian,0,0,0,6,M,Battery,Survived,0,Caucasian,train,0.507,1,0,1
Male,29,25 - 45,African-American,0,0,0,3,F,arrest case no charge,Recidivated,1,African-American,train,0.489,0,0,0
Female,30,25 - 45,African-American,0,0,0,0,M,Battery,Survived,0,African-American,train,0.294,0,0,0
Male,40,25 - 45,African-American,0,0,0,3,F,Driving While License Revoked,Survived,0,African-American,train,0.403,0,0,0
Male,26,25 - 45,Caucasian,0,0,0,5,F,Threat Public Servant,Recidivated,1,Caucasian,test,0.59,1,1,1
Male,31,25 - 45,Hispanic,0,1,0,1,M,Possess Cannabis/20 Grams Or Less,Survived,0,Other,test,0.298,0,0,0
Male,61,Greater than 45,Caucasian,0,0,0,1,M,DUI Property Damage/Injury,Survived,0,Caucasian,train,0.15,0,0,0
Male,48,Greater than 45,Caucasian,0,0,0,9,F,Grand Theft (Motor Vehicle),Survived,0,Caucasian,train,0.563,1,1,1
Female,40,25 - 45,Caucasian,0,0,0,0,F,Possession of Cocaine,Survived,0,Caucasian,train,0.297,0,0,0
Male,24,Less than 25,Caucasian,0,0,0,0,F,Possession Of Methamphetamine,Survived,0,Caucasian,train,0.506,1,1,1
Male,22,Less than 25,African-American,0,0,0,0,F,Grand Theft in the 3rd Degree,Recidivated,1,African-American,test,0.522,1,1,0
Male,33,25 - 45,African-American,0,0,0,4,F,Possession of Cocaine,Survived,0,African-American,train,0.496,0,0,0
Male,43,25 - 45,Caucasian,0,0,0,0,M,Driving Under The Influence,Recidivated,1,Caucasian,train,0.216,0,0,0
Male,51,Greater than 45,African-American,0,0,0,1,F,Neglect Child / No Bodily Harm,Survived,0,African-American,test,0.252,0,0,0
Male,32,25 - 45,African-American,0,0,0,14,F,Felony Driving While Lic Suspd,Recidivated,1,African-American,train,0.828,1,1,1
Male,23,Less than 25,African-American,0,0,0,2,F,arrest case no charge,Survived,0,African-American,test,0.591,1,1,1
Male,42,25 - 45,African-American,0,0,0,0,M,Battery,Recidivated,1,African-American,test,0.221,0,0,0
Female,36,25 - 45,African-American,0,0,0,7,F,Criminal Mischief,Recidivated,1,African-American,train,0.588,1,1,1
Male,31,25 - 45,African-American,0,0,0,1,F,Felony Battery (Dom Strang),Survived,0,African-American,test,0.396,0,0,0
Female,28,25 - 45,African-American,0,0,0,3,F,arrest case no charge,Recidivated,1,African-American,test,0.497,0,0,0
Male,40,25 - 45,African-American,0,0,0,1,F,arrest case no charge,Survived,0,African-American,train,0.33,0,0,0
Male,54,Greater than 45,African-American,0,0,0,6,F,Possession of Cocaine,Recidivated,1,African-American,train,0.4,0,0,0
Male,41,25 - 45,Hispanic,0,0,0,0,F,Escape,Recidivated,1,Other,train,0.29,0,0,0
Male,21,Less than 25,African-American,0,0,1,1,F,arrest case no charge,Recidivated,1,African-American,train,0.659,1,1,1
Male,52,Greater than 45,Hispanic,0,0,0,9,F,Felony Petit Theft,Recidivated,1,Other,train,0.532,1,1,1
Female,45,Greater than 45,African-American,0,0,0,1,F,Aggrav Battery w/Deadly Weapon,Survived,0,African-American,train,0.289,0,0,0
Male,29,25 - 45,African-American,0,0,0,1,M,DUI/Property Damage/Persnl Inj,Recidivated,1,African-American,train,0.335,0,0,0
Male,46,Greater than 45,African-American,0,0,0,10,F,Felony Battery (Dom Strang),Recidivated,1,African-American,train,0.616,1,1,1
Male,35,25 - 45,Caucasian,0,0,0,6,F,Battery on a Person Over 65,Recidivated,1,Caucasian,test,0.558,1,1,1
Male,48,Greater than 45,Caucasian,0,0,0,0,M,DUI Level 0.15 Or Minor In Veh,Survived,0,Caucasian,train,0.185,0,0,0
Female,29,25 - 45,African-American,0,0,3,9,M,Petit Theft $100- $300,Recidivated,1,African-American,test,0.847,1,1,1
Male,48,Greater than 45,Caucasian,0,0,0,0,M,Battery,Survived,0,Caucasian,train,0.185,0,0,0
Male,21,Less than 25,Caucasian,0,0,0,3,F,Pos Cannabis W/Intent Sel/Del,Recidivated,1,Caucasian,train,0.643,1,1,1
Male,32,25 - 45,Other,0,0,0,0,F,Tamper With Witness/Victim/CI,Recidivated,1,Other,test,0.353,0,0,0
Male,47,Greater than 45,African-American,0,0,0,0,M,Battery,Survived,0,African-American,train,0.19,0,0,0
Male,21,Less than 25,African-American,1,2,2,3,F,Criminal Mischief,Recidivated,1,African-American,test,0.825,1,1,1
Male,46,Greater than 45,African-American,0,0,0,3,M,Operating W/O Valid License,Recidivated,1,African-American,train,0.279,0,0,0
Male,21,Less than 25,Caucasian,0,0,0,0,M,Battery,Recidivated,1,Caucasian,test,0.447,0,0,1
Male,53,Greater than 45,Caucasian,0,0,0,1,M,Aggravated Assault W/Dead Weap,Survived,0,Caucasian,test,0.185,0,0,0
Female,19,Less than 25,Caucasian,0,0,0,0,F,Felony Battery w/Prior Convict,Recidivated,1,Caucasian,train,0.546,1,1,1
Male,25,25 - 45,Caucasian,0,0,0,0,M,Battery,Survived,0,Caucasian,train,0.328,0,0,0
Male,30,25 - 45,Caucasian,0,0,0,0,F,Felony DUI (level 3),Recidivated,1,Caucasian,test,0.367,0,0,0
Male,31,25 - 45,African-American,0,0,0,2,F,Driving While License Revoked,Recidivated,1,African-American,train,0.434,0,0,0
Male,28,25 - 45,Caucasian,0,0,0,3,F,arrest case no charge,Survived,0,Caucasian,train,0.497,0,0,1
Male,27,25 - 45,African-American,0,0,0,7,F,arrest case no charge,Recidivated,1,African-American,train,0.655,1,1,1
Male,35,25 - 45,Caucasian,0,0,0,0,F,Possession of Cocaine,Recidivated,1,Caucasian,train,0.331,0,0,0
Male,24,Less than 25,Hispanic,1,0,0,6,F,"Deliver 3,4 Methylenediox",Recidivated,1,Other,train,0.797,1,1,1
Male,21,Less than 25,African-American,0,0,0,0,F,Grand Theft in the 3rd Degree,Recidivated,1,African-American,train,0.53,1,1,0
Female,28,25 - 45,African-American,0,0,0,0,M,Battery,Survived,0,African-American,train,0.308,0,0,0
Female,21,Less than 25,Caucasian,0,0,0,0,F,Burglary Unoccupied Dwelling,Survived,0,Caucasian,test,0.53,1,1,1
Male,26,25 - 45,Caucasian,0,0,0,0,M,Battery,Recidivated,1,Caucasian,train,0.321,0,0,0
Male,49,Greater than 45,Caucasian,0,0,0,0,F,Possession of Cocaine,Recidivated,1,Caucasian,train,0.235,0,0,0
Male,44,25 - 45,Caucasian,0,0,0,0,F,Possession of Cocaine,Recidivated,1,Caucasian,train,0.271,0,0,0
Male,28,25 - 45,Caucasian,0,0,0,1,M,Battery,Survived,0,Caucasian,test,0.342,0,0,0
Female,35,25 - 45,African-American,0,0,0,12,F,Possession Of Alprazolam,Recidivated,1,African-American,test,0.763,1,1,1
Male,45,Greater than 45,African-American,0,0,0,15,F,Driving While License Revoked,Recidivated,1,African-American,test,0.783,1,1,1
Male,37,25 - 45,Caucasian,0,0,0,1,M,Battery,Survived,0,Caucasian,train,0.28,0,0,0
Male,24,Less than 25,African-American,0,0,0,3,F,Possession of Cocaine,Recidivated,1,African-American,train,0.62,1,1,1
Male,37,25 - 45,Caucasian,0,0,0,1,M,Battery,Recidivated,1,Caucasian,test,0.28,0,0,0
Male,49,Greater than 45,Other,0,0,0,2,F,arrest case no charge,Survived,0,Other,train,0.295,0,0,0
Male,36,25 - 45,Caucasian,0,0,0,2,F,"Poss3,4 Methylenedioxymethcath",Survived,0,Caucasian,train,0.396,0,0,1
Female,24,Less than 25,African-American,0,0,0,1,F,arrest case no charge,Survived,0,African-American,test,0.545,1,1,1
Male,35,25 - 45,Hispanic,0,0,0,0,M,Battery,Survived,0,Other,train,0.262,0,0,0
Male,23,Less than 25,African-American,0,0,0,3,F,Tampering With Physical Evidence,Survived,0,African-American,train,0.628,1,1,1
Female,30,25 - 45,African-American,0,3,2,14,F,Carrying Concealed Firearm,Recidivated,1,African-American,train,0.89,1,1,1
Male,25,25 - 45,Caucasian,0,0,0,2,M,Driving Under The Influence,Survived,0,Caucasian,train,0.4,0,0,0
Male,34,25 - 45,Hispanic,0,0,0,1,F,Grand Theft in the 3rd Degree,Recidivated,1,Other,train,0.374,0,0,0
Male,26,25 - 45,African-American,0,0,0,2,M,Battery,Survived,0,African-American,train,0.393,0,0,0
Male,60,Greater than 45,Hispanic,0,0,0,0,F,False Imprisonment,Survived,0,Other,test,0.178,0,0,0
Male,23,Less than 25,Caucasian,0,0,0,0,F,"Poss3,4 Methylenedioxymethcath",Survived,0,Caucasian,train,0.514,1,1,1
Male,40,25 - 45,Caucasian,0,0,0,4,M,Driving Under The Influence,Survived,0,Caucasian,train,0.361,0,0,0
Male,28,25 - 45,Other,0,0,0,1,F,Felony Driving While Lic Suspd,Recidivated,1,Other,train,0.42,0,0,0
Male,53,Greater than 45,Caucasian,0,0,0,1,F,arrest case no charge,Survived,0,Caucasian,train,0.24,0,0,0
Female,24,Less than 25,African-American,0,0,0,0,F,Grand Theft in the 3rd Degree,Survived,0,African-American,train,0.506,1,1,0
Male,21,Less than 25,African-American,0,0,0,1,F,Grand Theft in the 3rd Degree,Survived,0,African-American,test,0.568,1,1,1
Male,49,Greater than 45,African-American,0,0,0,3,F,arrest case no charge,Survived,0,African-American,train,0.329,0,0,0
Male,31,25 - 45,African-American,0,0,0,7,F,Poss of Firearm by Convic Felo,Recidivated,1,African-American,test,0.626,1,1,1
Male,20,Less than 25,African-American,0,0,0,1,F,Grand Theft in the 3rd Degree,Recidivated,1,African-American,train,0.576,1,1,1
Male,28,25 - 45,Caucasian,0,0,0,0,M,Battery,Survived,0,Caucasian,train,0.308,0,0,0
Male,45,Greater than 45,African-American,0,0,0,17,F,Felony Petit Theft,Recidivated,1,African-American,train,0.831,1,1,1
Male,22,Less than 25,Caucasian,0,0,0,1,F,Grand Theft in the 3rd Degree,Survived,0,Caucasian,test,0.56,1,1,1
Male,24,Less than 25,African-American,0,0,1,2,F,False Ownership Info/Pawn Item,Recidivated,1,African-American,train,0.673,1,1,1
Male,38,25 - 45,African-American,0,0,0,4,F,Sell or Offer for Sale Counterfeit Goods,Survived,0,African-American,train,0.456,0,0,0
Male,54,Greater than 45,Caucasian,0,0,0,1,M,Battery,Recidivated,1,Caucasian,train,0.18,0,0,0
Male,27,25 - 45,Hispanic,0,0,0,2,F,Lewd/Lasc Battery Pers 12+/<16,Survived,0,Other,train,0.466,0,0,1
Male,61,Greater than 45,Caucasian,0,0,0,1,F,arrest case no charge,Survived,0,Caucasian,train,0.197,0,0,0
Male,24,Less than 25,Caucasian,0,0,3,3,M,Battery,Recidivated,1,Caucasian,test,0.788,1,1,1
Male,27,25 - 45,Hispanic,0,0,0,1,F,Throw Missile Into Pub/Priv Dw,Survived,0,Other,test,0.427,0,0,0
Male,35,25 - 45,African-American,0,0,0,10,M,Viol Prot Injunc Repeat Viol,Recidivated,1,African-American,test,0.628,1,1,1
Male,30,25 - 45,African-American,0,0,0,6,F,Driving While License Revoked,Recidivated,1,African-American,test,0.597,1,1,1
Male,26,25 - 45,African-American,0,0,0,1,F,arrest case no charge,Recidivated,1,African-American,train,0.435,0,0,0
Male,42,25 - 45,African-American,0,0,0,4,M,Driving License Suspended,Survived,0,African-American,train,0.347,0,0,0
Female,53,Greater than 45,Caucasian,0,0,0,0,M,Battery,Survived,0,Caucasian,train,0.163,0,0,0
Male,26,25 - 45,African-American,0,0,0,3,M,Poss Of Controlled Substance,Survived,0,African-American,train,0.43,0,0,0
Male,22,Less than 25,African-American,0,0,0,1,F,Burglary Unoccupied Dwelling,Recidivated,1,African-American,train,0.56,1,1,1
Male,44,25 - 45,Caucasian,3,0,0,16,M,Driving Under The Influence,Survived,0,Caucasian,test,0.916,1,1,1
Male,24,Less than 25,African-American,0,1,3,4,F,Agg Assault W/int Com Fel Dome,Recidivated,1,African-American,train,0.845,1,1,1
Female,36,25 - 45,Caucasian,0,0,0,0,M,Battery,Survived,0,Caucasian,train,0.256,0,0,0
Female,54,Greater than 45,African-American,0,0,0,7,F,Fraudulent Use of Credit Card,Survived,0,African-American,test,0.438,0,0,0
Male,41,25 - 45,African-American,0,0,0,3,F,Felony Driving While Lic Suspd,Recidivated,1,African-American,train,0.395,0,0,0
Male,23,Less than 25,African-American,0,0,0,1,F,Grand Theft in the 3rd Degree,Recidivated,1,African-American,train,0.553,1,1,1
Male,20,Less than 25,African-American,0,0,0,0,F,Grand Theft in the 3rd Degree,Survived,0,African-American,train,0.538,1,1,0
Male,49,Greater than 45,African-American,0,0,0,10,F,arrest case no charge,Recidivated,1,African-American,test,0.593,1,1,1
Female,26,25 - 45,African-American,0,0,0,0,M,Possess Cannabis/20 Grams Or Less,Survived,0,African-American,test,0.321,0,0,0
Male,56,Greater than 45,Other,0,0,0,0,M,Battery,Survived,0,Other,train,0.15,0,0,0
Male,28,25 - 45,African-American,0,0,0,4,F,Burglary Structure Assault/Batt,Survived,0,African-American,test,0.536,1,1,0
Male,33,25 - 45,African-American,0,0,0,8,F,Possession of Oxycodone,Survived,0,African-American,train,0.647,1,1,1
Female,31,25 - 45,African-American,0,0,0,0,M,Battery,Survived,0,African-American,train,0.288,0,0,0
Female,32,25 - 45,African-American,0,0,0,0,F,Felony Driving While Lic Suspd,Survived,0,African-American,test,0.353,0,0,0
Male,37,25 - 45,African-American,0,0,0,9,F,Poss Cocaine/Intent To Del/Sel,Recidivated,1,African-American,train,0.654,1,1,1
Male,35,25 - 45,Caucasian,0,0,0,1,F,arrest case no charge,Survived,0,Caucasian,train,0.366,0,0,0
Female,47,Greater than 45,Caucasian,0,0,0,0,M,Prostitution/Lewd Act Assignation,Recidivated,1,Caucasian,test,0.19,0,0,0
Male,26,25 - 45,African-American,0,1,2,5,F,Shoot In Occupied Dwell,Recidivated,1,African-American,train,0.736,1,1,1
Male,19,Less than 25,Other,0,0,0,0,M,Battery,Recidivated,1,Other,test,0.463,0,0,1
Male,24,Less than 25,African-American,0,0,0,0,M,Battery,Survived,0,African-American,train,0.424,0,0,0
Male,21,Less than 25,African-American,0,1,0,1,F,Robbery / No Weapon,Survived,0,African-American,train,0.542,1,1,1
Male,54,Greater than 45,Caucasian,0,0,0,0,M,Battery,Survived,0,Caucasian,test,0.158,0,0,0
Male,49,Greater than 45,Caucasian,0,0,0,0,F,Grand Theft (Motor Vehicle),Survived,0,Caucasian,train,0.235,0,0,0
Male,42,25 - 45,Caucasian,0,0,0,1,F,arrest case no charge,Survived,0,Caucasian,train,0.316,0,0,0
Female,38,25 - 45,Hispanic,0,0,0,0,F,Possession of Cannabis,Survived,0,Other,train,0.31,0,0,0
Female,39,25 - 45,African-American,0,0,0,1,F,arrest case no charge,Survived,0,African-American,test,0.337,0,0,0
Male,28,25 - 45,Caucasian,0,0,0,0,F,Burglary Unoccupied Dwelling,Recidivated,1,Caucasian,train,0.382,0,0,1
Male,23,Less than 25,African-American,0,1,0,2,F,Burglary Unoccupied Dwelling,Survived,0,African-American,train,0.565,1,1,1
Male,23,Less than 25,African-American,0,0,0,1,M,Battery,Recidivated,1,African-American,train,0.47,0,0,0
Male,23,Less than 25,African-American,0,0,2,4,F,Possession of Cannabis,Recidivated,1,African-American,test,0.81,1,1,1
Male,24,Less than 25,Hispanic,0,0,0,0,F,Felony Battery (Dom Strang),Recidivated,1,Other,train,0.506,1,1,1
Male,26,25 - 45,African-American,0,0,0,1,M,Criminal Mischief Damage <$200,Survived,0,African-American,train,0.356,0,0,0
Male,44,25 - 45,Caucasian,0,0,0,4,F,Driving While License Revoked,Survived,0,Caucasian,train,0.409,0,0,1
Male,55,Greater than 45,Caucasian,0,0,0,1,M,DUI Property Damage/Injury,Survived,0,Caucasian,train,0.175,0,0,0
Male,36,25 - 45,African-American,0,0,0,15,F,arrest case no charge,Survived,0,African-American,test,0.832,1,1,1
Male,23,Less than 25,African-American,0,0,0,1,F,arrest case no charge,Survived,0,African-American,train,0.553,1,1,1
Male,27,25 - 45,Caucasian,0,0,0,2,F,Possession Of Alprazolam,Recidivated,1,Caucasian,test,0.466,0,0,1
Male,37,25 - 45,Caucasian,0,0,0,1,F,Possession of Cocaine,Recidivated,1,Caucasian,test,0.352,0,0,0
Male,45,Greater than 45,African-American,0,0,0,3,M,Viol Pretrial Release Dom Viol,Survived,0,African-American,train,0.286,0,0,0
Male,26,25 - 45,African-American,0,2,2,20,F,Grand Theft (Motor Vehicle),Recidivated,1,African-American,train,0.963,1,1,1
Male,22,Less than 25,Caucasian,0,0,0,0,M,DUI Level 0.15 Or Minor In Veh,Recidivated,1,Caucasian,test,0.439,0,0,1
Male,54,Greater than 45,Caucasian,0,0,0,0,M,Prostitution/Lewd Act Assignation,Survived,0,Caucasian,train,0.158,0,0,0
Male,24,Less than 25,Caucasian,0,0,0,3,F,Grand Theft in the 3rd Degree,Recidivated,1,Caucasian,train,0.62,1,1,1
Male,23,Less than 25,Hispanic,0,0,0,0,M,Leaving Acc/Unattended Veh,Survived,0,Other,train,0.432,0,0,0
Female,42,25 - 45,Caucasian,0,0,0,0,M,Driving Under The Influence,Survived,0,Caucasian,train,0.221,0,0,0
Male,27,25 - 45,African-American,0,0,0,1,M,Possess Cannabis/20 Grams Or Less,Survived,0,African-American,test,0.349,0,0,0
Male,24,Less than 25,Caucasian,0,0,0,2,M,Battery,Survived,0,Caucasian,test,0.501,1,0,1
Male,38,25 - 45,Caucasian,0,0,0,0,F,Felony Battery (Dom Strang),Survived,0,Caucasian,train,0.31,0,0,0
Male,27,25 - 45,African-American,0,0,0,1,F,Possession Burglary Tools,Recidivated,1,African-American,train,0.427,0,0,0
Male,39,25 - 45,Caucasian,0,0,0,0,F,Possession of Cocaine,Survived,0,Caucasian,test,0.303,0,0,0
Male,29,25 - 45,Caucasian,0,0,0,1,F,Possession of Cocaine,Survived,0,Caucasian,train,0.412,0,0,1
Male,36,25 - 45,Caucasian,0,0,0,1,F,Possession Of Alprazolam,Recidivated,1,Caucasian,train,0.359,0,0,0
Male,27,25 - 45,African-American,0,0,0,8,F,Felony Battery (Dom Strang),Recidivated,1,African-American,test,0.69,1,1,1
Male,27,25 - 45,African-American,0,0,0,1,M,Battery,Survived,0,African-American,train,0.349,0,0,0
Male,53,Greater than 45,African-American,0,0,0,2,F,arrest case no charge,Recidivated,1,African-American,train,0.27,0,0,0
Male,26,25 - 45,African-American,0,0,0,1,F,arrest case no charge,Recidivated,1,African-American,train,0.435,0,0,0
Male,25,25 - 45,African-American,0,0,0,2,F,arrest case no charge,Survived,0,African-American,train,0.482,0,0,0
Female,21,Less than 25,African-American,0,3,1,4,M,arrest case no charge,Recidivated,1,African-American,train,0.618,1,1,1
Male,27,25 - 45,African-American,0,0,0,2,M,Battery,Recidivated,1,African-American,test,0.385,0,0,0
Female,26,25 - 45,African-American,0,0,0,0,M,Battery,Survived,0,African-American,train,0.321,0,0,0
Male,21,Less than 25,Caucasian,0,0,0,0,F,arrest case no charge,Recidivated,1,Caucasian,train,0.53,1,1,1
Male,48,Greater than 45,Caucasian,0,0,0,0,F,Possession of Cocaine,Survived,0,Caucasian,train,0.241,0,0,0
Male,62,Greater than 45,African-American,0,0,0,3,M,DUI Property Damage/Injury,Recidivated,1,African-American,train,0.189,0,0,0
Male,28,25 - 45,African-American,1,1,0,5,F,Aggrav Stalking After Injunctn,Survived,0,African-American,train,0.645,1,1,1
Male,56,Greater than 45,Caucasian,0,0,0,1,F,Fleeing Or Attmp Eluding A Leo,Survived,0,Caucasian,train,0.223,0,0,0
Female,56,Greater than 45,Hispanic,0,0,0,2,M,Viol Injunction Protect Dom Vi,Recidivated,1,Other,train,0.194,0,0,0
Male,22,Less than 25,African-American,1,0,0,2,F,Uttering a Forged Instrument,Recidivated,1,African-American,test,0.691,1,1,1
Male,22,Less than 25,African-American,0,0,0,1,F,Grand Theft in the 3rd Degree,Recidivated,1,African-American,test,0.56,1,1,1
Female,37,25 - 45,African-American,1,0,0,7,F,Deliver Cocaine 1000FT Store,Survived,0,African-American,train,0.675,1,1,1
Female,33,25 - 45,African-American,0,0,0,3,F,Aggravated Assault W/Dead Weap,Recidivated,1,African-American,train,0.457,0,0,0
Male,61,Greater than 45,Caucasian,0,0,0,0,M,DUI Level 0.15 Or Minor In Veh,Survived,0,Caucasian,train,0.131,0,0,0
Male,21,Less than 25,African-American,0,0,0,0,M,Battery,Survived,0,African-American,test,0.447,0,0,0
Male,26,25 - 45,African-American,0,0,0,0,M,Driving Under The Influence,Survived,0,African-American,train,0.321,0,0,0
Male,30,25 - 45,African-American,0,0,0,9,F,Poss of Firearm by Convic Felo,Recidivated,1,African-American,test,0.702,1,1,1
Male,21,Less than 25,Caucasian,0,0,0,1,F,arrest case no charge,Survived,0,Caucasian,test,0.568,1,1,1
Female,54,Greater than 45,Caucasian,0,0,0,0,F,Agg Battery Grt/Bod/Harm,Recidivated,1,Caucasian,test,0.207,0,0,0
Female,21,Less than 25,African-American,0,0,0,0,F,Deliver Cocaine,Recidivated,1,African-American,test,0.53,1,1,0
Male,30,25 - 45,Caucasian,0,0,0,0,F,False Imprisonment,Recidivated,1,Caucasian,train,0.367,0,0,0
Male,30,25 - 45,African-American,0,0,0,11,F,arrest case no charge,Recidivated,1,African-American,train,0.763,1,1,1
Male,26,25 - 45,Caucasian,0,0,0,5,M,Lve/Scen/Acc/Veh/Prop/Damage,Survived,0,Caucasian,train,0.508,1,0,1
Male,67,Greater than 45,Hispanic,0,0,0,0,F,Solicitation On Felony 3 Deg,Survived,0,Other,train,0.148,0,0,0
Male,45,Greater than 45,Hispanic,0,0,0,8,F,Felony Petit Theft,Survived,0,Other,test,0.548,1,1,1
Male,22,Less than 25,African-American,0,0,1,0,F,Carjacking w/o Deadly Weapon,Survived,0,African-American,train,0.616,1,1,1
Male,41,25 - 45,African-American,0,0,0,8,F,Driving While License Revoked,Recidivated,1,African-American,train,0.587,1,1,1
Male,46,Greater than 45,Asian,0,0,0,3,F,Possession of Cocaine,Recidivated,1,Other,test,0.35,0,0,0
Male,27,25 - 45,Other,0,0,0,0,M,Battery,Survived,0,Other,train,0.314,0,0,0
Female,37,25 - 45,African-American,0,0,0,13,F,Felony Driving While Lic Suspd,Survived,0,African-American,train,0.779,1,1,1
Male,22,Less than 25,African-American,0,0,2,0,F,Burglary Conveyance Unoccup,Recidivated,1,African-American,train,0.702,1,1,1
Male,19,Less than 25,African-American,0,0,0,0,F,Pos Cannabis W/Intent Sel/Del,Recidivated,1,African-American,train,0.546,1,1,1
Male,45,Greater than 45,Caucasian,0,0,0,2,M,arrest case no charge,Survived,0,Caucasian,test,0.255,0,0,0
Female,33,25 - 45,African-American,0,0,0,5,F,Possession of Cocaine,Recidivated,1,African-American,train,0.535,1,1,1
Female,21,Less than 25,African-American,0,0,0,0,F,Possession Of Alprazolam,Survived,0,African-American,train,0.53,1,1,0
Male,33,25 - 45,Caucasian,0,0,0,3,F,arrest case no charge,Survived,0,Caucasian,train,0.457,0,0,1
Male,26,25 - 45,African-American,1,0,0,3,F,Felony Battery w/Prior Convict,Recidivated,1,African-American,train,0.612,1,1,1
Male,35,25 - 45,Hispanic,0,0,0,1,M,Battery,Recidivated,1,Other,train,0.293,0,0,0
Male,21,Less than 25,African-American,1,0,0,1,F,arrest case no charge,Survived,0,African-American,test,0.664,1,1,1
Male,44,25 - 45,Caucasian,0,0,0,0,F,Use of Anti-Shoplifting Device,Survived,0,Caucasian,test,0.271,0,0,0
Male,49,Greater than 45,Caucasian,0,0,0,1,F,Resist Officer w/Violence,Survived,0,Caucasian,train,0.264,0,0,0
Male,21,Less than 25,African-American,1,0,0,1,F,arrest case no charge,Recidivated,1,African-American,train,0.664,1,1,1
Male,31,25 - 45,Caucasian,0,0,0,6,M,DUI Property Damage/Injury,Survived,0,Caucasian,train,0.507,1,0,1
Male,30,25 - 45,African-American,0,0,0,7,F,Driving While License Revoked,Survived,0,African-American,train,0.633,1,1,1
Male,28,25 - 45,Caucasian,0,0,0,1,M,Assault,Survived,0,Caucasian,train,0.342,0,0,0
Male,48,Greater than 45,African-American,0,0,0,7,F,Possession of Cocaine,Recidivated,1,African-American,train,0.485,0,0,0
Male,44,25 - 45,African-American,0,0,0,0,F,Aggrav Child Abuse-Causes Harm,Survived,0,African-American,test,0.271,0,0,0
Female,32,25 - 45,African-American,0,0,0,0,M,Battery,Recidivated,1,African-American,train,0.281,0,0,0
Male,29,25 - 45,Hispanic,0,0,0,0,M,Battery,Survived,0,Other,train,0.301,0,0,0
Male,27,25 - 45,Hispanic,0,1,1,8,F,Possession Of Alprazolam,Recidivated,1,Other,test,0.746,1,1,1
Male,31,25 - 45,Hispanic,0,0,0,0,M,Petit Theft $100- $300,Survived,0,Other,train,0.288,0,0,0
Male,27,25 - 45,Caucasian,0,0,0,0,F,arrest case no charge,Survived,0,Caucasian,test,0.39,0,0,1
Male,21,Less than 25,African-American,0,0,0,1,F,Burglary Unoccupied Dwelling,Survived,0,African-American,train,0.568,1,1,0
Female,33,25 - 45,Caucasian,0,0,0,0,M,Susp Drivers Lic 1st Offense,Survived,0,Caucasian,train,0.275,0,0,0
Female,40,25 - 45,Hispanic,0,0,0,7,F,arrest case no charge,Recidivated,1,Other,train,0.557,1,1,1
Male,26,25 - 45,African-American,0,0,0,0,F,Grand Theft in the 3rd Degree,Survived,0,African-American,test,0.397,0,0,0
Male,31,25 - 45,African-American,0,1,0,3,F,Felony Battery (Dom Strang),Survived,0,African-American,train,0.447,0,0,0
Male,24,Less than 25,Caucasian,0,0,0,3,M,Battery,Recidivated,1,Caucasian,train,0.54,1,1,1
Male,33,25 - 45,Hispanic,0,0,0,1,M,Driving Under The Influence,Survived,0,Other,train,0.307,0,0,0
Male,28,25 - 45,African-American,0,0,0,1,F,Possession of Codeine,Survived,0,African-American,train,0.42,0,0,0
Female,45,Greater than 45,Caucasian,0,0,0,1,F,Possession Of Methamphetamine,Recidivated,1,Caucasian,train,0.289,0,0,0
Male,22,Less than 25,African-American,0,0,0,0,F,Pos Cannabis W/Intent Sel/Del,Survived,0,African-American,train,0.522,1,1,0
Male,37,25 - 45,African-American,0,0,0,3,M,Battery,Survived,0,African-American,train,0.347,0,0,0
Female,52,Greater than 45,Caucasian,0,0,0,0,M,Driving Under The Influence,Survived,0,Caucasian,train,0.167,0,0,0
Male,26,25 - 45,Caucasian,0,0,0,0,F,Aggravated Battery,Survived,0,Caucasian,test,0.397,0,0,1
Male,28,25 - 45,Caucasian,0,0,0,4,F,Possession Of Heroin,Recidivated,1,Caucasian,test,0.536,1,1,1
Male,26,25 - 45,Caucasian,0,0,0,0,M,Driving Under The Influence,Survived,0,Caucasian,train,0.321,0,0,0
Male,33,25 - 45,African-American,0,0,0,6,F,Pos Cannabis W/Intent Sel/Del,Survived,0,African-American,train,0.573,1,1,1
Male,23,Less than 25,African-American,0,0,0,0,F,Grand Theft in the 3rd Degree,Survived,0,African-American,test,0.514,1,1,0
Male,24,Less than 25,Caucasian,0,0,0,0,F,Tamper With Victim,Recidivated,1,Caucasian,test,0.506,1,1,1
Male,30,25 - 45,African-American,0,1,0,10,F,arrest case no charge,Survived,0,African-American,train,0.713,1,1,1
Male,20,Less than 25,African-American,0,0,0,1,M,Prowling/Loitering,Survived,0,African-American,train,0.494,0,0,0
Male,31,25 - 45,African-American,0,2,0,8,M,Battery,Recidivated,1,African-American,train,0.532,1,1,1
Male,55,Greater than 45,African-American,0,0,0,0,F,Pos Cannabis W/Intent Sel/Del,Recidivated,1,African-American,test,0.202,0,0,0
Male,33,25 - 45,Caucasian,0,0,0,7,F,Neglect Child / No Bodily Harm,Recidivated,1,Caucasian,test,0.611,1,1,1
Male,56,Greater than 45,African-American,0,0,0,9,M,arrest case no charge,Survived,0,African-American,train,0.418,0,0,0
Male,21,Less than 25,African-American,0,0,0,1,F,Burglary Unoccupied Dwelling,Survived,0,African-American,train,0.568,1,1,1
Male,56,Greater than 45,Caucasian,0,0,0,7,F,Felony Battery w/Prior Convict,Recidivated,1,Caucasian,test,0.422,0,0,1
Male,30,25 - 45,African-American,0,0,0,0,F,Possession of Oxycodone,Recidivated,1,African-American,train,0.367,0,0,0
Female,19,Less than 25,African-American,0,0,0,0,M,Exposes Culpable Negligence,Recidivated,1,African-American,train,0.463,0,0,0
Male,20,Less than 25,African-American,0,0,0,0,M,Battery,Recidivated,1,African-American,test,0.455,0,0,0
Male,23,Less than 25,Caucasian,0,0,0,3,M,Petit Theft,Recidivated,1,Caucasian,test,0.548,1,1,1
Male,35,25 - 45,African-American,0,1,0,14,M,Battery,Recidivated,1,African-American,train,0.739,1,1,1
Male,37,25 - 45,African-American,0,0,0,5,F,Possession of Cocaine,Survived,0,African-American,test,0.503,1,1,0
Male,48,Greater than 45,African-American,0,0,0,0,F,Felony Battery (Dom Strang),Survived,0,African-American,train,0.241,0,0,0
Male,52,Greater than 45,African-American,0,0,0,1,M,arrest case no charge,Survived,0,African-American,train,0.19,0,0,0
Male,25,25 - 45,African-American,4,0,0,13,F,arrest case no charge,Recidivated,1,African-American,train,0.963,1,1,1
Male,50,Greater than 45,Caucasian,0,0,0,10,F,Fleeing Or Attmp Eluding A Leo,Survived,0,Caucasian,train,0.586,1,1,1
Male,35,25 - 45,Caucasian,0,0,0,2,M,Battery,Survived,0,Caucasian,test,0.327,0,0,0
Male,28,25 - 45,Caucasian,0,0,0,7,F,Felony Battery,Recidivated,1,Caucasian,test,0.648,1,1,1
Female,38,25 - 45,Hispanic,0,0,0,20,F,Battery on Law Enforc Officer,Recidivated,1,Other,train,0.91,1,1,1
Male,32,25 - 45,Caucasian,0,0,0,0,F,Possession Of Methamphetamine,Survived,0,Caucasian,train,0.353,0,0,0
Male,59,Greater than 45,Caucasian,0,0,0,0,F,Possession Of Alprazolam,Survived,0,Caucasian,test,0.182,0,0,0
Male,44,25 - 45,Hispanic,0,0,0,0,M,Battery,Survived,0,Other,test,0.211,0,0,0
Male,37,25 - 45,African-American,0,0,0,22,F,arrest case no charge,Recidivated,1,African-American,train,0.935,1,1,1
Male,22,Less than 25,Caucasian,1,0,0,2,F,arrest case no charge,Survived,0,Caucasian,test,0.691,1,1,1
Male,38,25 - 45,African-American,0,0,0,8,M,Unlaw Use False Name/Identity,Recidivated,1,African-American,train,0.529,1,1,0
Male,34,25 - 45,Caucasian,0,0,0,2,F,arrest case no charge,Survived,0,Caucasian,train,0.411,0,0,1
Male,30,25 - 45,African-American,0,1,0,7,F,arrest case no charge,Survived,0,African-American,train,0.609,1,1,1
Male,46,Greater than 45,Other,0,0,0,0,F,Grand Theft in the 3rd Degree,Survived,0,Other,train,0.252,0,0,0
Male,35,25 - 45,African-American,0,0,0,0,F,Tamper With Witness/Victim/CI,Survived,0,African-American,train,0.331,0,0,0
Male,20,Less than 25,Other,0,0,0,1,F,Possession Burglary Tools,Recidivated,1,Other,train,0.576,1,1,1
Male,32,25 - 45,Hispanic,0,0,0,0,M,Driving Under The Influence,Recidivated,1,Other,train,0.281,0,0,0
Male,31,25 - 45,Caucasian,0,1,1,4,F,arrest case no charge,Recidivated,1,Caucasian,train,0.581,1,1,1
Male,31,25 - 45,Hispanic,0,0,0,0,F,Grand Theft in the 3rd Degree,Survived,0,Other,train,0.36,0,0,0
Male,39,25 - 45,African-American,0,0,0,2,M,Driving License Suspended,Survived,0,African-American,test,0.299,0,0,0
Male,51,Greater than 45,African-American,0,0,0,9,F,Possession of Cocaine,Recidivated,1,African-American,test,0.539,1,1,1
Male,23,Less than 25,Hispanic,0,0,0,0,F,Driving While License Revoked,Recidivated,1,Other,train,0.514,1,1,1
Male,37,25 - 45,African-American,0,0,0,0,M,Contribute Delinquency Of A Minor,Survived,0,African-American,train,0.25,0,0,0
Male,25,25 - 45,African-American,0,0,2,3,M,Oper Motorcycle W/O Valid DL,Survived,0,African-American,test,0.627,1,1,1
Female,27,25 - 45,African-American,0,0,0,0,F,Grand Theft in the 3rd Degree,Survived,0,African-American,train,0.39,0,0,0
Male,46,Greater than 45,African-American,0,0,0,12,M,Pos Cannabis W/Intent Sel/Del,Survived,0,African-American,test,0.612,1,1,1
Male,25,25 - 45,Caucasian,0,0,0,0,M,DUI Property Damage/Injury,Survived,0,Caucasian,test,0.328,0,0,0
Male,60,Greater than 45,African-American,0,0,0,9,F,Possession of Cocaine,Survived,0,African-American,train,0.468,0,0,0
Male,49,Greater than 45,Other,0,0,0,0,M,Battery,Recidivated,1,Other,test,0.181,0,0,0
Male,30,25 - 45,African-American,0,0,0,12,F,Driving While License Revoked,Recidivated,1,African-American,train,0.79,1,1,1
Male,21,Less than 25,African-American,0,0,0,0,F,Grand Theft in the 3rd Degree,Survived,0,African-American,train,0.53,1,1,0
Male,25,25 - 45,African-American,0,0,0,4,F,Possession of Cocaine,Recidivated,1,African-American,test,0.559,1,1,1
Female,24,Less than 25,Other,0,0,0,0,F,Neglect Child / No Bodily Harm,Survived,0,Other,train,0.506,1,1,1
Male,24,Less than 25,Other,0,1,9,2,F,Possession of Cocaine,Recidivated,1,Other,train,0.976,1,1,1
Male,37,25 - 45,Hispanic,0,0,0,5,F,Driving While License Revoked,Survived,0,Other,train,0.503,1,1,1
Male,20,Less than 25,Caucasian,0,0,0,0,F,Aiding Escape,Recidivated,1,Caucasian,train,0.538,1,1,1
Male,53,Greater than 45,Caucasian,0,0,0,1,F,Lewd or Lascivious Molestation,Survived,0,Caucasian,train,0.24,0,0,0
Male,25,25 - 45,African-American,0,0,0,5,F,Deliver Cocaine,Survived,0,African-American,train,0.597,1,1,1
Male,21,Less than 25,Caucasian,0,0,0,1,F,Carrying Concealed Firearm,Recidivated,1,Caucasian,train,0.568,1,1,1
Male,27,25 - 45,African-American,2,0,0,6,M,Driving License Suspended,Recidivated,1,African-American,train,0.725,1,1,1
Male,49,Greater than 45,African-American,0,0,0,6,M,Battery,Recidivated,1,African-American,train,0.36,0,0,0
Male,52,Greater than 45,African-American,0,0,0,7,F,Poss/pur/sell/deliver Cocaine,Recidivated,1,African-American,test,0.454,0,0,0
Male,25,25 - 45,African-American,0,0,0,1,M,Susp Drivers Lic 1st Offense,Survived,0,African-American,train,0.363,0,0,0
Male,56,Greater than 45,Caucasian,0,0,0,2,F,Felony/Driving Under Influence,Survived,0,Caucasian,test,0.251,0,0,0
Male,23,Less than 25,African-American,0,0,0,1,M,arrest case no charge,Recidivated,1,African-American,train,0.47,0,0,0
Male,23,Less than 25,African-American,0,0,0,0,F,Grand Theft in the 3rd Degree,Recidivated,1,African-American,train,0.514,1,1,0
Male,30,25 - 45,African-American,0,0,0,4,M,Susp Drivers Lic 1st Offense,Survived,0,African-American,train,0.437,0,0,0
Male,37,25 - 45,Other,0,0,0,4,M,arrest case no charge,Recidivated,1,Other,train,0.384,0,0,0
Male,23,Less than 25,African-American,0,0,0,1,F,Possession of Cannabis,Survived,0,African-American,train,0.553,1,1,1
Male,41,25 - 45,Hispanic,0,0,0,19,F,Felony Petit Theft,Recidivated,1,Other,train,0.888,1,1,1
Male,26,25 - 45,African-American,0,0,0,2,F,Grand Theft (Motor Vehicle),Recidivated,1,African-American,test,0.474,0,0,0
Male,55,Greater than 45,Caucasian,0,0,0,1,F,arrest case no charge,Recidivated,1,Caucasian,train,0.229,0,0,0
Male,24,Less than 25,African-American,0,0,0,0,F,Grand Theft in the 3rd Degree,Recidivated,1,African-American,train,0.506,1,1,0
Male,33,25 - 45,Caucasian,0,1,0,5,M,Battery,Recidivated,1,Caucasian,train,0.426,0,0,0
Male,23,Less than 25,Caucasian,0,0,0,0,F,Pos Cannabis W/Intent Sel/Del,Survived,0,Caucasian,train,0.514,1,1,1
Male,51,Greater than 45,Caucasian,0,0,0,0,M,Battery,Survived,0,Caucasian,train,0.171,0,0,0
Female,35,25 - 45,African-American,0,0,0,3,M,Battery,Recidivated,1,African-American,test,0.362,0,0,0
Male,29,25 - 45,African-American,0,0,0,2,F,Introduce Contraband Into Jail,Survived,0,African-American,train,0.45,0,0,0
Male,57,Greater than 45,Caucasian,0,0,0,0,M,Prowling/Loitering,Survived,0,Caucasian,test,0.146,0,0,0
Male,23,Less than 25,African-American,0,0,0,3,F,arrest case no charge,Recidivated,1,African-American,train,0.628,1,1,1
Male,36,25 - 45,Caucasian,0,0,0,9,M,arrest case no charge,Recidivated,1,Caucasian,train,0.583,1,1,1
Male,27,25 - 45,African-American,0,0,0,3,M,Battery,Recidivated,1,African-American,test,0.423,0,0,0
Male,28,25 - 45,African-American,0,1,0,6,F,Grand Theft in the 3rd Degree,Recidivated,1,African-American,test,0.586,1,1,1
Male,26,25 - 45,Caucasian,0,0,0,1,F,arrest case no charge,Recidivated,1,Caucasian,test,0.435,0,0,1
Male,25,25 - 45,Caucasian,0,0,0,1,F,"Poss3,4 Methylenedioxymethcath",Survived,0,Caucasian,train,0.443,0,0,1
Male,28,25 - 45,African-American,0,0,0,3,M,Carrying Concealed Firearm,Survived,0,African-American,test,0.415,0,0,0
Male,37,25 - 45,African-American,0,0,0,2,F,Driving While License Revoked,Recidivated,1,African-American,test,0.388,0,0,0
Male,44,25 - 45,African-American,0,0,0,0,F,arrest case no charge,Survived,0,African-American,train,0.271,0,0,0
Male,47,Greater than 45,African-American,0,0,0,1,M,Battery,Recidivated,1,African-American,train,0.215,0,0,0
Male,58,Greater than 45,Caucasian,0,0,0,3,F,Felony Battery w/Prior Convict,Survived,0,Caucasian,train,0.269,0,0,0
Male,48,Greater than 45,Caucasian,0,0,0,3,F,Possession of Hydromorphone,Survived,0,Caucasian,test,0.336,0,0,0
Female,53,Greater than 45,African-American,0,0,0,10,F,Aggravated Assault W/dead Weap,Recidivated,1,African-American,test,0.562,1,1,1
Male,38,25 - 45,Other,0,0,0,1,M,Battery,Survived,0,Other,train,0.274,0,0,0
Male,22,Less than 25,Caucasian,0,0,3,0,M,Possess Tobacco Product Under 18,Survived,0,Caucasian,train,0.713,1,1,1
Male,26,25 - 45,Caucasian,0,0,0,9,M,Possess Cannabis/20 Grams Or Less,Recidivated,1,Caucasian,train,0.658,1,1,1
Female,48,Greater than 45,Other,0,0,0,0,F,Aggrav Battery w/Deadly Weapon,Survived,0,Other,train,0.241,0,0,0
Male,23,Less than 25,African-American,0,0,0,4,F,Poss Cntrft Contr Sub w/Intent,Recidivated,1,African-American,test,0.664,1,1,1
Female,22,Less than 25,Caucasian,0,0,0,2,M,Possess Cannabis/20 Grams Or Less,Survived,0,Caucasian,train,0.517,1,1,1
Female,54,Greater than 45,Caucasian,0,0,0,1,M,Resist/Obstruct W/O Violence,Survived,0,Caucasian,train,0.18,0,0,0
Male,24,Less than 25,Caucasian,0,2,0,6,F,arrest case no charge,Survived,0,Caucasian,test,0.679,1,1,1
Female,25,25 - 45,Caucasian,0,0,0,2,F,Escape,Survived,0,Caucasian,train,0.482,0,0,1
Male,35,25 - 45,African-American,0,0,0,0,F,Tampering With Physical Evidence,Survived,0,African-American,train,0.331,0,0,0
Male,30,25 - 45,African-American,0,0,0,5,F,Aggravated Assault w/Firearm,Recidivated,1,African-American,train,0.559,1,1,1
Male,64,Greater than 45,Caucasian,0,0,0,8,F,Driving While License Revoked,Survived,0,Caucasian,train,0.399,0,0,1
Female,45,Greater than 45,Caucasian,0,1,0,7,F,arrest case no charge,Recidivated,1,Caucasian,train,0.483,0,0,1
Male,37,25 - 45,African-American,0,0,0,3,M,Battery,Survived,0,African-American,train,0.347,0,0,0
Male,60,Greater than 45,Hispanic,0,0,0,4,F,Grand Theft in the 3rd Degree,Survived,0,Other,test,0.287,0,0,0
Male,60,Greater than 45,African-American,0,0,0,19,F,Possession of Cocaine,Recidivated,1,African-American,test,0.807,1,1,1
Male,56,Greater than 45,African-American,0,0,0,24,F,Felony Petit Theft,Survived,0,African-American,train,0.912,1,1,1
Male,25,25 - 45,Caucasian,0,1,0,9,F,Burglary Dwelling Occupied,Recidivated,1,Caucasian,train,0.713,1,1,1
Male,24,Less than 25,African-American,0,0,0,3,F,Crimin Mischief Damage $1000+,Recidivated,1,African-American,train,0.62,1,1,1
Male,23,Less than 25,Hispanic,0,0,0,3,F,Burglary Conveyance Unoccup,Recidivated,1,Other,train,0.628,1,1,1
Male,25,25 - 45,African-American,0,0,0,1,F,Possession of Hydrocodone,Recidivated,1,African-American,test,0.443,0,0,0
Male,32,25 - 45,African-American,0,0,4,9,F,Burglary Unoccupied Dwelling,Survived,0,African-American,test,0.912,1,1,1
Male,22,Less than 25,African-American,0,0,0,1,F,Grand Theft in the 3rd Degree,Survived,0,African-American,train,0.56,1,1,0
Male,29,25 - 45,African-American,0,0,0,1,M,Battery,Recidivated,1,African-American,train,0.335,0,0,0
Female,26,25 - 45,African-American,0,0,0,3,F,Aggravated Assault W/dead Weap,Survived,0,African-American,train,0.513,1,1,0
Male,54,Greater than 45,Caucasian,0,0,0,2,M,Battery,Survived,0,Caucasian,train,0.204,0,0,0
Male,59,Greater than 45,African-American,0,0,0,1,F,Possession of Cocaine,Survived,0,African-American,train,0.207,0,0,0
Male,22,Less than 25,African-American,0,0,1,0,F,Uttering a Forged Instrument,Recidivated,1,African-American,train,0.616,1,1,1
Male,64,Greater than 45,African-American,0,0,0,20,F,Driving While License Revoked,Survived,0,African-American,train,0.811,1,1,1
Female,22,Less than 25,African-American,0,0,0,0,F,Grand Theft in the 3rd Degree,Survived,0,African-American,train,0.522,1,1,0
Male,24,Less than 25,African-American,0,0,0,5,F,Felony Driving While Lic Suspd,Recidivated,1,African-American,test,0.691,1,1,1
Female,30,25 - 45,African-American,0,0,0,3,F,Felony Driving While Lic Suspd,Recidivated,1,African-American,test,0.481,0,0,0
Male,29,25 - 45,Hispanic,0,0,0,0,F,Traff In Cocaine <400g>150 Kil,Recidivated,1,Other,train,0.375,0,0,0
Male,37,25 - 45,Other,0,0,0,0,M,Battery,Survived,0,Other,test,0.25,0,0,0
Male,23,Less than 25,Caucasian,0,0,1,3,F,arrest case no charge,Recidivated,1,Caucasian,test,0.713,1,1,1
Female,32,25 - 45,African-American,0,0,0,0,M,Battery,Survived,0,African-American,train,0.281,0,0,0
Male,27,25 - 45,African-American,0,0,0,2,M,Battery,Recidivated,1,African-American,train,0.385,0,0,0
Female,30,25 - 45,African-American,0,0,0,1,M,Driving Under The Influence,Survived,0,African-American,test,0.328,0,0,0
Female,47,Greater than 45,African-American,0,0,0,0,M,Disorderly Intoxication,Survived,0,African-American,train,0.19,0,0,0
Male,24,Less than 25,Caucasian,0,0,0,0,F,Grand Theft in the 3rd Degree,Recidivated,1,Caucasian,train,0.506,1,1,1
Male,52,Greater than 45,African-American,0,0,0,0,F,Neglect Child / Bodily Harm,Recidivated,1,African-American,test,0.218,0,0,0
Male,25,25 - 45,African-American,0,0,1,5,F,Poss Meth/Diox/Meth/Amp (MDMA),Recidivated,1,African-American,train,0.686,1,1,1
Male,62,Greater than 45,Caucasian,0,0,0,3,M,Battery,Survived,0,Caucasian,test,0.189,0,0,0
Male,24,Less than 25,African-American,0,0,1,2,F,Trans/Harm/Material to a Minor,Recidivated,1,African-American,train,0.673,1,1,1
Male,37,25 - 45,Hispanic,0,0,0,3,M,Felony Battery (Dom Strang),Recidivated,1,Other,test,0.347,0,0,0
Male,25,25 - 45,Caucasian,0,2,1,9,F,arrest case no charge,Survived,0,Caucasian,train,0.767,1,1,1
Male,21,Less than 25,African-American,0,0,1,0,M,Battery,Recidivated,1,African-American,train,0.543,1,1,1
Male,29,25 - 45,African-American,0,0,0,5,F,Possession of Cannabis,Recidivated,1,African-American,train,0.566,1,1,1
Male,52,Greater than 45,African-American,0,0,0,0,M,Battery,Recidivated,1,African-American,train,0.167,0,0,0
Male,31,25 - 45,Other,0,0,0,3,M,Battery,Recidivated,1,Other,train,0.392,0,0,0
Male,50,Greater than 45,Caucasian,0,0,0,0,M,DUI Property Damage/Injury,Survived,0,Caucasian,test,0.176,0,0,0
Male,27,25 - 45,African-American,0,0,0,0,M,Battery,Survived,0,African-American,test,0.314,0,0,0
Male,31,25 - 45,Caucasian,0,0,0,4,F,Felony Petit Theft,Recidivated,1,Caucasian,train,0.512,1,1,1
Female,24,Less than 25,African-American,0,0,0,2,M,Unlaw LicTag/Sticker Attach,Survived,0,African-American,train,0.501,1,0,0
Male,24,Less than 25,African-American,0,0,0,4,F,Grand Theft (Motor Vehicle),Recidivated,1,African-American,train,0.656,1,1,1
Male,30,25 - 45,Caucasian,0,0,0,0,M,Possess Cannabis/20 Grams Or Less,Recidivated,1,Caucasian,train,0.294,0,0,0
Male,41,25 - 45,Caucasian,0,0,0,0,F,Possession of Cocaine,Survived,0,Caucasian,test,0.29,0,0,0
Male,32,25 - 45,African-American,0,0,0,2,F,Possession of Cocaine,Recidivated,1,African-American,train,0.427,0,0,0
Male,55,Greater than 45,Caucasian,0,0,0,0,M,Battery,Recidivated,1,Caucasian,train,0.154,0,0,0
Male,28,25 - 45,African-American,1,0,0,7,F,Grand Theft in the 3rd Degree,Recidivated,1,African-American,train,0.734,1,1,1
Male,27,25 - 45,Caucasian,0,0,0,0,M,DUI Level 0.15 Or Minor In Veh,Recidivated,1,Caucasian,test,0.314,0,0,0
Female,20,Less than 25,African-American,0,0,0,1,F,Battery on Law Enforc Officer,Recidivated,1,African-American,train,0.576,1,1,0
Male,36,25 - 45,African-American,0,0,0,2,F,Driving While License Revoked,Recidivated,1,African-American,train,0.396,0,0,0
Female,39,25 - 45,Hispanic,0,0,2,10,F,Battery on a Person Over 65,Recidivated,1,Other,test,0.817,1,1,1
Male,25,25 - 45,African-American,0,1,1,10,F,Deliver Cocaine,Recidivated,1,African-American,train,0.81,1,1,1
Male,69,Greater than 45,Other,0,0,0,0,M,Battery,Survived,0,Other,test,0.104,0,0,0
Male,21,Less than 25,Hispanic,0,0,0,0,F,Grand Theft in the 3rd Degree,Survived,0,Other,train,0.53,1,1,1
Male,21,Less than 25,African-American,0,0,0,1,F,Tampering With Physical Evidence,Recidivated,1,African-American,test,0.568,1,1,1
Male,34,25 - 45,African-American,0,0,0,5,M,Battery,Survived,0,African-American,train,0.444,0,0,0
Male,52,Greater than 45,Caucasian,0,0,0,0,M,Battery,Survived,0,Caucasian,train,0.167,0,0,0
Male,21,Less than 25,African-American,0,0,0,0,F,arrest case no charge,Survived,0,African-American,train,0.53,1,1,0
Female,32,25 - 45,Caucasian,0,0,0,0,F,Grand Theft in the 3rd Degree,Survived,0,Caucasian,train,0.353,0,0,0
Male,49,Greater than 45,Caucasian,0,0,0,5,F,Robbery / No Weapon,Recidivated,1,Caucasian,train,0.401,0,0,1
Male,28,25 - 45,African-American,0,0,0,5,F,Crim Use of Personal ID Info,Recidivated,1,African-American,train,0.574,1,1,1
Female,27,25 - 45,Caucasian,0,0,0,0,M,Battery,Survived,0,Caucasian,test,0.314,0,0,0
Male,48,Greater than 45,Caucasian,0,0,0,20,F,Possession of Cocaine,Recidivated,1,Caucasian,test,0.877,1,1,1
Male,20,Less than 25,African-American,0,0,0,0,M,Battery,Recidivated,1,African-American,test,0.455,0,0,0
Male,49,Greater than 45,Other,0,0,0,7,F,Child Abuse,Recidivated,1,Other,train,0.478,0,0,1
Male,42,25 - 45,Other,0,0,0,6,M,Assault,Survived,0,Other,train,0.42,0,0,0
Male,21,Less than 25,African-American,0,0,0,1,F,Grand Theft in the 3rd Degree,Recidivated,1,African-American,test,0.568,1,1,1
Male,27,25 - 45,Caucasian,0,0,0,1,M,Battery,Survived,0,Caucasian,train,0.349,0,0,0
Male,35,25 - 45,Caucasian,0,0,0,0,M,Battery,Recidivated,1,Caucasian,test,0.262,0,0,0
Male,47,Greater than 45,Caucasian,0,0,0,0,M,Battery,Survived,0,Caucasian,train,0.19,0,0,0
Male,44,25 - 45,Caucasian,0,0,0,2,M,Battery,Survived,0,Caucasian,train,0.267,0,0,0
Male,56,Greater than 45,Hispanic,0,0,0,0,F,Poss Cocaine/Intent To Del/Sel,Survived,0,Other,test,0.197,0,0,0
Male,23,Less than 25,African-American,0,0,0,0,M,Battery,Survived,0,African-American,test,0.432,0,0,0
Male,54,Greater than 45,African-American,0,0,0,10,F,Possession of Cocaine,Survived,0,African-American,train,0.554,1,1,1
Male,38,25 - 45,Caucasian,0,0,0,17,F,Felony Petit Theft,Survived,0,Caucasian,test,0.864,1,1,1
Female,52,Greater than 45,Caucasian,0,0,0,0,F,Felony Petit Theft,Recidivated,1,Caucasian,train,0.218,0,0,0
Female,30,25 - 45,Caucasian,0,0,0,9,F,arrest case no charge,Recidivated,1,Caucasian,test,0.702,1,1,1
Male,29,25 - 45,Caucasian,0,0,0,0,M,Battery,Survived,0,Caucasian,train,0.301,0,0,0
Male,26,25 - 45,Caucasian,0,0,0,0,M,Criminal Mischief>$200<$1000,Survived,0,Caucasian,train,0.321,0,0,0
Female,58,Greater than 45,Other,0,0,0,0,F,Harass Witness/Victm/Informnt,Survived,0,Other,train,0.187,0,0,0
Male,20,Less than 25,Caucasian,0,0,2,1,F,Grand Theft of the 2nd Degree,Recidivated,1,Caucasian,train,0.746,1,1,1
Male,21,Less than 25,African-American,0,0,0,0,F,Burglary Unoccupied Dwelling,Survived,0,African-American,test,0.53,1,1,0
Male,46,Greater than 45,African-American,0,0,0,3,F,arrest case no charge,Survived,0,African-American,train,0.35,0,0,0
Male,35,25 - 45,Hispanic,0,0,0,5,F,Possession of Cocaine,Survived,0,Other,train,0.519,1,1,1
Female,30,25 - 45,African-American,0,0,0,0,M,Battery,Survived,0,African-American,test,0.294,0,0,0
Male,30,25 - 45,Caucasian,0,0,0,4,F,Use of Anti-Shoplifting Device,Survived,0,Caucasian,train,0.52,1,1,1
Male,47,Greater than 45,African-American,0,0,0,1,F,Possession of Cocaine,Survived,0,African-American,test,0.277,0,0,0
Male,24,Less than 25,Caucasian,0,0,2,1,F,Possession Of Alprazolam,Survived,0,Caucasian,train,0.721,1,1,1
Male,45,Greater than 45,Caucasian,0,0,0,3,F,Aggrav Stalking After Injunctn,Survived,0,Caucasian,train,0.358,0,0,0
Male,61,Greater than 45,Caucasian,0,0,0,0,M,Driving Under The Influence,Survived,0,Caucasian,train,0.131,0,0,0
Male,42,25 - 45,Caucasian,0,0,0,3,F,Solicitation On Felony 3 Deg,Recidivated,1,Caucasian,train,0.387,0,0,1
Male,67,Greater than 45,Caucasian,0,0,0,0,F,Grand Theft in the 3rd Degree,Recidivated,1,Caucasian,train,0.148,0,0,0
Male,44,25 - 45,African-American,0,0,0,0,F,arrest case no charge,Survived,0,African-American,train,0.271,0,0,0
Male,65,Greater than 45,Caucasian,0,0,0,3,F,Burglary Unoccupied Dwelling,Survived,0,Caucasian,test,0.227,0,0,0
Female,35,25 - 45,African-American,0,0,0,2,F,arrest case no charge,Survived,0,African-American,train,0.403,0,0,0
Male,29,25 - 45,African-American,0,1,0,2,M,Battery,Recidivated,1,African-American,train,0.346,0,0,0
Male,62,Greater than 45,African-American,0,0,0,13,F,Retail Theft $300 1st Offense,Recidivated,1,African-American,train,0.606,1,1,1
Male,31,25 - 45,Hispanic,0,0,0,8,F,Driving While License Revoked,Recidivated,1,Other,train,0.662,1,1,1
Female,56,Greater than 45,African-American,0,0,0,1,F,Possession of Cocaine,Survived,0,African-American,train,0.223,0,0,0
Male,33,25 - 45,Caucasian,0,0,0,10,M,Battery,Survived,0,Caucasian,train,0.643,1,1,1
Male,55,Greater than 45,Caucasian,0,0,0,0,M,Battery,Survived,0,Caucasian,train,0.154,0,0,0
Male,26,25 - 45,African-American,0,0,0,2,F,Burglary Conveyance Unoccup,Recidivated,1,African-American,test,0.474,0,0,0
Male,25,25 - 45,African-American,0,0,0,3,F,Possession of Cocaine,Recidivated,1,African-American,train,0.521,1,1,0
Female,65,Greater than 45,Caucasian,0,0,0,1,M,Lve/Scen/Acc/Veh/Prop/Damage,Recidivated,1,Caucasian,train,0.134,0,0,0
Female,31,25 - 45,African-American,0,0,0,0,F,Felony Driving While Lic Suspd,Recidivated,1,African-American,train,0.36,0,0,0
Female,24,Less than 25,African-American,0,0,0,0,M,Battery,Survived,0,African-American,train,0.424,0,0,0
Female,28,25 - 45,African-American,0,0,0,3,F,Grand Theft in the 3rd Degree,Survived,0,African-American,train,0.497,0,0,0
Male,22,Less than 25,Caucasian,0,0,0,2,F,Possession of Cocaine,Recidivated,1,Caucasian,train,0.598,1,1,1
Male,31,25 - 45,Caucasian,0,0,0,0,M,Viol Injunct Domestic Violence,Survived,0,Caucasian,train,0.288,0,0,0
Male,24,Less than 25,African-American,0,0,0,1,M,Battery,Recidivated,1,African-American,train,0.462,0,0,0
Male,33,25 - 45,African-American,0,0,0,0,F,Burglary Conveyance Unoccup,Survived,0,African-American,train,0.345,0,0,0
Male,45,Greater than 45,Other,0,0,0,0,M,Battery,Survived,0,Other,test,0.2,0,0,0
Male,23,Less than 25,Hispanic,0,0,0,6,M,Possess Cannabis/20 Grams Or Less,Survived,0,Other,train,0.659,1,1,1
Female,25,25 - 45,African-American,0,0,0,4,F,arrest case no charge,Recidivated,1,African-American,train,0.559,1,1,0
Male,25,25 - 45,Other,0,0,0,1,F,Possession of Cocaine,Survived,0,Other,train,0.443,0,0,0
Male,49,Greater than 45,African-American,0,0,0,1,M,Assault,Survived,0,African-American,train,0.205,0,0,0
Male,50,Greater than 45,Caucasian,0,0,0,0,F,Felony Battery (Dom Strang),Recidivated,1,Caucasian,train,0.229,0,0,0
Male,28,25 - 45,African-American,0,2,0,21,F,Driving While License Revoked,Survived,0,African-American,train,0.93,1,1,1
Female,26,25 - 45,African-American,0,0,0,3,F,Pos Cannabis W/Intent Sel/Del,Recidivated,1,African-American,train,0.513,1,1,0
Male,26,25 - 45,Hispanic,0,0,0,1,M,Reckless Driving,Survived,0,Other,test,0.356,0,0,0
Female,27,25 - 45,Caucasian,0,0,0,2,F,arrest case no charge,Recidivated,1,Caucasian,test,0.466,0,0,1
Female,51,Greater than 45,Hispanic,0,0,0,2,M,Battery,Survived,0,Other,train,0.22,0,0,0
Male,57,Greater than 45,African-American,0,0,0,8,M,DUI Level 0.15 Or Minor In Veh,Recidivated,1,African-American,test,0.373,0,0,0
Male,33,25 - 45,African-American,0,0,0,4,F,Felony Driving While Lic Suspd,Recidivated,1,African-American,train,0.496,0,0,0
Male,22,Less than 25,Caucasian,0,0,0,0,M,Battery,Recidivated,1,Caucasian,train,0.439,0,0,1
Male,40,25 - 45,African-American,0,0,0,3,F,Fleeing Or Attmp Eluding A Leo,Recidivated,1,African-American,train,0.403,0,0,0
Male,32,25 - 45,African-American,0,3,0,10,F,Sexual Battery / Vict 12 Yrs +,Recidivated,1,African-American,train,0.653,1,1,1
Male,32,25 - 45,African-American,0,0,0,1,F,arrest case no charge,Survived,0,African-American,train,0.389,0,0,0
Male,19,Less than 25,African-American,0,1,0,2,F,Grand Theft in the 3rd Degree,Recidivated,1,African-American,train,0.596,1,1,1
Male,23,Less than 25,African-American,0,0,0,6,F,Uttering a Forged Instrument,Recidivated,1,African-American,test,0.729,1,1,1
Male,25,25 - 45,African-American,0,0,0,1,F,arrest case no charge,Survived,0,African-American,test,0.443,0,0,0
Male,42,25 - 45,African-American,0,0,0,6,F,Felony Battery w/Prior Convict,Recidivated,1,African-American,train,0.502,1,1,0
Male,29,25 - 45,Caucasian,0,0,0,1,M,Driving License Suspended,Survived,0,Caucasian,test,0.335,0,0,0
Male,32,25 - 45,Caucasian,0,2,1,10,F,Crlty Twrd Child Urge Oth Act,Recidivated,1,Caucasian,test,0.755,1,1,1
Male,23,Less than 25,Caucasian,0,0,0,4,M,Battery,Recidivated,1,Caucasian,test,0.586,1,1,1
Male,42,25 - 45,African-American,0,0,0,9,F,Possession of Cannabis,Recidivated,1,African-American,train,0.617,1,1,1
Male,26,25 - 45,Caucasian,0,0,0,1,F,Grand Theft (Motor Vehicle),Recidivated,1,Caucasian,train,0.435,0,0,1
Male,33,25 - 45,African-American,0,0,0,2,F,Grand Theft in the 3rd Degree,Recidivated,1,African-American,test,0.419,0,0,0
Male,25,25 - 45,African-American,0,1,0,4,F,arrest case no charge,Recidivated,1,African-American,test,0.533,1,1,0
Male,32,25 - 45,African-American,0,0,0,0,F,False Imprisonment,Recidivated,1,African-American,train,0.353,0,0,0
Male,34,25 - 45,Hispanic,0,0,0,14,F,Grand Theft in the 3rd Degree,Recidivated,1,Other,train,0.819,1,1,1
Female,29,25 - 45,Caucasian,0,0,0,0,M,Battery,Survived,0,Caucasian,train,0.301,0,0,0
Male,29,25 - 45,Caucasian,0,0,0,0,M,Poss Of Controlled Substance,Survived,0,Caucasian,train,0.301,0,0,0
Male,27,25 - 45,African-American,0,0,0,6,F,Possession Burglary Tools,Recidivated,1,African-American,train,0.619,1,1,1
Female,31,25 - 45,Caucasian,0,0,2,2,F,arrest case no charge,Recidivated,1,Caucasian,test,0.624,1,1,1
Male,30,25 - 45,African-American,0,0,0,8,F,arrest case no charge,Recidivated,1,African-American,test,0.669,1,1,1
Male,59,Greater than 45,African-American,0,0,0,8,F,Possession of Cocaine,Survived,0,African-American,train,0.437,0,0,0
Male,21,Less than 25,Caucasian,0,0,0,1,M,Battery,Recidivated,1,Caucasian,train,0.486,0,0,1
Male,27,25 - 45,African-American,0,0,0,6,F,Felony Petit Theft,Recidivated,1,African-American,train,0.619,1,1,1
Female,24,Less than 25,Caucasian,0,0,1,2,F,Obtain Control Substance By Fraud,Survived,0,Caucasian,train,0.673,1,1,1
Male,30,25 - 45,Caucasian,0,1,1,3,F,Tampering with a Victim,Survived,0,Caucasian,train,0.55,1,1,1
Male,21,Less than 25,African-American,0,0,0,1,F,Burglary Dwelling Armed,Recidivated,1,African-American,train,0.568,1,1,1
Female,49,Greater than 45,African-American,0,0,0,1,F,Felony Driving While Lic Suspd,Survived,0,African-American,train,0.264,0,0,0
Female,37,25 - 45,Caucasian,0,0,0,7,F,False Ownership Info/Pawn Item,Recidivated,1,Caucasian,train,0.58,1,1,1
Male,23,Less than 25,Other,0,2,0,7,F,Carrying Concealed Firearm,Recidivated,1,Other,train,0.718,1,1,1
Male,31,25 - 45,Caucasian,0,0,0,0,F,Possession of Cocaine,Survived,0,Caucasian,test,0.36,0,0,0
Male,26,25 - 45,African-American,1,3,0,24,M,Resist/Obstruct W/O Violence,Recidivated,1,African-American,test,0.956,1,1,1
Male,27,25 - 45,African-American,0,0,0,1,F,arrest case no charge,Survived,0,African-American,train,0.427,0,0,0
Male,46,Greater than 45,Caucasian,0,0,0,0,F,Possession of Cocaine,Survived,0,Caucasian,test,0.252,0,0,0
Female,31,25 - 45,Caucasian,0,0,0,2,F,Possession of Cocaine,Recidivated,1,Caucasian,test,0.434,0,0,0
Male,25,25 - 45,Caucasian,0,0,1,6,M,Petit Theft,Recidivated,1,Caucasian,test,0.647,1,1,1
Male,40,25 - 45,African-American,0,0,0,5,F,arrest case no charge,Recidivated,1,African-American,train,0.479,0,0,0
Male,21,Less than 25,African-American,0,0,0,0,F,Burglary Conveyance Unoccup,Recidivated,1,African-American,train,0.53,1,1,0
Male,20,Less than 25,African-American,0,1,0,2,F,Possession of Cocaine,Recidivated,1,African-American,train,0.588,1,1,1
Male,31,25 - 45,African-American,5,0,0,10,F,arrest case no charge,Recidivated,1,African-American,train,0.953,1,1,1
Male,25,25 - 45,African-American,0,0,0,0,M,Battery,Survived,0,African-American,train,0.328,0,0,0
Male,31,25 - 45,African-American,0,0,0,3,F,Burglary Dwelling Assault/Batt,Recidivated,1,African-American,test,0.473,0,0,0
Female,25,25 - 45,Caucasian,0,0,0,0,M,Driving Under The Influence,Survived,0,Caucasian,train,0.328,0,0,0
Male,35,25 - 45,African-American,0,0,0,2,M,Possess Cannabis/20 Grams Or Less,Survived,0,African-American,train,0.327,0,0,0
Male,34,25 - 45,African-American,0,0,0,1,M,arrest case no charge,Recidivated,1,African-American,train,0.3,0,0,0
Male,27,25 - 45,Caucasian,0,0,1,18,F,Felony Petit Theft,Recidivated,1,Caucasian,test,0.939,1,1,1
Female,38,25 - 45,African-American,0,0,0,3,F,Driving While License Revoked,Recidivated,1,African-American,test,0.418,0,0,0
Male,53,Greater than 45,African-American,0,0,0,6,M,Petit Theft,Recidivated,1,African-American,train,0.331,0,0,0
Female,50,Greater than 45,African-American,0,0,0,4,F,Aggrav Battery w/Deadly Weapon,Survived,0,African-American,train,0.357,0,0,0
Female,23,Less than 25,Caucasian,0,0,0,1,M,Battery,Survived,0,Caucasian,train,0.47,0,0,1
Male,38,25 - 45,African-American,0,0,0,1,M,Battery,Survived,0,African-American,train,0.274,0,0,0
Female,54,Greater than 45,Caucasian,0,0,0,2,F,arrest case no charge,Survived,0,Caucasian,test,0.263,0,0,0
Male,37,25 - 45,African-American,1,8,5,23,F,Deliver Cocaine,Recidivated,1,African-American,train,0.987,1,1,1
Male,36,25 - 45,African-American,0,2,1,25,M,Battery,Recidivated,1,African-American,train,0.953,1,1,1
Male,28,25 - 45,African-American,0,0,0,18,F,Deliver Cannabis,Recidivated,1,African-American,test,0.911,1,1,1
Male,36,25 - 45,African-American,0,0,0,11,F,Driving While License Revoked,Survived,0,African-American,test,0.727,1,1,1
Male,22,Less than 25,Other,0,0,0,0,F,False Imprisonment,Recidivated,1,Other,train,0.522,1,1,1
Male,33,25 - 45,Caucasian,0,0,0,0,F,Possession of Hydromorphone,Survived,0,Caucasian,train,0.345,0,0,0
Male,26,25 - 45,African-American,0,0,0,7,F,Poss Cocaine/Intent To Del/Sel,Survived,0,African-American,train,0.662,1,1,1
Female,27,25 - 45,African-American,0,0,0,0,M,Battery,Recidivated,1,African-American,test,0.314,0,0,0
Male,50,Greater than 45,Caucasian,0,0,0,1,F,Aggrav Battery w/Deadly Weapon,Survived,0,Caucasian,train,0.258,0,0,0
Male,52,Greater than 45,Caucasian,0,0,0,1,F,arrest case no charge,Survived,0,Caucasian,train,0.246,0,0,0
Male,38,25 - 45,African-American,0,0,0,0,F,Aggrav Battery w/Deadly Weapon,Survived,0,African-American,train,0.31,0,0,0
Male,71,Greater than 45,Caucasian,0,0,0,13,F,Felony Driving While Lic Suspd,Survived,0,Caucasian,test,0.536,1,1,1
Male,27,25 - 45,African-American,0,4,4,9,F,Poss Pyrrolidinovalerophenone W/I/D/S,Recidivated,1,African-American,train,0.888,1,1,1
Female,36,25 - 45,African-American,0,0,0,5,F,Battery on Law Enforc Officer,Recidivated,1,African-American,train,0.511,1,1,0
Male,27,25 - 45,Caucasian,0,0,0,0,F,Grand Theft in the 3rd Degree,Survived,0,Caucasian,test,0.39,0,0,1
Male,23,Less than 25,African-American,0,0,3,2,F,Carrying Concealed Firearm,Recidivated,1,African-American,train,0.821,1,1,1
Female,37,25 - 45,Caucasian,0,0,0,2,F,Tampering With Physical Evidence,Recidivated,1,Caucasian,train,0.388,0,0,1
Male,26,25 - 45,Caucasian,0,0,0,0,F,Possession of Cannabis,Survived,0,Caucasian,train,0.397,0,0,1
Male,29,25 - 45,Caucasian,0,0,0,0,F,Grand Theft in the 3rd Degree,Survived,0,Caucasian,train,0.375,0,0,0
Male,37,25 - 45,African-American,0,0,0,0,F,Felony Battery (Dom Strang),Recidivated,1,African-American,test,0.317,0,0,0
Male,24,Less than 25,African-American,0,0,0,1,F,Poss Cocaine/Intent To Del/Sel,Recidivated,1,African-American,train,0.545,1,1,1
Male,26,25 - 45,Hispanic,0,0,0,1,M,DUI Level 0.15 Or Minor In Veh,Recidivated,1,Other,test,0.356,0,0,0
Male,24,Less than 25,Caucasian,0,0,0,2,F,Burglary Conveyance Unoccup,Recidivated,1,Caucasian,train,0.583,1,1,1
Male,23,Less than 25,African-American,0,0,0,0,F,Burglary Unoccupied Dwelling,Recidivated,1,African-American,train,0.514,1,1,0
Male,43,25 - 45,Caucasian,0,0,0,2,F,Poss Contr Subst W/o Prescript,Survived,0,Caucasian,train,0.344,0,0,0
Male,24,Less than 25,African-American,0,0,0,1,F,Pos Methylenedioxymethcath W/I/D/S,Recidivated,1,African-American,test,0.545,1,1,1
Male,21,Less than 25,Caucasian,0,0,0,1,F,Grand Theft in the 3rd Degree,Survived,0,Caucasian,train,0.568,1,1,1
Male,33,25 - 45,Caucasian,0,0,0,3,F,"Poss Of 1,4-Butanediol",Recidivated,1,Caucasian,train,0.457,0,0,1
Female,35,25 - 45,African-American,0,0,0,1,F,arrest case no charge,Survived,0,African-American,train,0.366,0,0,0
Male,55,Greater than 45,Caucasian,0,0,0,3,M,Viol Injunction Protect Dom Vi,Survived,0,Caucasian,train,0.225,0,0,0
Male,50,Greater than 45,Hispanic,0,0,0,9,M,Battery,Recidivated,1,Other,train,0.465,0,0,1
Male,24,Less than 25,African-American,0,0,1,3,F,Poss F/Arm Delinq,Recidivated,1,African-American,train,0.706,1,1,1
Female,28,25 - 45,Caucasian,0,0,0,0,F,Possession of Cocaine,Recidivated,1,Caucasian,train,0.382,0,0,1
Male,42,25 - 45,Caucasian,0,0,0,0,F,Aggravated Assault W/Dead Weap,Survived,0,Caucasian,train,0.284,0,0,0
Male,21,Less than 25,African-American,0,0,0,0,M,Aggravated Assault W/Dead Weap,Recidivated,1,African-American,train,0.447,0,0,0
Male,21,Less than 25,Caucasian,0,0,0,0,F,"Poss3,4 Methylenedioxymethcath",Recidivated,1,Caucasian,train,0.53,1,1,1
Male,24,Less than 25,Other,0,0,0,0,M,Possess Drug Paraphernalia,Recidivated,1,Other,train,0.424,0,0,0
Male,31,25 - 45,Caucasian,0,0,0,3,F,Tamper With Victim,Recidivated,1,Caucasian,train,0.473,0,0,1
Male,23,Less than 25,Hispanic,0,0,0,0,M,Battery,Survived,0,Other,train,0.432,0,0,0
Male,27,25 - 45,Caucasian,0,0,0,0,F,Driving While License Revoked,Recidivated,1,Caucasian,train,0.39,0,0,1
Male,32,25 - 45,Other,0,0,0,0,M,Resist Officer w/Violence,Survived,0,Other,train,0.281,0,0,0
Male,28,25 - 45,African-American,0,0,0,7,F,arrest case no charge,Recidivated,1,African-American,test,0.648,1,1,1
Male,25,25 - 45,African-American,0,0,0,1,F,arrest case no charge,Recidivated,1,African-American,test,0.443,0,0,0
Male,28,25 - 45,Caucasian,0,1,0,9,M,Driving License Suspended,Survived,0,Caucasian,test,0.619,1,1,1
Female,25,25 - 45,Caucasian,0,0,0,0,M,Prostitution/Lewd Act Assignation,Survived,0,Caucasian,train,0.328,0,0,0
Male,30,25 - 45,Caucasian,0,0,0,0,M,DUI Property Damage/Injury,Recidivated,1,Caucasian,train,0.294,0,0,0
Male,33,25 - 45,African-American,0,0,0,4,F,arrest case no charge,Survived,0,African-American,train,0.496,0,0,0
Male,38,25 - 45,Hispanic,0,0,0,0,M,Battery,Survived,0,Other,train,0.244,0,0,0
Male,52,Greater than 45,Hispanic,0,0,0,5,F,Aggrav Battery w/Deadly Weapon,Recidivated,1,Other,train,0.378,0,0,0
Male,34,25 - 45,Caucasian,0,0,0,3,M,Battery,Recidivated,1,Caucasian,train,0.369,0,0,0
Male,39,25 - 45,Caucasian,0,0,0,5,F,Burglary Unoccupied Dwelling,Survived,0,Caucasian,train,0.487,0,0,1
Male,38,25 - 45,African-American,1,0,0,8,M,Disorderly Conduct,Survived,0,African-American,train,0.628,1,1,1
Male,56,Greater than 45,African-American,0,0,0,3,M,Battery,Recidivated,1,African-American,test,0.22,0,0,0
Male,38,25 - 45,Caucasian,0,0,0,5,F,Attempted Robbery  Weapon,Recidivated,1,Caucasian,train,0.495,0,0,1
Male,32,25 - 45,Caucasian,0,0,0,0,F,Burglary Dwelling Occupied,Survived,0,Caucasian,train,0.353,0,0,0
Male,34,25 - 45,African-American,0,1,0,27,M,Battery,Survived,0,African-American,test,0.957,1,1,1
Female,35,25 - 45,African-American,0,0,0,0,M,Battery on a Person Over 65,Recidivated,1,African-American,train,0.262,0,0,0
Male,21,Less than 25,Caucasian,0,0,1,0,M,Possess Cannabis/20 Grams Or Less,Survived,0,Caucasian,train,0.543,1,1,1
Male,26,25 - 45,African-American,0,0,0,0,M,Possess Cannabis/20 Grams Or Less,Recidivated,1,African-American,train,0.321,0,0,0
Male,52,Greater than 45,Caucasian,0,0,0,8,F,arrest case no charge,Survived,0,Caucasian,train,0.493,0,0,1
Male,27,25 - 45,African-American,0,0,0,1,M,Battery,Survived,0,African-American,test,0.349,0,0,0
Male,45,Greater than 45,African-American,0,0,0,0,M,Interfere W/Traf Cont Dev RR,Survived,0,African-American,train,0.2,0,0,0
Female,36,25 - 45,Caucasian,0,0,0,3,F,arrest case no charge,Recidivated,1,Caucasian,train,0.434,0,0,1
Male,27,25 - 45,African-American,0,1,0,11,F,Felony Battery w/Prior Convict,Survived,0,African-American,train,0.761,1,1,1
Male,28,25 - 45,African-American,1,0,1,11,F,Possession of Cocaine,Recidivated,1,African-American,test,0.883,1,1,1
Female,19,Less than 25,African-American,0,0,0,1,F,Burglary Unoccupied Dwelling,Recidivated,1,African-American,test,0.584,1,1,1
Female,37,25 - 45,Caucasian,0,0,0,1,F,Possession Of Methamphetamine,Survived,0,Caucasian,train,0.352,0,0,0
Male,34,25 - 45,African-American,0,0,0,0,M,Battery,Recidivated,1,African-American,train,0.268,0,0,0
Male,37,25 - 45,Caucasian,0,0,0,7,F,Felony Petit Theft,Recidivated,1,Caucasian,test,0.58,1,1,1
Male,21,Less than 25,African-American,0,0,1,1,F,Purchase Cannabis,Survived,0,African-American,test,0.659,1,1,1
Male,47,Greater than 45,African-American,0,0,0,1,M,Battery,Survived,0,African-American,train,0.215,0,0,0
Male,27,25 - 45,African-American,0,0,0,2,F,Tamper With Witness/Victim/CI,Recidivated,1,African-American,train,0.466,0,0,0
Male,57,Greater than 45,Caucasian,0,0,0,0,F,Felony Battery (Dom Strang),Survived,0,Caucasian,train,0.192,0,0,0
Male,25,25 - 45,African-American,0,1,0,9,F,arrest case no charge,Survived,0,African-American,test,0.713,1,1,1
Female,23,Less than 25,African-American,0,0,0,2,F,Battery on Law Enforc Officer,Recidivated,1,African-American,test,0.591,1,1,1
Male,32,25 - 45,African-American,0,0,0,8,F,arrest case no charge,Recidivated,1,African-American,train,0.655,1,1,1
Female,36,25 - 45,African-American,0,0,0,2,M,Viol Prot Injunc Repeat Viol,Survived,0,African-American,test,0.32,0,0,0
Male,41,25 - 45,African-American,0,0,0,5,M,Driving License Suspended,Survived,0,African-American,train,0.39,0,0,0
Male,21,Less than 25,African-American,0,0,0,1,F,arrest case no charge,Recidivated,1,African-American,test,0.568,1,1,1
Male,31,25 - 45,African-American,0,0,0,2,M,Susp Drivers Lic 1st Offense,Survived,0,African-American,train,0.355,0,0,0
Male,22,Less than 25,African-American,0,0,0,2,F,Possession Of Alprazolam,Recidivated,1,African-American,train,0.598,1,1,1
Female,33,25 - 45,African-American,0,0,0,0,F,Possession of Cocaine,Recidivated,1,African-American,train,0.345,0,0,0
Male,25,25 - 45,Caucasian,0,0,0,5,F,Resist Officer w/Violence,Recidivated,1,Caucasian,train,0.597,1,1,1
Female,43,25 - 45,Caucasian,0,0,0,3,M,Viol Injunct Domestic Violence,Recidivated,1,Caucasian,train,0.305,0,0,0
Male,20,Less than 25,African-American,0,0,0,1,F,Grand Theft (Motor Vehicle),Recidivated,1,African-American,test,0.576,1,1,1
Male,36,25 - 45,Other,0,0,0,3,M,Viol Injunct Domestic Violence,Recidivated,1,Other,train,0.355,0,0,0
Female,36,25 - 45,African-American,0,0,0,3,F,Poss Pyrrolidinovalerophenone,Recidivated,1,African-American,train,0.434,0,0,0
Male,25,25 - 45,African-American,1,0,0,2,F,Possession of Cocaine,Survived,0,African-American,train,0.582,1,1,1
Male,48,Greater than 45,African-American,0,0,0,4,F,Grand Theft in the 3rd Degree,Survived,0,African-American,train,0.371,0,0,0
Male,28,25 - 45,Caucasian,0,0,0,0,F,Traffick Oxycodone     4g><14g,Survived,0,Caucasian,train,0.382,0,0,1
Female,31,25 - 45,Caucasian,0,0,0,2,F,Grand Theft (Motor Vehicle),Survived,0,Caucasian,train,0.434,0,0,1
Female,24,Less than 25,African-American,0,0,0,4,F,Possession of Cocaine,Recidivated,1,African-American,test,0.656,1,1,1
Female,32,25 - 45,Caucasian,0,0,1,4,F,Resist Officer w/Violence,Survived,0,Caucasian,train,0.599,1,1,1
Male,37,25 - 45,African-American,0,0,0,20,F,Driving While License Revoked,Recidivated,1,African-American,train,0.913,1,1,1
Male,48,Greater than 45,African-American,0,0,0,0,M,Felony Battery (Dom Strang),Survived,0,African-American,test,0.185,0,0,0
Male,35,25 - 45,African-American,0,0,0,1,F,Possession of Cocaine,Survived,0,African-American,test,0.366,0,0,0
Female,21,Less than 25,African-American,0,0,0,0,F,Grand Theft in the 3rd Degree,Recidivated,1,African-American,train,0.53,1,1,0
Female,27,25 - 45,Caucasian,0,0,0,0,F,Grand Theft in the 3rd Degree,Recidivated,1,Caucasian,train,0.39,0,0,1
Male,22,Less than 25,African-American,0,0,0,0,F,Att Burgl Unoccupied Dwel,Survived,0,African-American,test,0.522,1,1,0
Male,22,Less than 25,African-American,0,0,0,3,F,Agg Assault W/int Com Fel Dome,Survived,0,African-American,test,0.635,1,1,1
Male,30,25 - 45,Other,0,0,0,5,F,False Imprisonment,Recidivated,1,Other,test,0.559,1,1,1
Male,57,Greater than 45,Caucasian,0,0,0,1,F,Aggravated Assault w/Firearm,Survived,0,Caucasian,test,0.218,0,0,0
Female,22,Less than 25,African-American,0,0,0,2,F,Agg Battery Grt/Bod/Harm,Survived,0,African-American,train,0.598,1,1,1
Male,60,Greater than 45,African-American,0,0,0,0,F,Att Burgl Struc/Conv Dwel/Occp,Survived,0,African-American,test,0.178,0,0,0
Male,30,25 - 45,African-American,0,0,0,1,M,Battery,Survived,0,African-American,train,0.328,0,0,0
Male,45,Greater than 45,African-American,0,0,0,1,M,Battery,Survived,0,African-American,test,0.226,0,0,0
Male,36,25 - 45,Other,0,0,0,0,F,Driving While License Revoked,Survived,0,Other,test,0.324,0,0,0
Male,50,Greater than 45,Caucasian,0,0,0,1,F,arrest case no charge,Survived,0,Caucasian,train,0.258,0,0,0
Male,41,25 - 45,African-American,0,0,0,7,F,arrest case no charge,Survived,0,African-American,test,0.549,1,1,1
Male,34,25 - 45,Caucasian,0,0,1,5,F,"Poss3,4 Methylenedioxymethcath",Recidivated,1,Caucasian,train,0.621,1,1,1
Male,23,Less than 25,Caucasian,0,0,2,2,F,Neglect Child / No Bodily Harm,Recidivated,1,Caucasian,train,0.757,1,1,1
Male,35,25 - 45,Hispanic,0,0,0,5,M,Reckless Driving,Survived,0,Other,train,0.437,0,0,0
Male,21,Less than 25,Caucasian,0,0,1,1,F,Burglary Conveyance Unoccup,Recidivated,1,Caucasian,train,0.659,1,1,1
Male,29,25 - 45,African-American,0,0,0,6,F,Possession of Cocaine,Recidivated,1,African-American,train,0.604,1,1,1
Female,24,Less than 25,African-American,0,0,0,2,F,Forging Bank Bills/Promis Note,Survived,0,African-American,train,0.583,1,1,1
Male,31,25 - 45,Caucasian,0,0,0,4,F,Felony Battery w/Prior Convict,Recidivated,1,Caucasian,train,0.512,1,1,1
Male,24,Less than 25,African-American,0,4,0,14,F,Grand Theft (Motor Vehicle),Recidivated,1,African-American,test,0.856,1,1,1
Male,38,25 - 45,African-American,0,0,0,11,F,Felony Batt(Great Bodily Harm),Survived,0,African-American,train,0.714,1,1,1
Male,53,Greater than 45,Hispanic,0,0,0,1,F,Driving While License Revoked,Survived,0,Other,train,0.24,0,0,0
Male,30,25 - 45,African-American,0,0,0,0,F,Grand Theft in the 3rd Degree,Survived,0,African-American,train,0.367,0,0,0
Male,35,25 - 45,African-American,0,0,0,5,F,Aggrav Stalking After Injunctn,Recidivated,1,African-American,train,0.519,1,1,0
Male,59,Greater than 45,Other,0,0,0,1,M,Battery,Survived,0,Other,train,0.158,0,0,0
Female,33,25 - 45,Caucasian,0,0,0,1,F,arrest case no charge,Survived,0,Caucasian,train,0.381,0,0,0
Male,43,25 - 45,African-American,0,0,0,5,F,Poss Wep Conv Felon,Survived,0,African-American,train,0.455,0,0,0
Female,30,25 - 45,Caucasian,0,0,0,1,M,Petit Theft $100- $300,Survived,0,Caucasian,test,0.328,0,0,0
Male,39,25 - 45,Caucasian,0,0,0,9,F,Possession of Cocaine,Recidivated,1,Caucasian,test,0.639,1,1,1
Male,26,25 - 45,Hispanic,0,0,0,1,F,arrest case no charge,Survived,0,Other,train,0.435,0,0,0
Female,28,25 - 45,Caucasian,0,0,0,0,M,DOC/Cause Public Danger,Survived,0,Caucasian,train,0.308,0,0,0
Female,29,25 - 45,Caucasian,0,0,0,1,M,Driving Under The Influence,Recidivated,1,Caucasian,train,0.335,0,0,0
Male,33,25 - 45,African-American,0,0,0,8,F,Aggravated Assault W/Dead Weap,Survived,0,African-American,test,0.647,1,1,1
Male,38,25 - 45,African-American,0,0,0,0,F,arrest case no charge,Survived,0,African-American,train,0.31,0,0,0
Male,59,Greater than 45,African-American,0,0,0,22,F,Felony Petit Theft,Recidivated,1,African-American,train,0.873,1,1,1
Male,29,25 - 45,Other,0,0,0,4,M,Battery,Recidivated,1,Other,train,0.445,0,0,1
Male,53,Greater than 45,Caucasian,0,0,0,0,M,Battery,Recidivated,1,Caucasian,test,0.163,0,0,0
Male,33,25 - 45,African-American,0,0,0,2,F,Aggrav Battery w/Deadly Weapon,Recidivated,1,African-American,test,0.419,0,0,0
Male,53,Greater than 45,Caucasian,0,0,0,2,F,Fail Sex Offend Report Bylaw,Survived,0,Caucasian,train,0.27,0,0,0
Male,39,25 - 45,Caucasian,0,0,0,1,F,arrest case no charge,Survived,0,Caucasian,test,0.337,0,0,0
Male,36,25 - 45,Hispanic,0,0,0,1,M,Extradition/Defendants,Survived,0,Other,train,0.287,0,0,0
Female,42,25 - 45,Caucasian,0,0,0,5,M,arrest case no charge,Recidivated,1,Caucasian,train,0.383,0,0,0
Male,37,25 - 45,African-American,0,0,0,0,M,Tresspass Struct/Conveyance,Survived,0,African-American,train,0.25,0,0,0
Male,60,Greater than 45,Other,0,0,0,1,M,Battery,Survived,0,Other,test,0.154,0,0,0
Male,38,25 - 45,Caucasian,0,0,0,12,F,Grand Theft of the 2nd Degree,Survived,0,Caucasian,train,0.745,1,1,1
Female,43,25 - 45,African-American,0,0,0,2,F,Grand Theft in the 3rd Degree,Recidivated,1,African-American,train,0.344,0,0,0
Male,42,25 - 45,African-American,0,0,0,0,F,Felony Battery (Dom Strang),Survived,0,African-American,test,0.284,0,0,0
Female,25,25 - 45,Caucasian,0,0,0,0,M,Battery,Survived,0,Caucasian,test,0.328,0,0,0
Male,32,25 - 45,African-American,0,0,0,7,F,Grand Theft (Motor Vehicle),Recidivated,1,African-American,train,0.619,1,1,1
Male,21,Less than 25,African-American,0,0,0,0,F,Resist Officer w/Violence,Recidivated,1,African-American,train,0.53,1,1,0
Male,37,25 - 45,Caucasian,0,0,0,0,F,Burglary Conveyance Unoccup,Survived,0,Caucasian,train,0.317,0,0,0
Female,33,25 - 45,African-American,0,0,0,2,F,Failure To Return Hired Vehicle,Survived,0,African-American,test,0.419,0,0,0
Male,39,25 - 45,Caucasian,0,0,0,3,F,Possession of Hydromorphone,Survived,0,Caucasian,train,0.41,0,0,1
Male,40,25 - 45,African-American,0,0,0,3,F,Felony Battery (Dom Strang),Survived,0,African-American,test,0.403,0,0,0
Male,37,25 - 45,Other,0,0,0,0,M,Battery,Survived,0,Other,train,0.25,0,0,0
Male,32,25 - 45,African-American,0,0,0,10,F,Felony Driving While Lic Suspd,Recidivated,1,African-American,train,0.721,1,1,1
Female,23,Less than 25,Caucasian,0,0,0,0,M,Poss Of Controlled Substance,Survived,0,Caucasian,test,0.432,0,0,0
Male,38,25 - 45,African-American,0,1,0,16,F,Poss of Cocaine W/I/D/S 1000FT Park,Recidivated,1,African-American,train,0.831,1,1,1
Male,32,25 - 45,African-American,0,0,0,6,M,Battery,Recidivated,1,African-American,test,0.499,0,0,0
Male,31,25 - 45,African-American,0,0,0,4,F,Tampering With Physical Evidence,Recidivated,1,African-American,train,0.512,1,1,0
Male,23,Less than 25,African-American,0,0,0,0,F,"Deliver 3,4 Methylenediox",Survived,0,African-American,train,0.514,1,1,0
Male,38,25 - 45,Hispanic,0,0,0,1,M,Operating W/O Valid License,Survived,0,Other,train,0.274,0,0,0
Male,33,25 - 45,Caucasian,0,0,0,1,F,arrest case no charge,Recidivated,1,Caucasian,train,0.381,0,0,0
Male,22,Less than 25,Caucasian,0,0,0,1,F,Grand Theft (Motor Vehicle),Survived,0,Caucasian,test,0.56,1,1,1
Male,40,25 - 45,Caucasian,0,0,0,0,M,Battery,Recidivated,1,Caucasian,train,0.233,0,0,0
Male,36,25 - 45,African-American,10,0,0,14,F,Burglary Conveyance Unoccup,Recidivated,1,African-American,train,0.996,1,1,1
Female,65,Greater than 45,Caucasian,0,0,0,0,M,DUI Property Damage/Injury,Survived,0,Caucasian,train,0.117,0,0,0
Female,22,Less than 25,African-American,0,0,0,0,M,Battery,Survived,0,African-American,train,0.439,0,0,0
Female,38,25 - 45,Hispanic,0,0,0,0,F,Felony Driving While Lic Suspd,Survived,0,Other,train,0.31,0,0,0
Female,26,25 - 45,Caucasian,0,0,0,4,F,Possession Of Alprazolam,Recidivated,1,Caucasian,test,0.551,1,1,1
Male,20,Less than 25,Hispanic,0,0,0,0,M,Battery,Recidivated,1,Other,train,0.455,0,0,1
Male,52,Greater than 45,Caucasian,0,0,0,2,F,Grand Theft in the 3rd Degree,Recidivated,1,Caucasian,train,0.276,0,0,0
Male,33,25 - 45,African-American,0,0,0,1,M,Battery,Recidivated,1,African-American,train,0.307,0,0,0
Male,57,Greater than 45,Caucasian,0,0,0,1,M,DUI Property Damage/Injury,Survived,0,Caucasian,train,0.166,0,0,0
Male,22,Less than 25,African-American,0,0,1,2,F,Possession of Cocaine,Recidivated,1,African-American,train,0.686,1,1,1
Male,51,Greater than 45,African-American,0,0,0,3,F,DWI w/Inj Susp Lic / Habit Off,Survived,0,African-American,train,0.315,0,0,0
Male,32,25 - 45,African-American,0,0,0,1,F,arrest case no charge,Survived,0,African-American,test,0.389,0,0,0
Male,23,Less than 25,African-American,0,1,0,2,F,Aggravated Battery / Pregnant,Recidivated,1,African-American,train,0.565,1,1,1
Male,30,25 - 45,Caucasian,0,0,0,0,M,DUI Property Damage/Injury,Survived,0,Caucasian,test,0.294,0,0,0
Male,34,25 - 45,African-American,0,0,0,13,F,Possession Of Alprazolam,Recidivated,1,African-American,test,0.795,1,1,1
Male,28,25 - 45,African-American,0,0,0,1,M,Battery,Survived,0,African-American,train,0.342,0,0,0
Male,29,25 - 45,African-American,0,0,0,1,F,Stalking (Aggravated),Survived,0,African-American,train,0.412,0,0,0
Male,37,25 - 45,Caucasian,0,0,0,0,F,Felony Battery (Dom Strang),Survived,0,Caucasian,train,0.317,0,0,0
Female,33,25 - 45,Caucasian,0,0,0,0,M,DUI Property Damage/Injury,Recidivated,1,Caucasian,train,0.275,0,0,0
Male,30,25 - 45,Hispanic,0,0,0,0,F,Agg Battery Grt/Bod/Harm,Survived,0,Other,test,0.367,0,0,0
Male,51,Greater than 45,African-American,1,0,1,19,F,Felony Petit Theft,Survived,0,African-American,train,0.925,1,1,1
Female,32,25 - 45,African-American,0,0,0,1,M,Battery,Survived,0,African-American,test,0.314,0,0,0
Male,35,25 - 45,Caucasian,0,0,0,3,F,Possession of Cocaine,Recidivated,1,Caucasian,test,0.441,0,0,1
Female,53,Greater than 45,Hispanic,0,0,0,0,M,Battery,Survived,0,Other,train,0.163,0,0,0
Male,35,25 - 45,Caucasian,0,0,0,1,M,Assault,Recidivated,1,Caucasian,train,0.293,0,0,0
Female,36,25 - 45,African-American,0,0,0,1,F,Possession of Cocaine,Recidivated,1,African-American,train,0.359,0,0,0
Female,25,25 - 45,Caucasian,0,0,0,0,M,Battery,Survived,0,Caucasian,train,0.328,0,0,0
Male,42,25 - 45,African-American,0,0,0,10,M,Driving License Suspended,Recidivated,1,African-American,test,0.575,1,1,1
Male,42,25 - 45,African-American,0,0,0,0,F,Possession Of Heroin,Recidivated,1,African-American,train,0.284,0,0,0
Male,23,Less than 25,African-American,0,0,0,0,F,Felony Battery (Dom Strang),Survived,0,African-American,train,0.514,1,1,0
Male,45,Greater than 45,Caucasian,0,0,0,0,F,Att Burgl Unoccupied Dwel,Survived,0,Caucasian,test,0.258,0,0,0
Male,39,25 - 45,African-American,0,0,0,7,F,Aggravated Battery / Pregnant,Recidivated,1,African-American,test,0.565,1,1,0
Male,46,Greater than 45,Caucasian,0,0,0,1,F,arrest case no charge,Survived,0,Caucasian,train,0.283,0,0,0
Male,47,Greater than 45,Caucasian,0,0,0,3,F,Resist Officer w/Violence,Survived,0,Caucasian,test,0.343,0,0,0
Male,29,25 - 45,African-American,0,0,1,16,F,Fleeing Or Attmp Eluding A Leo,Recidivated,1,African-American,train,0.914,1,1,1
Male,27,25 - 45,African-American,0,0,0,0,F,Aggravated Battery / Pregnant,Recidivated,1,African-American,train,0.39,0,0,0
Male,26,25 - 45,African-American,0,0,0,0,M,arrest case no charge,Survived,0,African-American,train,0.321,0,0,0
Male,29,25 - 45,Caucasian,0,0,0,0,M,Battery,Survived,0,Caucasian,train,0.301,0,0,0
Male,25,25 - 45,Hispanic,0,0,0,2,F,Grand Theft in the 3rd Degree,Recidivated,1,Other,train,0.482,0,0,1
Male,26,25 - 45,Caucasian,1,0,0,2,F,Possession of Cannabis,Survived,0,Caucasian,test,0.575,1,1,1
Male,33,25 - 45,African-American,0,0,0,14,F,Possession of Cocaine,Recidivated,1,African-American,train,0.824,1,1,1
Male,22,Less than 25,African-American,0,0,0,0,M,Battery,Recidivated,1,African-American,train,0.439,0,0,0
Male,25,25 - 45,African-American,0,0,0,0,F,"Del 3,4 Methylenedioxymethcath",Survived,0,African-American,test,0.405,0,0,0
Female,29,25 - 45,Caucasian,0,0,0,2,F,Uttering a Forged Instrument,Recidivated,1,Caucasian,test,0.45,0,0,1
Male,53,Greater than 45,Caucasian,0,0,0,0,M,Battery,Survived,0,Caucasian,train,0.163,0,0,0
Female,52,Greater than 45,African-American,0,0,0,2,F,Possession of Cocaine,Recidivated,1,African-American,test,0.276,0,0,0
Male,24,Less than 25,Caucasian,0,0,0,1,F,Possession Of Amphetamine,Survived,0,Caucasian,train,0.545,1,1,1
Male,23,Less than 25,Caucasian,0,0,0,0,M,Battery,Survived,0,Caucasian,train,0.432,0,0,1
Male,42,25 - 45,African-American,0,0,0,0,F,Driving While License Revoked,Survived,0,African-American,test,0.284,0,0,0
Male,24,Less than 25,African-American,5,0,0,5,F,Burglary Conveyance Unoccup,Recidivated,1,African-American,train,0.944,1,1,1
Male,26,25 - 45,African-American,0,0,0,4,F,Grand Theft (Motor Vehicle),Recidivated,1,African-American,train,0.551,1,1,1
Male,27,25 - 45,African-American,0,0,0,2,F,Lease For Purpose Trafficking,Survived,0,African-American,test,0.466,0,0,0
Male,23,Less than 25,Caucasian,0,0,0,0,F,Possession Of Alprazolam,Recidivated,1,Caucasian,test,0.514,1,1,1
Male,32,25 - 45,African-American,0,0,0,1,M,DUI Blood Alcohol Above 0.20,Recidivated,1,African-American,test,0.314,0,0,0
Male,52,Greater than 45,Caucasian,0,0,0,4,M,Viol Prot Injunc Repeat Viol,Recidivated,1,Caucasian,test,0.272,0,0,0
Male,50,Greater than 45,Caucasian,0,0,0,0,F,Lewd or Lascivious Molestation,Survived,0,Caucasian,train,0.229,0,0,0
Female,34,25 - 45,Caucasian,0,0,0,0,F,Poss Pyrrolidinovalerophenone,Recidivated,1,Caucasian,train,0.338,0,0,0
Male,30,25 - 45,African-American,0,0,0,0,F,Felony Driving While Lic Suspd,Recidivated,1,African-American,train,0.367,0,0,0
Male,24,Less than 25,African-American,0,0,0,3,F,Burglary Conveyance Unoccup,Recidivated,1,African-American,test,0.62,1,1,1
Male,26,25 - 45,Caucasian,0,0,0,1,F,Poss Pyrrolidinovalerophenone,Recidivated,1,Caucasian,test,0.435,0,0,1
Male,40,25 - 45,Caucasian,0,0,0,2,M,arrest case no charge,Survived,0,Caucasian,train,0.293,0,0,0
Male,22,Less than 25,Caucasian,0,0,0,1,F,arrest case no charge,Recidivated,1,Caucasian,train,0.56,1,1,1
Male,33,25 - 45,Caucasian,0,0,0,0,M,Carrying A Concealed Weapon,Recidivated,1,Caucasian,test,0.275,0,0,0
Male,32,25 - 45,Caucasian,0,0,0,2,F,Aggravated Assault W/dead Weap,Survived,0,Caucasian,train,0.427,0,0,1
Male,47,Greater than 45,Caucasian,0,0,0,3,F,arrest case no charge,Survived,0,Caucasian,train,0.343,0,0,0
Male,22,Less than 25,African-American,0,1,0,1,F,Burglary Dwelling Occupied,Survived,0,African-American,train,0.534,1,1,1
Male,47,Greater than 45,Caucasian,0,0,0,2,F,Dealing in Stolen Property,Survived,0,Caucasian,test,0.309,0,0,0
Male,28,25 - 45,Caucasian,0,0,0,1,F,Possession of Cocaine,Recidivated,1,Caucasian,test,0.42,0,0,1
Female,44,25 - 45,Caucasian,0,0,0,1,M,Battery,Recidivated,1,Caucasian,train,0.238,0,0,0
Male,34,25 - 45,African-American,0,0,0,4,M,Battery,Survived,0,African-American,train,0.406,0,0,0
Male,24,Less than 25,African-American,0,0,0,1,M,Battery,Survived,0,African-American,test,0.462,0,0,0
Female,21,Less than 25,African-American,0,0,0,0,F,Battery on Law Enforc Officer,Recidivated,1,African-American,train,0.53,1,1,0
Male,39,25 - 45,Caucasian,0,0,0,6,F,arrest case no charge,Survived,0,Caucasian,test,0.526,1,1,1
Male,29,25 - 45,African-American,0,0,0,29,F,Poss Contr Subst W/o Prescript,Recidivated,1,African-American,train,0.982,1,1,1
Female,23,Less than 25,African-American,0,0,0,0,F,Possession Burglary Tools,Recidivated,1,African-American,train,0.514,1,1,0
Male,31,25 - 45,African-American,0,0,2,11,F,Poss Pyrrolidinovalerophenone,Recidivated,1,African-American,train,0.871,1,1,1
Male,30,25 - 45,Other,0,0,0,0,F,Grand Theft in the 3rd Degree,Survived,0,Other,test,0.367,0,0,0
Male,51,Greater than 45,Caucasian,0,0,0,0,M,Driving Under The Influence,Survived,0,Caucasian,train,0.171,0,0,0
Male,22,Less than 25,Caucasian,0,0,1,1,F,arrest case no charge,Survived,0,Caucasian,train,0.652,1,1,1
Male,58,Greater than 45,Caucasian,0,0,0,5,F,Grand Theft in the 3rd Degree,Recidivated,1,Caucasian,train,0.334,0,0,0
Male,47,Greater than 45,Asian,0,0,0,1,M,Battery,Survived,0,Other,train,0.215,0,0,0
Male,29,25 - 45,African-American,0,0,0,0,M,Battery,Recidivated,1,African-American,train,0.301,0,0,0
Male,48,Greater than 45,Caucasian,0,0,0,2,F,arrest case no charge,Survived,0,Caucasian,train,0.302,0,0,0
Male,37,25 - 45,Caucasian,0,0,0,4,M,Battery,Recidivated,1,Caucasian,test,0.384,0,0,1
Male,19,Less than 25,African-American,0,0,0,3,F,Burglary Dwelling Armed,Recidivated,1,African-American,train,0.657,1,1,1
Male,31,25 - 45,African-American,0,0,0,6,F,Possession of Cocaine,Survived,0,African-American,train,0.589,1,1,1
Male,23,Less than 25,African-American,0,0,2,1,M,Battery,Survived,0,African-American,train,0.657,1,1,1
Female,23,Less than 25,African-American,0,0,0,0,F,Aggravated Assault W/Dead Weap,Recidivated,1,African-American,train,0.514,1,1,0
Male,31,25 - 45,Caucasian,0,0,0,17,F,Possession of Oxycodone,Recidivated,1,Caucasian,test,0.888,1,1,1
Female,31,25 - 45,Caucasian,0,0,0,0,M,Battery,Survived,0,Caucasian,test,0.288,0,0,0
Male,45,Greater than 45,African-American,0,0,0,11,F,Felony Battery w/Prior Convict,Survived,0,African-American,train,0.659,1,1,1
Male,42,25 - 45,Caucasian,0,0,0,0,F,Tampering With Physical Evidence,Survived,0,Caucasian,train,0.284,0,0,0
Male,29,25 - 45,African-American,0,2,0,12,F,Tampering With Physical Evidence,Recidivated,1,African-American,train,0.759,1,1,1
Female,34,25 - 45,Caucasian,0,0,0,3,M,Battery,Survived,0,Caucasian,test,0.369,0,0,0
Male,27,25 - 45,African-American,0,0,0,0,F,Tampering With Physical Evidence,Survived,0,African-American,train,0.39,0,0,0
Male,39,25 - 45,African-American,0,0,0,4,F,Aggrav Child Abuse-Agg Battery,Survived,0,African-American,train,0.448,0,0,0
Male,34,25 - 45,Caucasian,0,0,0,0,F,Fleeing or Eluding a LEO,Recidivated,1,Caucasian,train,0.338,0,0,0
Male,27,25 - 45,Caucasian,0,0,0,0,M,Battery,Survived,0,Caucasian,train,0.314,0,0,0
Female,24,Less than 25,Caucasian,0,0,0,0,F,Uttering a Forged Instrument,Survived,0,Caucasian,train,0.506,1,1,1
Male,20,Less than 25,Caucasian,0,0,0,0,F,Child Abuse,Survived,0,Caucasian,train,0.538,1,1,1
Female,23,Less than 25,Caucasian,0,0,0,0,F,Possession of Cocaine,Survived,0,Caucasian,train,0.514,1,1,1
Male,37,25 - 45,African-American,0,0,0,11,F,Felony Driving While Lic Suspd,Recidivated,1,African-American,train,0.721,1,1,1
Male,44,25 - 45,African-American,0,0,0,0,M,DUI Level 0.15 Or Minor In Veh,Survived,0,African-American,train,0.211,0,0,0
Male,49,Greater than 45,Caucasian,0,0,0,0,F,Possession of Cocaine,Survived,0,Caucasian,train,0.235,0,0,0
Male,52,Greater than 45,Caucasian,0,0,0,0,F,Manufacture Cannabis,Survived,0,Caucasian,train,0.218,0,0,0
Male,55,Greater than 45,African-American,0,0,0,5,F,Felony Battery w/Prior Convict,Recidivated,1,African-American,test,0.356,0,0,0
Male,33,25 - 45,African-American,0,0,0,0,M,Resist/Obstruct W/O Violence,Survived,0,African-American,train,0.275,0,0,0
Female,27,25 - 45,African-American,0,0,0,0,M,Assault,Survived,0,African-American,train,0.314,0,0,0
Male,26,25 - 45,African-American,0,0,0,0,M,Battery,Survived,0,African-American,test,0.321,0,0,0
Male,29,25 - 45,African-American,0,0,0,0,M,DWLS Canceled Disqul 1st Off,Survived,0,African-American,train,0.301,0,0,0
Male,32,25 - 45,African-American,0,0,0,1,M,Driving Under The Influence,Survived,0,African-American,train,0.314,0,0,0
Male,37,25 - 45,Caucasian,0,0,0,4,M,Battery,Survived,0,Caucasian,train,0.384,0,0,1
Male,31,25 - 45,African-American,0,0,0,6,F,arrest case no charge,Survived,0,African-American,train,0.589,1,1,1
Female,36,25 - 45,Caucasian,0,0,0,2,F,Aggrav Battery w/Deadly Weapon,Survived,0,Caucasian,train,0.396,0,0,0
Female,37,25 - 45,African-American,0,0,0,1,F,Burglary With Assault/battery,Survived,0,African-American,train,0.352,0,0,0
Male,24,Less than 25,Caucasian,0,0,2,8,F,Felony Petit Theft,Recidivated,1,Caucasian,test,0.885,1,1,1
Male,34,25 - 45,Caucasian,0,0,0,2,F,arrest case no charge,Recidivated,1,Caucasian,test,0.411,0,0,1
Male,23,Less than 25,African-American,1,0,0,4,F,arrest case no charge,Survived,0,African-American,train,0.747,1,1,1
Male,27,25 - 45,Caucasian,0,0,0,5,M,Driving License Suspended,Survived,0,Caucasian,test,0.5,1,0,1
Female,23,Less than 25,Caucasian,0,0,0,2,M,Battery,Survived,0,Caucasian,train,0.509,1,0,1
Female,27,25 - 45,African-American,1,0,0,1,F,arrest case no charge,Survived,0,African-American,train,0.528,1,1,0
Female,24,Less than 25,Caucasian,0,1,0,3,M,Battery,Recidivated,1,Caucasian,train,0.514,1,0,1
Male,29,25 - 45,Hispanic,0,0,0,0,F,Carrying Concealed Firearm,Survived,0,Other,train,0.375,0,0,0
Female,52,Greater than 45,Caucasian,0,0,0,1,F,Battery on Law Enforc Officer,Survived,0,Caucasian,train,0.246,0,0,0
Male,37,25 - 45,Hispanic,0,0,0,4,M,Battery,Recidivated,1,Other,test,0.384,0,0,0
Male,26,25 - 45,African-American,0,0,0,1,M,Battery,Survived,0,African-American,train,0.356,0,0,0
Male,53,Greater than 45,African-American,0,0,0,15,F,Felony Driving While Lic Suspd,Recidivated,1,African-American,train,0.737,1,1,1
Male,21,Less than 25,African-American,1,0,0,1,F,Burglary Conveyance Unoccup,Recidivated,1,African-American,train,0.664,1,1,1
Female,24,Less than 25,Other,0,0,0,0,F,Uttering a Forged Instrument,Survived,0,Other,test,0.506,1,1,1
Male,23,Less than 25,Other,0,0,0,0,F,Felony Battery (Dom Strang),Recidivated,1,Other,train,0.514,1,1,1
Female,44,25 - 45,Caucasian,0,0,0,0,M,Disorderly Conduct,Recidivated,1,Caucasian,test,0.211,0,0,0
Male,38,25 - 45,Caucasian,0,0,0,5,M,Felony/Driving Under Influence,Recidivated,1,Caucasian,train,0.413,0,0,1
Male,49,Greater than 45,African-American,0,0,0,1,F,Grand Theft in the 3rd Degree,Survived,0,African-American,test,0.264,0,0,0
Male,44,25 - 45,Hispanic,0,0,0,2,F,Leaving the Scene of Accident,Survived,0,Other,train,0.337,0,0,0
Female,54,Greater than 45,Caucasian,0,0,0,0,M,Battery,Survived,0,Caucasian,train,0.158,0,0,0
Male,28,25 - 45,Hispanic,0,0,0,3,F,Possession of Cannabis,Recidivated,1,Other,train,0.497,0,0,1
Male,42,25 - 45,African-American,0,0,0,17,M,arrest case no charge,Recidivated,1,African-American,train,0.801,1,1,1
Male,21,Less than 25,African-American,0,0,0,1,F,Bribery Athletic Contests,Recidivated,1,African-American,train,0.568,1,1,1
Female,28,25 - 45,African-American,0,0,0,0,F,Aggravated Assault W/Dead Weap,Survived,0,African-American,train,0.382,0,0,0
Female,30,25 - 45,African-American,0,0,0,0,F,Grand Theft on 65 Yr or Older,Survived,0,African-American,train,0.367,0,0,0
Male,32,25 - 45,African-American,0,0,0,0,M,Battery,Survived,0,African-American,test,0.281,0,0,0
Male,27,25 - 45,Caucasian,0,0,0,5,F,Grand Theft in the 3rd Degree,Survived,0,Caucasian,test,0.582,1,1,1
Male,32,25 - 45,Caucasian,0,0,0,0,M,Driving License Suspended,Survived,0,Caucasian,train,0.281,0,0,0
Female,44,25 - 45,African-American,0,0,0,0,M,Battery,Survived,0,African-American,train,0.211,0,0,0
Female,20,Less than 25,African-American,0,0,0,0,M,Battery,Survived,0,African-American,train,0.455,0,0,0
Female,40,25 - 45,Hispanic,0,0,0,2,M,arrest case no charge,Survived,0,Other,train,0.293,0,0,0
Male,27,25 - 45,African-American,0,0,0,9,F,Poss Pyrrolidinovalerophenone,Recidivated,1,African-American,test,0.722,1,1,1
Male,38,25 - 45,African-American,0,0,0,9,F,Grand Theft in the 3rd Degree,Recidivated,1,African-American,train,0.647,1,1,1
Male,20,Less than 25,Caucasian,0,0,1,0,F,Grand Theft Dwell Property,Recidivated,1,Caucasian,train,0.631,1,1,1
Male,30,25 - 45,African-American,0,0,0,9,F,Driving While License Revoked,Recidivated,1,African-American,train,0.702,1,1,1
Male,23,Less than 25,African-American,0,0,0,2,M,Viol Injunct Domestic Violence,Recidivated,1,African-American,train,0.509,1,0,0
Male,29,25 - 45,Caucasian,0,0,0,3,F,Pos Cannabis W/Intent Sel/Del,Recidivated,1,Caucasian,train,0.489,0,0,1
Male,58,Greater than 45,Caucasian,0,0,0,2,M,Viol Injunct Domestic Violence,Recidivated,1,Caucasian,train,0.184,0,0,0
Male,23,Less than 25,Hispanic,0,0,1,2,F,Grand Theft in the 3rd Degree,Survived,0,Other,test,0.68,1,1,1
Male,27,25 - 45,African-American,0,0,0,2,M,Prowling/Loitering,Recidivated,1,African-American,train,0.385,0,0,0
Male,49,Greater than 45,African-American,0,0,0,11,M,Viol Prot Injunc Repeat Viol,Recidivated,1,African-American,train,0.55,1,1,1
Male,36,25 - 45,Other,0,0,0,0,M,Battery,Survived,0,Other,train,0.256,0,0,0
Male,21,Less than 25,African-American,0,0,0,2,F,Possession of Cocaine,Recidivated,1,African-American,train,0.606,1,1,1
Male,57,Greater than 45,African-American,0,0,0,0,M,Battery,Survived,0,African-American,test,0.146,0,0,0
Male,35,25 - 45,Hispanic,0,0,0,3,F,Burglary Structure Unoccup,Recidivated,1,Other,test,0.441,0,0,0
Male,54,Greater than 45,African-American,0,0,0,3,F,arrest case no charge,Recidivated,1,African-American,train,0.295,0,0,0
Male,48,Greater than 45,African-American,0,0,1,8,F,Possession of Cocaine,Recidivated,1,African-American,test,0.618,1,1,1
Male,37,25 - 45,African-American,0,0,0,12,F,Pos Cannabis W/Intent Sel/Del,Recidivated,1,African-American,train,0.751,1,1,1
Male,26,25 - 45,African-American,0,0,0,4,F,Burglary Dwelling Occupied,Recidivated,1,African-American,test,0.551,1,1,1
Male,60,Greater than 45,African-American,0,0,0,2,F,Possession of Cocaine,Survived,0,African-American,train,0.228,0,0,0
Male,22,Less than 25,Caucasian,0,0,1,1,F,Poss Contr Subst W/o Prescript,Survived,0,Caucasian,train,0.652,1,1,1
Male,28,25 - 45,African-American,0,0,0,3,F,arrest case no charge,Survived,0,African-American,train,0.497,0,0,0
Male,55,Greater than 45,Caucasian,0,0,0,0,M,Battery,Recidivated,1,Caucasian,train,0.154,0,0,0
Male,21,Less than 25,African-American,0,1,0,6,F,Burglary Unoccupied Dwelling,Recidivated,1,African-American,train,0.721,1,1,1
Male,28,25 - 45,Hispanic,0,0,0,2,F,Kidnapping / Domestic Violence,Recidivated,1,Other,train,0.458,0,0,1
Female,29,25 - 45,Caucasian,0,0,0,6,F,Possession of Cocaine,Recidivated,1,Caucasian,train,0.604,1,1,1
Male,24,Less than 25,African-American,0,0,0,2,M,Tresspass Struct/Conveyance,Recidivated,1,African-American,train,0.501,1,0,0
Male,50,Greater than 45,African-American,0,0,0,12,F,Possession of Cocaine,Recidivated,1,African-American,train,0.659,1,1,1
Male,24,Less than 25,African-American,0,0,0,1,M,Battery,Recidivated,1,African-American,test,0.462,0,0,0
Male,47,Greater than 45,African-American,0,0,0,1,F,arrest case no charge,Survived,0,African-American,train,0.277,0,0,0
Male,30,25 - 45,African-American,0,0,0,0,F,Driving While License Revoked,Recidivated,1,African-American,test,0.367,0,0,0
Male,53,Greater than 45,Caucasian,0,0,0,1,F,Dealing in Stolen Property,Survived,0,Caucasian,train,0.24,0,0,0
Female,31,25 - 45,African-American,0,0,0,2,M,Exposes Culpable Negligence,Survived,0,African-American,train,0.355,0,0,0
Male,31,25 - 45,African-American,0,0,0,0,F,Pos Cannabis W/Intent Sel/Del,Recidivated,1,African-American,train,0.36,0,0,0
Male,47,Greater than 45,African-American,0,0,0,9,F,Felony Battery w/Prior Convict,Survived,0,African-American,train,0.571,1,1,1
Male,45,Greater than 45,Hispanic,0,0,0,1,M,Possess Cannabis/20 Grams Or Less,Survived,0,Other,train,0.226,0,0,0
Female,43,25 - 45,Caucasian,0,0,0,22,M,Trespass Private Property,Recidivated,1,Caucasian,train,0.895,1,1,1
Male,50,Greater than 45,African-American,0,0,0,0,M,Battery,Survived,0,African-American,train,0.176,0,0,0
Female,24,Less than 25,Other,0,0,0,2,F,Possession Of Methamphetamine,Recidivated,1,Other,train,0.583,1,1,1
Male,31,25 - 45,Hispanic,0,0,0,0,M,Assault,Survived,0,Other,test,0.288,0,0,0
Male,25,25 - 45,African-American,0,0,0,5,F,arrest case no charge,Recidivated,1,African-American,train,0.597,1,1,1
Male,31,25 - 45,Caucasian,0,0,0,0,M,Battery,Recidivated,1,Caucasian,train,0.288,0,0,0
Female,36,25 - 45,Hispanic,0,0,0,0,M,Burglary Structure Unoccup,Survived,0,Other,test,0.256,0,0,0
Male,59,Greater than 45,African-American,0,0,0,15,M,arrest case no charge,Recidivated,1,African-American,test,0.624,1,1,1
Male,53,Greater than 45,Caucasian,0,0,0,0,M,Resist/Obstruct W/O Violence,Survived,0,Caucasian,train,0.163,0,0,0
Male,34,25 - 45,African-American,0,0,0,12,F,Unauth C/P/S Sounds>1000/Audio,Survived,0,African-American,train,0.768,1,1,1
Female,21,Less than 25,African-American,0,0,0,0,F,Possession Of Alprazolam,Recidivated,1,African-American,train,0.53,1,1,0
Male,34,25 - 45,African-American,0,0,0,7,F,Possession of Cocaine,Recidivated,1,African-American,train,0.603,1,1,1
Female,40,25 - 45,Hispanic,0,0,0,4,F,Grand Theft (Motor Vehicle),Recidivated,1,Other,train,0.441,0,0,0
Male,56,Greater than 45,Caucasian,0,0,0,13,F,arrest case no charge,Survived,0,Caucasian,train,0.651,1,1,1
Female,52,Greater than 45,Caucasian,0,0,0,0,F,Aggrav Battery w/Deadly Weapon,Survived,0,Caucasian,train,0.218,0,0,0
Male,56,Greater than 45,African-American,0,0,0,0,F,False Imprisonment,Survived,0,African-American,train,0.197,0,0,0
Female,50,Greater than 45,Caucasian,0,0,0,0,M,Battery,Survived,0,Caucasian,train,0.176,0,0,0
Female,43,25 - 45,Caucasian,0,0,0,0,M,Battery,Recidivated,1,Caucasian,train,0.216,0,0,0
Male,29,25 - 45,Asian,0,0,0,0,F,Battery on a Person Over 65,Survived,0,Other,train,0.375,0,0,0
Male,24,Less than 25,Caucasian,0,0,0,0,F,Pos Cannabis W/Intent Sel/Del,Survived,0,Caucasian,train,0.506,1,1,1
Male,29,25 - 45,Caucasian,0,0,0,5,F,Driving While License Revoked,Survived,0,Caucasian,train,0.566,1,1,1
Female,35,25 - 45,African-American,0,0,0,5,F,Neglect Child / No Bodily Harm,Survived,0,African-American,train,0.519,1,1,0
Male,29,25 - 45,African-American,0,0,0,1,M,Battery,Recidivated,1,African-American,train,0.335,0,0,0
Male,36,25 - 45,Caucasian,0,0,0,1,F,arrest case no charge,Survived,0,Caucasian,test,0.359,0,0,0
Female,26,25 - 45,African-American,0,0,0,1,F,arrest case no charge,Survived,0,African-American,train,0.435,0,0,0
Female,23,Less than 25,African-American,0,0,0,0,M,Battery,Survived,0,African-American,train,0.432,0,0,0
Male,24,Less than 25,African-American,0,0,2,1,M,arrest case no charge,Recidivated,1,African-American,train,0.65,1,1,1
Female,23,Less than 25,Hispanic,0,1,0,2,M,Battery,Survived,0,Other,train,0.483,0,0,1
Male,21,Less than 25,Caucasian,1,0,0,1,F,arrest case no charge,Recidivated,1,Caucasian,train,0.664,1,1,1
Male,26,25 - 45,Caucasian,0,0,0,4,F,Tamper With Witness/Victim/CI,Recidivated,1,Caucasian,train,0.551,1,1,1
Male,38,25 - 45,Other,0,0,0,2,F,Grand Theft in the 3rd Degree,Survived,0,Other,train,0.381,0,0,0
Male,28,25 - 45,Hispanic,0,0,0,2,F,Grand Theft in the 3rd Degree,Survived,0,Other,train,0.458,0,0,1
Male,23,Less than 25,Hispanic,0,0,0,2,F,arrest case no charge,Recidivated,1,Other,train,0.591,1,1,1
Male,21,Less than 25,African-American,0,0,2,1,F,Obstruct Officer W/Violence,Recidivated,1,African-American,train,0.74,1,1,1
Male,56,Greater than 45,African-American,0,0,0,12,F,Possession of Cocaine,Recidivated,1,African-American,train,0.615,1,1,1
Male,40,25 - 45,Caucasian,0,0,0,1,M,DUI Property Damage/Injury,Survived,0,Caucasian,train,0.262,0,0,0
Male,66,Greater than 45,Caucasian,0,0,0,1,F,arrest case no charge,Recidivated,1,Caucasian,train,0.173,0,0,0
Male,51,Greater than 45,African-American,0,0,1,12,F,Felony Driving While Lic Suspd,Recidivated,1,African-American,train,0.733,1,1,1
Male,25,25 - 45,Caucasian,0,0,0,1,F,arrest case no charge,Survived,0,Caucasian,train,0.443,0,0,1
Male,49,Greater than 45,Caucasian,0,0,0,0,M,Driving Under The Influence,Survived,0,Caucasian,test,0.181,0,0,0
Male,30,25 - 45,Caucasian,0,0,1,1,F,Uttering a Forged Instrument,Survived,0,Caucasian,train,0.499,0,1,1
Female,53,Greater than 45,Caucasian,0,0,0,6,F,Possession of Cocaine,Recidivated,1,Caucasian,train,0.408,0,0,1
Female,27,25 - 45,African-American,0,0,0,1,F,Fraudulent Use of Credit Card,Recidivated,1,African-American,train,0.427,0,0,0
Male,40,25 - 45,African-American,0,0,0,0,F,Aggravated Battery,Survived,0,African-American,train,0.297,0,0,0
Male,34,25 - 45,African-American,1,0,0,10,F,Possession Of Alprazolam,Recidivated,1,African-American,train,0.785,1,1,1
Male,52,Greater than 45,African-American,0,0,0,1,F,Tampering With Physical Evidence,Survived,0,African-American,test,0.246,0,0,0
Male,38,25 - 45,African-American,0,0,0,2,F,Aggrav Battery w/Deadly Weapon,Recidivated,1,African-American,train,0.381,0,0,0
Male,55,Greater than 45,African-American,0,0,0,0,F,Failure To Return Hired Vehicle,Survived,0,African-American,test,0.202,0,0,0
Male,23,Less than 25,Caucasian,0,0,1,1,M,DUI Property Damage/Injury,Survived,0,Caucasian,test,0.566,1,1,1
Female,47,Greater than 45,Other,0,0,0,0,F,Aggravated Assault W/dead Weap,Survived,0,Other,test,0.246,0,0,0
Male,61,Greater than 45,Hispanic,0,0,0,2,F,Felony Petit Theft,Recidivated,1,Other,test,0.222,0,0,0
Male,26,25 - 45,African-American,0,0,0,0,F,Felony Batt(Great Bodily Harm),Survived,0,African-American,train,0.397,0,0,0
Male,43,25 - 45,African-American,0,0,0,0,F,Uttering a Forged Instrument,Recidivated,1,African-American,test,0.277,0,0,0
Male,33,25 - 45,African-American,0,0,0,21,M,Viol Pretrial Release Dom Viol,Recidivated,1,African-American,train,0.909,1,1,1
Male,21,Less than 25,Caucasian,0,0,1,0,M,Burglary Structure Unoccup,Survived,0,Caucasian,train,0.543,1,1,1
Male,22,Less than 25,African-American,0,0,0,1,F,Tampering With Physical Evidence,Recidivated,1,African-American,train,0.56,1,1,1
Male,35,25 - 45,Caucasian,0,0,0,2,F,Possession Of Amphetamine,Survived,0,Caucasian,train,0.403,0,0,1
Female,37,25 - 45,African-American,0,0,0,3,F,arrest case no charge,Survived,0,African-American,train,0.426,0,0,0
Male,41,25 - 45,Caucasian,0,0,0,3,M,Battery,Recidivated,1,Caucasian,train,0.319,0,0,0
Female,30,25 - 45,Caucasian,0,0,0,4,F,arrest case no charge,Survived,0,Caucasian,train,0.52,1,1,1
Male,21,Less than 25,African-American,0,0,0,0,F,Grand Theft (Motor Vehicle),Survived,0,African-American,test,0.53,1,1,0
Male,24,Less than 25,Caucasian,0,0,0,0,F,Possession of Cannabis,Survived,0,Caucasian,test,0.506,1,1,1
Female,23,Less than 25,Caucasian,0,0,0,0,F,Grand Theft in the 3rd Degree,Recidivated,1,Caucasian,train,0.514,1,1,1
Female,26,25 - 45,Other,0,0,0,4,M,Battery,Recidivated,1,Other,train,0.469,0,0,1
Male,26,25 - 45,African-American,0,3,0,3,M,Operating W/O Valid License,Recidivated,1,African-American,train,0.355,0,0,0
Female,24,Less than 25,African-American,0,0,0,3,M,PL/Unlaw Use Credit Card,Recidivated,1,African-American,test,0.54,1,1,1
Male,44,25 - 45,African-American,0,0,0,0,M,Viol Injunct Domestic Violence,Survived,0,African-American,test,0.211,0,0,0
Male,42,25 - 45,Caucasian,0,0,0,0,F,Possession of LSD,Survived,0,Caucasian,train,0.284,0,0,0
Male,45,Greater than 45,Caucasian,0,0,0,1,M,DUI Property Damage/Injury,Survived,0,Caucasian,train,0.226,0,0,0
Male,25,25 - 45,African-American,0,1,0,7,F,Resist Officer w/Violence,Recidivated,1,African-American,train,0.646,1,1,1
Male,33,25 - 45,Caucasian,0,0,0,0,F,Grand Theft in the 3rd Degree,Survived,0,Caucasian,train,0.345,0,0,0
Male,25,25 - 45,Caucasian,0,0,0,0,M,DUI Level 0.15 Or Minor In Veh,Survived,0,Caucasian,train,0.328,0,0,0
Male,39,25 - 45,Caucasian,0,0,0,0,M,Battery,Survived,0,Caucasian,test,0.238,0,0,0
Male,30,25 - 45,Caucasian,0,0,0,1,F,Burglary Unoccupied Dwelling,Survived,0,Caucasian,train,0.404,0,0,1
Female,30,25 - 45,Caucasian,0,0,0,0,M,Battery,Survived,0,Caucasian,train,0.294,0,0,0
Male,26,25 - 45,African-American,1,1,0,18,F,Grand Theft (Motor Vehicle),Recidivated,1,African-American,train,0.936,1,1,1
Male,34,25 - 45,Other,0,0,0,0,F,Grand Theft (Motor Vehicle),Survived,0,Other,test,0.338,0,0,0
Female,26,25 - 45,Caucasian,0,0,0,1,F,Possession of Cocaine,Survived,0,Caucasian,test,0.435,0,0,1
Male,38,25 - 45,African-American,0,0,0,2,F,Possession of Cocaine,Recidivated,1,African-American,train,0.381,0,0,0
Female,29,25 - 45,Caucasian,0,0,0,0,M,DUI Property Damage/Injury,Survived,0,Caucasian,train,0.301,0,0,0
Male,20,Less than 25,Caucasian,1,0,0,1,F,arrest case no charge,Recidivated,1,Caucasian,train,0.671,1,1,1
Male,22,Less than 25,African-American,0,0,0,0,F,Grand Theft in the 3rd Degree,Survived,0,African-American,test,0.522,1,1,0
Male,47,Greater than 45,African-American,0,0,0,0,F,Poss Pyrrolidinovalerophenone,Recidivated,1,African-American,test,0.246,0,0,0
Female,36,25 - 45,African-American,0,0,0,1,F,Driving While License Revoked,Recidivated,1,African-American,train,0.359,0,0,0
Male,23,Less than 25,Other,0,0,0,0,M,Battery,Survived,0,Other,test,0.432,0,0,0
Female,39,25 - 45,Caucasian,0,0,0,0,M,Lve/Scen/Acc/Veh/Prop/Damage,Recidivated,1,Caucasian,test,0.238,0,0,0
Male,33,25 - 45,African-American,0,0,0,2,F,Tamper With Witness,Survived,0,African-American,test,0.419,0,0,0
Male,29,25 - 45,African-American,0,1,1,8,F,Poss Pyrrolidinovalerophenone,Recidivated,1,African-American,train,0.734,1,1,1
Male,53,Greater than 45,African-American,0,0,0,4,F,Possession of Cocaine,Survived,0,African-American,train,0.335,0,0,0
Male,38,25 - 45,Hispanic,0,0,0,2,M,Driving Under The Influence,Survived,0,Other,test,0.306,0,0,0
Female,34,25 - 45,African-American,0,0,0,1,F,Grand Theft in the 3rd Degree,Survived,0,African-American,test,0.374,0,0,0
Male,24,Less than 25,Hispanic,0,0,0,2,F,arrest case no charge,Survived,0,Other,train,0.583,1,1,1
Female,38,25 - 45,Caucasian,0,0,0,2,M,Battery,Survived,0,Caucasian,train,0.306,0,0,0
Male,25,25 - 45,Caucasian,4,0,1,13,F,arrest case no charge,Recidivated,1,Caucasian,test,0.975,1,1,1
Female,38,25 - 45,Caucasian,0,0,0,1,M,DUI Property Damage/Injury,Survived,0,Caucasian,train,0.274,0,0,0
Male,56,Greater than 45,African-American,0,0,0,5,F,Lewd or Lascivious Molestation,Recidivated,1,African-American,train,0.349,0,0,0
Male,43,25 - 45,Caucasian,0,0,0,2,F,Crimin Mischief Damage $1000+,Recidivated,1,Caucasian,train,0.344,0,0,0
Male,22,Less than 25,African-American,0,0,0,0,F,Burglary Dwelling Armed,Recidivated,1,African-American,train,0.522,1,1,0
Male,32,25 - 45,Other,0,0,0,0,F,Neglect Child / No Bodily Harm,Survived,0,Other,train,0.353,0,0,0
Male,23,Less than 25,African-American,0,0,0,3,F,Grand Theft (Motor Vehicle),Recidivated,1,African-American,train,0.628,1,1,1
Male,45,Greater than 45,Other,0,0,0,0,M,DUI Property Damage/Injury,Survived,0,Other,train,0.2,0,0,0
Male,21,Less than 25,African-American,0,1,0,2,F,Possession of Cannabis,Survived,0,African-American,train,0.581,1,1,1
Female,29,25 - 45,African-American,0,0,0,0,M,Battery,Survived,0,African-American,train,0.301,0,0,0
Male,25,25 - 45,African-American,0,0,0,1,F,"Poss3,4 Methylenedioxymethcath",Survived,0,African-American,test,0.443,0,0,0
Male,46,Greater than 45,Hispanic,0,0,0,13,F,Grand Theft in the 3rd Degree,Survived,0,Other,train,0.719,1,1,1
Male,25,25 - 45,African-American,0,0,0,0,F,Pos Cannabis W/Intent Sel/Del,Recidivated,1,African-American,train,0.405,0,0,0
Male,37,25 - 45,Hispanic,0,0,0,1,F,Aggravated Battery On 65/Older,Survived,0,Other,train,0.352,0,0,0
Male,21,Less than 25,Caucasian,0,0,0,0,F,False Ownership Info/Pawn Item,Recidivated,1,Caucasian,test,0.53,1,1,1
Female,39,25 - 45,Caucasian,0,0,0,2,F,Possession Of Cocaine,Recidivated,1,Caucasian,train,0.373,0,0,0
Male,43,25 - 45,African-American,0,0,0,8,F,Criminal Mischief,Recidivated,1,African-American,test,0.572,1,1,0
Male,22,Less than 25,African-American,0,0,0,0,M,Battery,Recidivated,1,African-American,train,0.439,0,0,0
Male,27,25 - 45,Caucasian,0,0,0,7,F,Possession of Hydrocodone,Recidivated,1,Caucasian,train,0.655,1,1,1
Male,27,25 - 45,Other,0,0,0,0,F,Fleeing Or Attmp Eluding A Leo,Recidivated,1,Other,train,0.39,0,0,0
Male,31,25 - 45,Caucasian,0,0,0,1,F,Grand Theft in the 3rd Degree,Recidivated,1,Caucasian,test,0.396,0,0,1
Male,58,Greater than 45,Caucasian,0,0,0,3,M,DUI - Enhanced,Survived,0,Caucasian,train,0.209,0,0,0
Male,26,25 - 45,African-American,0,0,0,6,M,Susp Drivers Lic 1st Offense,Recidivated,1,African-American,train,0.547,1,1,0
Female,23,Less than 25,African-American,0,1,0,1,M,Battery,Survived,0,African-American,train,0.444,0,0,0
Male,22,Less than 25,Caucasian,0,0,0,0,F,"Deliver 3,4 Methylenediox",Survived,0,Caucasian,train,0.522,1,1,1
Male,35,25 - 45,Hispanic,0,0,0,2,F,Aggravated Assault w/Firearm,Survived,0,Other,test,0.403,0,0,0
Male,29,25 - 45,African-American,0,0,1,17,F,Grand Theft Dwell Property,Recidivated,1,African-American,test,0.926,1,1,1
Female,54,Greater than 45,Caucasian,0,0,0,1,M,Petit Theft,Survived,0,Caucasian,train,0.18,0,0,0
Male,29,25 - 45,Caucasian,0,0,0,0,F,Aggravated Battery,Survived,0,Caucasian,train,0.375,0,0,0
Male,51,Greater than 45,African-American,0,0,0,17,F,Possession of Cocaine,Recidivated,1,African-American,train,0.803,1,1,1
Female,36,25 - 45,African-American,0,0,0,0,M,arrest case no charge,Survived,0,African-American,train,0.256,0,0,0
Female,37,25 - 45,Hispanic,0,0,0,0,M,Battery,Survived,0,Other,test,0.25,0,0,0
Male,30,25 - 45,African-American,0,0,0,21,F,Driving While License Revoked,Recidivated,1,African-American,train,0.939,1,1,1
Male,30,25 - 45,African-American,0,1,0,9,F,Criminal Mischief,Recidivated,1,African-American,test,0.68,1,1,1
Male,23,Less than 25,African-American,0,0,0,1,F,Grand Theft in the 3rd Degree,Survived,0,African-American,train,0.553,1,1,1
Female,27,25 - 45,African-American,0,0,0,0,F,Neglect Child / Bodily Harm,Recidivated,1,African-American,train,0.39,0,0,0
Male,42,25 - 45,African-American,0,0,0,1,F,arrest case no charge,Survived,0,African-American,train,0.316,0,0,0
Male,23,Less than 25,African-American,0,0,0,2,F,Burglary Dwelling Occupied,Recidivated,1,African-American,train,0.591,1,1,1
Male,31,25 - 45,Caucasian,0,0,0,1,F,Possession of Cocaine,Recidivated,1,Caucasian,train,0.396,0,0,1
Male,43,25 - 45,African-American,0,0,0,1,M,Battery,Recidivated,1,African-American,train,0.244,0,0,0
Male,31,25 - 45,African-American,0,0,0,0,M,Aggravated Assault W/dead Weap,Survived,0,African-American,test,0.288,0,0,0
Male,22,Less than 25,Caucasian,0,0,0,3,F,Burglary Conveyance Unoccup,Recidivated,1,Caucasian,train,0.635,1,1,1
Male,62,Greater than 45,Caucasian,0,0,0,2,F,Solicit Deliver Cocaine,Survived,0,Caucasian,train,0.217,0,0,0
Female,56,Greater than 45,African-American,0,0,0,1,F,Possession of Cocaine,Recidivated,1,African-American,train,0.223,0,0,0
Female,24,Less than 25,African-American,0,0,0,4,F,Grand Theft on 65 Yr or Older,Recidivated,1,African-American,train,0.656,1,1,1
Male,30,25 - 45,African-American,0,0,0,0,F,Carrying Concealed Firearm,Survived,0,African-American,test,0.367,0,0,0
Male,32,25 - 45,Caucasian,0,0,0,1,M,Battery on Law Enforc Officer,Recidivated,1,Caucasian,train,0.314,0,0,0
Male,51,Greater than 45,Caucasian,0,0,0,3,F,Grand Theft (Motor Vehicle),Survived,0,Caucasian,test,0.315,0,0,0
Male,21,Less than 25,African-American,0,0,0,0,F,Burglary Conveyance Unoccup,Survived,0,African-American,train,0.53,1,1,0
Female,31,25 - 45,African-American,0,0,0,0,F,Aggrav Battery w/Deadly Weapon,Survived,0,African-American,test,0.36,0,0,0
Female,49,Greater than 45,Caucasian,0,0,0,2,F,Possession of Cocaine,Survived,0,Caucasian,test,0.295,0,0,0
Male,20,Less than 25,Caucasian,0,0,5,0,M,Battery,Survived,0,Caucasian,train,0.851,1,1,1
Male,25,25 - 45,African-American,0,0,0,5,F,arrest case no charge,Recidivated,1,African-American,test,0.597,1,1,1
Female,45,Greater than 45,Asian,0,0,0,6,F,Failure To Return Hired Vehicle,Recidivated,1,Other,train,0.47,0,0,1
Male,28,25 - 45,Caucasian,0,0,0,1,M,Battery,Survived,0,Caucasian,test,0.342,0,0,0
Male,39,25 - 45,Caucasian,0,0,0,0,F,Resist Officer w/Violence,Recidivated,1,Caucasian,train,0.303,0,0,0
Male,59,Greater than 45,Hispanic,0,0,0,1,F,Possession Of Methamphetamine,Recidivated,1,Other,test,0.207,0,0,0
Male,52,Greater than 45,African-American,0,0,0,4,M,Battery,Survived,0,African-American,test,0.272,0,0,0
Male,30,25 - 45,African-American,0,0,0,2,F,Deliver Cocaine,Recidivated,1,African-American,test,0.442,0,0,0
Female,34,25 - 45,African-American,0,0,0,6,F,arrest case no charge,Survived,0,African-American,test,0.566,1,1,1
Male,54,Greater than 45,African-American,0,0,0,4,F,Possession of Cocaine,Recidivated,1,African-American,train,0.328,0,0,0
Male,28,25 - 45,African-American,0,0,0,0,F,Pos Cannabis W/Intent Sel/Del,Survived,0,African-American,train,0.382,0,0,0
Male,25,25 - 45,Caucasian,0,0,0,2,F,Pos Cannabis W/Intent Sel/Del,Survived,0,Caucasian,train,0.482,0,0,1
Male,30,25 - 45,Other,0,0,0,1,F,Burglary Dwelling Occupied,Survived,0,Other,train,0.404,0,0,0
Male,28,25 - 45,Hispanic,0,0,0,0,M,Battery,Recidivated,1,Other,test,0.308,0,0,0
Male,23,Less than 25,Caucasian,0,0,0,0,F,Deliver Cannabis,Survived,0,Caucasian,train,0.514,1,1,1
Male,22,Less than 25,African-American,0,0,0,0,F,Burglary Unoccupied Dwelling,Recidivated,1,African-American,test,0.522,1,1,0
Male,26,25 - 45,African-American,0,0,0,0,F,arrest case no charge,Survived,0,African-American,train,0.397,0,0,0
Male,25,25 - 45,African-American,0,0,0,1,F,Uttering Forged Bills,Survived,0,African-American,train,0.443,0,0,0
Male,22,Less than 25,Caucasian,0,1,0,2,F,Poss F/Arm Delinq,Recidivated,1,Caucasian,test,0.573,1,1,1
Female,27,25 - 45,Caucasian,0,0,0,0,M,Driving Under The Influence,Recidivated,1,Caucasian,train,0.314,0,0,0
Male,31,25 - 45,African-American,0,0,0,8,F,Driving While License Revoked,Recidivated,1,African-American,train,0.662,1,1,1
Female,52,Greater than 45,Caucasian,0,0,0,0,M,Battery,Survived,0,Caucasian,train,0.167,0,0,0
Female,24,Less than 25,Caucasian,0,0,0,0,F,Possession of Hydrocodone,Survived,0,Caucasian,train,0.506,1,1,1
Male,57,Greater than 45,Other,0,0,0,0,F,Aggravated Assault,Survived,0,Other,test,0.192,0,0,0
Male,25,25 - 45,African-American,0,0,0,11,M,Battery,Recidivated,1,African-American,train,0.731,1,1,1
Male,27,25 - 45,African-American,0,0,0,15,F,Aggravated Battery / Pregnant,Recidivated,1,African-American,test,0.869,1,1,1
Male,55,Greater than 45,African-American,0,0,0,10,M,Battery,Recidivated,1,African-American,train,0.464,0,0,0
Male,23,Less than 25,African-American,0,0,0,3,M,Battery,Survived,0,African-American,train,0.548,1,1,1
Male,40,25 - 45,Asian,0,0,0,0,F,Delivery Of Drug Paraphernalia,Survived,0,Other,test,0.297,0,0,0
Male,25,25 - 45,Other,0,0,0,2,M,Disorderly Conduct,Survived,0,Other,train,0.4,0,0,0
Male,38,25 - 45,African-American,0,0,0,7,F,arrest case no charge,Recidivated,1,African-American,train,0.573,1,1,1
Male,26,25 - 45,African-American,0,0,0,3,F,Burglary Unoccupied Dwelling,Recidivated,1,African-American,train,0.513,1,1,0
Male,41,25 - 45,Caucasian,0,0,0,1,F,Deliver Cannabis,Survived,0,Caucasian,test,0.323,0,0,0
Female,33,25 - 45,Other,0,0,0,0,F,Poss Unlaw Issue Driver Licenc,Survived,0,Other,train,0.345,0,0,0
Male,45,Greater than 45,Hispanic,0,0,0,8,F,Aggravated Assault W/dead Weap,Survived,0,Other,train,0.548,1,1,1
Female,22,Less than 25,African-American,0,0,0,0,M,Possess Cannabis/20 Grams Or Less,Recidivated,1,African-American,train,0.439,0,0,0
Male,56,Greater than 45,Caucasian,0,0,0,1,M,Battery,Survived,0,Caucasian,train,0.171,0,0,0
Male,48,Greater than 45,African-American,0,0,0,4,F,Driving While License Revoked,Survived,0,African-American,train,0.371,0,0,0
Male,34,25 - 45,Hispanic,0,0,0,1,F,Aggravated Battery / Pregnant,Survived,0,Other,train,0.374,0,0,0
Male,23,Less than 25,African-American,0,0,1,5,F,False Motor Veh Insurance Card,Recidivated,1,African-American,test,0.772,1,1,1
Male,47,Greater than 45,African-American,0,0,0,3,F,arrest case no charge,Recidivated,1,African-American,train,0.343,0,0,0
Female,33,25 - 45,African-American,0,0,0,1,F,Fail To Redeliv Hire/Leas Prop,Survived,0,African-American,train,0.381,0,0,0
Male,22,Less than 25,Caucasian,0,0,0,0,F,Possession of Cocaine,Survived,0,Caucasian,train,0.522,1,1,1
Male,39,25 - 45,Caucasian,0,0,0,2,F,arrest case no charge,Survived,0,Caucasian,train,0.373,0,0,0
Male,35,25 - 45,Caucasian,0,0,1,1,F,Possession of Cannabis,Survived,0,Caucasian,train,0.459,0,0,1
Male,22,Less than 25,Hispanic,0,0,0,0,M,Leave Acc/Attend Veh/More $50,Survived,0,Other,test,0.439,0,0,0
Male,43,25 - 45,African-American,0,0,0,7,F,Corrupt Public Servant,Recidivated,1,African-American,train,0.533,1,1,1
Male,37,25 - 45,Hispanic,0,0,0,4,M,Burglary Structure Unoccup,Survived,0,Other,train,0.384,0,0,0
Male,60,Greater than 45,Hispanic,0,0,0,0,F,Grand Theft in the 3rd Degree,Survived,0,Other,train,0.178,0,0,0
Female,28,25 - 45,Hispanic,0,0,0,1,F,Grand Theft in the 3rd Degree,Recidivated,1,Other,train,0.42,0,0,0
Female,70,Greater than 45,Other,0,0,0,0,F,Grand Theft in the 3rd Degree,Survived,0,Other,train,0.136,0,0,0
Male,37,25 - 45,Caucasian,0,0,0,0,F,"Poss3,4 Methylenedioxymethcath",Survived,0,Caucasian,train,0.317,0,0,0
Male,21,Less than 25,African-American,0,0,0,1,F,Grand Theft in the 3rd Degree,Recidivated,1,African-American,test,0.568,1,1,1
Male,30,25 - 45,Caucasian,0,0,0,3,M,Battery,Survived,0,Caucasian,train,0.399,0,0,1
Male,37,25 - 45,Hispanic,0,0,0,6,F,Felony Driving While Lic Suspd,Recidivated,1,Other,test,0.542,1,1,1
Male,27,25 - 45,African-American,0,0,0,1,F,Burglary Conveyance Unoccup,Survived,0,African-American,train,0.427,0,0,0
Male,41,25 - 45,African-American,0,0,1,7,M,Battery,Recidivated,1,African-American,test,0.562,1,1,1
Female,30,25 - 45,African-American,0,0,0,7,M,Battery,Recidivated,1,African-American,train,0.554,1,1,1
Male,32,25 - 45,African-American,0,1,3,7,F,Felony Battery w/Prior Convict,Recidivated,1,African-American,train,0.822,1,1,1
Male,32,25 - 45,African-American,0,0,0,3,F,Grand Theft (Motor Vehicle),Survived,0,African-American,test,0.465,0,0,0
Female,34,25 - 45,Caucasian,0,0,0,5,F,Possession Of Heroin,Recidivated,1,Caucasian,test,0.527,1,1,1
Female,53,Greater than 45,Caucasian,0,0,0,0,M,Driving Under The Influence,Survived,0,Caucasian,test,0.163,0,0,0
Male,33,25 - 45,African-American,0,0,0,4,M,Battery,Survived,0,African-American,train,0.414,0,0,0
Female,26,25 - 45,African-American,0,0,0,1,F,arrest case no charge,Survived,0,African-American,train,0.435,0,0,0
Male,20,Less than 25,Caucasian,0,0,0,0,F,Possession Burglary Tools,Recidivated,1,Caucasian,test,0.538,1,1,1
Male,64,Greater than 45,African-American,0,0,0,13,M,Possession of Cocaine,Survived,0,African-American,train,0.509,1,1,0
Female,57,Greater than 45,Caucasian,0,0,0,0,M,Driving Under The Influence,Survived,0,Caucasian,train,0.146,0,0,0
Female,46,Greater than 45,Caucasian,0,0,0,0,M,Leaving Acc/Unattended Veh,Survived,0,Caucasian,test,0.195,0,0,0
Male,56,Greater than 45,African-American,0,0,0,16,F,Possession of Cocaine,Survived,0,African-American,test,0.748,1,1,1
Female,39,25 - 45,Caucasian,0,0,0,0,M,Driving Under The Influence,Survived,0,Caucasian,train,0.238,0,0,0
Male,28,25 - 45,African-American,0,0,0,1,M,Battery,Recidivated,1,African-American,train,0.342,0,0,0
Male,38,25 - 45,Caucasian,0,0,0,0,M,DUI Level 0.15 Or Minor In Veh,Survived,0,Caucasian,test,0.244,0,0,0
Male,31,25 - 45,Caucasian,0,0,0,2,F,Possession Burglary Tools,Survived,0,Caucasian,train,0.434,0,0,1
Male,41,25 - 45,Other,0,0,0,31,F,Driving While License Revoked,Recidivated,1,Other,train,0.981,1,1,1
Male,57,Greater than 45,Other,0,0,0,0,M,Battery,Survived,0,Other,train,0.146,0,0,0
Male,36,25 - 45,African-American,0,0,0,2,F,Burglary Unoccupied Dwelling,Recidivated,1,African-American,test,0.396,0,0,0
Male,41,25 - 45,African-American,1,1,0,24,F,Possession of Cocaine,Recidivated,1,African-American,test,0.959,1,1,1
Male,27,25 - 45,Caucasian,0,0,0,0,F,Grand Theft (Motor Vehicle),Survived,0,Caucasian,train,0.39,0,0,1
Female,58,Greater than 45,Other,0,0,0,0,F,Possession of Cocaine,Recidivated,1,Other,train,0.187,0,0,0
Male,34,25 - 45,Caucasian,0,0,0,5,F,Possession of Cocaine,Survived,0,Caucasian,test,0.527,1,1,1
Male,27,25 - 45,African-American,0,0,0,2,F,arrest case no charge,Survived,0,African-American,test,0.466,0,0,0
Male,27,25 - 45,African-American,0,0,0,0,F,Uttering Forged Credit Card,Survived,0,African-American,train,0.39,0,0,0
Male,20,Less than 25,Other,0,0,0,0,F,Uttering a Forged Instrument,Recidivated,1,Other,test,0.538,1,1,1
Male,41,25 - 45,African-American,0,0,0,19,F,Del Cannabis At/Near Park,Recidivated,1,African-American,train,0.888,1,1,1
Male,37,25 - 45,Other,0,0,0,0,F,Tampering With Physical Evidence,Recidivated,1,Other,train,0.317,0,0,0
Male,30,25 - 45,Other,0,0,0,2,F,arrest case no charge,Survived,0,Other,train,0.442,0,0,0
Male,20,Less than 25,African-American,1,1,1,4,F,Grand Theft in the 3rd Degree,Recidivated,1,African-American,train,0.811,1,1,1
Male,41,25 - 45,Caucasian,0,0,0,0,F,Grand Theft in the 3rd Degree,Recidivated,1,Caucasian,train,0.29,0,0,0
Male,25,25 - 45,Caucasian,0,0,0,0,F,Grand Theft in the 3rd Degree,Survived,0,Caucasian,train,0.405,0,0,1
Male,25,25 - 45,African-American,0,0,0,2,F,Crimin Mischief Damage $1000+,Recidivated,1,African-American,test,0.482,0,0,0
Male,22,Less than 25,African-American,0,0,0,1,F,Possession Of Alprazolam,Recidivated,1,African-American,train,0.56,1,1,1
Female,25,25 - 45,African-American,0,0,0,0,F,Possession of Oxycodone,Survived,0,African-American,test,0.405,0,0,0
Male,40,25 - 45,Hispanic,0,0,0,0,F,Grand Theft in the 3rd Degree,Survived,0,Other,train,0.297,0,0,0
Female,49,Greater than 45,Caucasian,0,0,0,4,M,Battery,Survived,0,Caucasian,train,0.291,0,0,0
Male,21,Less than 25,Native American,0,0,1,0,M,Battery,Recidivated,1,Other,test,0.543,1,1,1
Male,21,Less than 25,Caucasian,0,0,0,1,F,Possession of Cannabis,Survived,0,Caucasian,train,0.568,1,1,1
Male,57,Greater than 45,African-American,0,0,0,8,M,Misuse Of 911 Or E911 System,Survived,0,African-American,test,0.373,0,0,0
Male,22,Less than 25,African-American,0,0,0,2,M,Battery,Recidivated,1,African-American,test,0.517,1,1,0
Male,26,25 - 45,African-American,0,0,0,5,F,arrest case no charge,Recidivated,1,African-American,test,0.59,1,1,1
Male,56,Greater than 45,Caucasian,0,0,0,1,F,Tamper With Witness,Recidivated,1,Caucasian,test,0.223,0,0,0
Male,23,Less than 25,African-American,0,0,1,2,F,Tampering With Physical Evidence,Recidivated,1,African-American,train,0.68,1,1,1
Male,21,Less than 25,African-American,0,0,0,0,F,Poss F/Arm Delinq,Recidivated,1,African-American,train,0.53,1,1,0
Female,28,25 - 45,Other,0,0,1,1,F,Agg Abuse Elderlly/Disabled Adult,Survived,0,Other,test,0.515,1,1,1
Male,28,25 - 45,Caucasian,1,1,1,4,M,Burglary Conveyance Unoccup,Recidivated,1,Caucasian,train,0.622,1,1,1
Female,24,Less than 25,Caucasian,0,0,0,9,M,Possess Drug Paraphernalia,Recidivated,1,Caucasian,test,0.749,1,1,1
Male,22,Less than 25,African-American,0,0,0,1,F,arrest case no charge,Recidivated,1,African-American,test,0.56,1,1,1
Male,50,Greater than 45,Caucasian,0,0,0,1,F,Agg Battery Grt/Bod/Harm,Survived,0,Caucasian,train,0.258,0,0,0
Male,28,25 - 45,Caucasian,0,0,0,0,F,Felony Battery (Dom Strang),Recidivated,1,Caucasian,train,0.382,0,0,1
Male,26,25 - 45,Hispanic,0,0,1,2,M,Battery,Survived,0,Other,train,0.487,0,1,1
Male,43,25 - 45,Caucasian,0,0,0,0,M,Battery,Survived,0,Caucasian,train,0.216,0,0,0
Male,22,Less than 25,African-American,0,0,0,1,F,arrest case no charge,Survived,0,African-American,train,0.56,1,1,1
Male,52,Greater than 45,African-American,0,0,0,0,F,Possession of Cocaine,Recidivated,1,African-American,train,0.218,0,0,0
Male,24,Less than 25,African-American,0,0,0,0,F,Obstruct Fire Equipment,Survived,0,African-American,train,0.506,1,1,0
Male,26,25 - 45,African-American,0,1,0,5,F,Resist Officer w/Violence,Survived,0,African-American,train,0.564,1,1,1
Male,19,Less than 25,Caucasian,0,0,0,0,M,Battery,Recidivated,1,Caucasian,train,0.463,0,0,1
Female,29,25 - 45,African-American,0,0,0,0,F,Grand Theft in the 3rd Degree,Survived,0,African-American,test,0.375,0,0,0
Male,38,25 - 45,African-American,0,0,0,1,F,arrest case no charge,Recidivated,1,African-American,test,0.345,0,0,0
Male,23,Less than 25,Other,0,0,0,2,F,"Deliver 3,4 Methylenediox",Survived,0,Other,train,0.591,1,1,1
Male,26,25 - 45,Other,0,0,0,0,F,Crim Use of Personal ID Info,Recidivated,1,Other,train,0.397,0,0,0
Female,29,25 - 45,African-American,0,0,0,1,M,Battery,Survived,0,African-American,train,0.335,0,0,0
Male,24,Less than 25,African-American,0,0,0,1,F,Grand Theft (Motor Vehicle),Survived,0,African-American,test,0.545,1,1,1
Male,31,25 - 45,Hispanic,0,0,0,1,F,Aggravated Battery / Pregnant,Recidivated,1,Other,train,0.396,0,0,0
Male,50,Greater than 45,Caucasian,0,0,0,0,F,Felony Battery (Dom Strang),Survived,0,Caucasian,train,0.229,0,0,0
Female,24,Less than 25,African-American,0,0,0,0,M,Criminal Mischief>$200<$1000,Survived,0,African-American,train,0.424,0,0,0
Male,36,25 - 45,African-American,0,0,0,13,F,arrest case no charge,Recidivated,1,African-American,train,0.784,1,1,1
Male,42,25 - 45,African-American,0,0,0,1,M,Battery,Recidivated,1,African-American,train,0.249,0,0,0
Male,26,25 - 45,African-American,0,0,0,5,F,Burglary Dwelling Occupied,Recidivated,1,African-American,train,0.59,1,1,1
Male,23,Less than 25,African-American,0,1,2,2,F,Attempted Robbery  No Weapon,Recidivated,1,African-American,test,0.737,1,1,1
Male,27,25 - 45,Caucasian,0,0,0,0,M,Battery,Survived,0,Caucasian,train,0.314,0,0,0
Male,24,Less than 25,Caucasian,0,0,0,0,F,Possession of Cocaine,Survived,0,Caucasian,train,0.506,1,1,1
Male,21,Less than 25,Caucasian,0,0,1,0,F,Battery on Law Enforc Officer,Recidivated,1,Caucasian,train,0.623,1,1,1
Male,26,25 - 45,African-American,0,0,0,3,M,Battery,Recidivated,1,African-American,test,0.43,0,0,0
Male,36,25 - 45,Caucasian,0,0,0,1,F,Possession of Oxycodone,Survived,0,Caucasian,train,0.359,0,0,0
Male,21,Less than 25,African-American,0,0,0,0,F,Aggravated Battery,Recidivated,1,African-American,test,0.53,1,1,0
Female,20,Less than 25,African-American,0,0,0,0,F,Burglary Unoccupied Dwelling,Recidivated,1,African-American,test,0.538,1,1,0
Male,49,Greater than 45,Caucasian,0,0,0,4,M,Disorderly Conduct,Survived,0,Caucasian,train,0.291,0,0,0
Male,20,Less than 25,African-American,0,0,0,0,F,Tampering With Physical Evidence,Recidivated,1,African-American,train,0.538,1,1,1
Male,44,25 - 45,Caucasian,0,0,0,1,M,Battery,Survived,0,Caucasian,train,0.238,0,0,0
Male,25,25 - 45,African-American,0,0,0,1,F,arrest case no charge,Survived,0,African-American,train,0.443,0,0,0
Male,20,Less than 25,African-American,0,0,0,0,F,Aggrav Battery w/Deadly Weapon,Recidivated,1,African-American,train,0.538,1,1,1
Male,21,Less than 25,African-American,0,0,0,1,F,Grand Theft in the 3rd Degree,Recidivated,1,African-American,train,0.568,1,1,0
Male,44,25 - 45,Caucasian,0,0,0,3,F,Grand Theft in the 3rd Degree,Survived,0,Caucasian,train,0.372,0,0,0
Male,30,25 - 45,African-American,0,0,0,1,F,Felony Petit Theft,Survived,0,African-American,train,0.404,0,0,0
Male,23,Less than 25,Caucasian,0,0,0,0,M,Resist/Obstruct W/O Violence,Recidivated,1,Caucasian,test,0.432,0,0,1
Male,44,25 - 45,Caucasian,0,0,0,1,F,Possession Of Heroin,Recidivated,1,Caucasian,test,0.303,0,0,0
Male,39,25 - 45,Caucasian,0,0,0,1,F,Pos Cannabis W/Intent Sel/Del,Survived,0,Caucasian,train,0.337,0,0,0
Male,19,Less than 25,Hispanic,2,0,0,2,F,arrest case no charge,Recidivated,1,Other,train,0.787,1,1,1
Male,24,Less than 25,Caucasian,0,0,2,3,F,Purchase Cannabis,Survived,0,Caucasian,test,0.779,1,1,1
Male,37,25 - 45,African-American,0,0,0,0,F,Poss Similitude of Drivers Lic,Survived,0,African-American,test,0.317,0,0,0
Female,64,Greater than 45,Caucasian,0,0,0,0,M,Battery,Survived,0,Caucasian,train,0.12,0,0,0
Male,43,25 - 45,Caucasian,0,0,0,8,F,arrest case no charge,Survived,0,Caucasian,test,0.572,1,1,1
Male,25,25 - 45,Caucasian,0,0,0,3,F,arrest case no charge,Recidivated,1,Caucasian,train,0.521,1,1,1
Male,26,25 - 45,African-American,0,0,0,1,F,Felony Driving While Lic Suspd,Survived,0,African-American,train,0.435,0,0,0
Female,33,25 - 45,Caucasian,0,0,0,1,M,Possess Cannabis/20 Grams Or Less,Survived,0,Caucasian,test,0.307,0,0,0
Male,50,Greater than 45,Caucasian,0,0,0,9,M,Susp Drivers Lic 1st Offense,Recidivated,1,Caucasian,train,0.465,0,0,1
Male,27,25 - 45,African-American,0,0,0,0,M,Child Abuse,Recidivated,1,African-American,train,0.314,0,0,0
Male,34,25 - 45,Other,0,0,0,2,M,arrest case no charge,Survived,0,Other,train,0.334,0,0,0
Male,44,25 - 45,Other,0,0,0,0,F,False Imprisonment,Survived,0,Other,test,0.271,0,0,0
Male,31,25 - 45,African-American,0,0,0,6,M,Battery,Recidivated,1,African-American,test,0.507,1,0,0
Male,26,25 - 45,African-American,0,0,0,2,F,Grand Theft in the 3rd Degree,Recidivated,1,African-American,train,0.474,0,0,0
Male,20,Less than 25,African-American,2,2,0,4,F,Possession of Cocaine,Recidivated,1,African-American,train,0.798,1,1,1
Male,41,25 - 45,Hispanic,0,0,0,1,F,Possession of Cocaine,Recidivated,1,Other,test,0.323,0,0,0
Male,29,25 - 45,African-American,3,0,0,6,F,arrest case no charge,Survived,0,African-American,test,0.838,1,1,1
Male,31,25 - 45,Other,0,0,0,0,M,Battery,Survived,0,Other,test,0.288,0,0,0
Male,59,Greater than 45,Caucasian,0,0,0,0,M,Leaving Acc/Unattended Veh,Survived,0,Caucasian,train,0.138,0,0,0
Male,36,25 - 45,Caucasian,0,0,0,11,M,Battery,Recidivated,1,Caucasian,test,0.657,1,1,1
Male,46,Greater than 45,Caucasian,0,0,0,26,F,Burglary Unoccupied Dwelling,Recidivated,1,Caucasian,train,0.951,1,1,1
Male,59,Greater than 45,Caucasian,0,0,0,2,M,Battery,Recidivated,1,Caucasian,test,0.18,0,0,0
Male,51,Greater than 45,Hispanic,0,0,0,1,F,arrest case no charge,Survived,0,Other,train,0.252,0,0,0
Male,36,25 - 45,African-American,0,0,0,0,F,Crim Use of Personal ID Info,Survived,0,African-American,test,0.324,0,0,0
Male,61,Greater than 45,Caucasian,0,0,0,0,M,Petit Theft,Survived,0,Caucasian,train,0.131,0,0,0
Female,38,25 - 45,African-American,0,0,0,0,M,Fail To Obey Police Officer,Survived,0,African-American,train,0.244,0,0,0
Male,68,Greater than 45,African-American,0,0,0,2,F,Tampering With Physical Evidence,Survived,0,African-American,train,0.186,0,0,0
Male,46,Greater than 45,African-American,0,0,0,3,F,False Ownership Info/Pawn Item,Recidivated,1,African-American,train,0.35,0,0,0
Male,41,25 - 45,Caucasian,0,0,0,1,F,Felony Battery (Dom Strang),Recidivated,1,Caucasian,train,0.323,0,0,0
Male,30,25 - 45,Other,0,0,0,0,F,arrest case no charge,Survived,0,Other,train,0.367,0,0,0
Male,41,25 - 45,African-American,0,0,0,1,F,Grand Theft in the 3rd Degree,Survived,0,African-American,test,0.323,0,0,0
Male,33,25 - 45,Caucasian,0,0,0,1,F,arrest case no charge,Survived,0,Caucasian,train,0.381,0,0,0
Male,23,Less than 25,African-American,0,0,0,0,F,Grand Theft (Motor Vehicle),Survived,0,African-American,test,0.514,1,1,0
Female,47,Greater than 45,Caucasian,0,0,0,28,F,Felony Committing Prostitution,Recidivated,1,Caucasian,test,0.963,1,1,1
Female,51,Greater than 45,Caucasian,0,0,0,0,F,Possession of Oxycodone,Survived,0,Caucasian,train,0.224,0,0,0
Male,43,25 - 45,African-American,0,0,0,0,M,Driving Under The Influence,Survived,0,African-American,test,0.216,0,0,0
Male,26,25 - 45,African-American,0,0,0,4,F,"Poss3,4 Methylenedioxymethcath",Recidivated,1,African-American,train,0.551,1,1,0
Male,47,Greater than 45,Other,0,0,0,0,M,Battery,Survived,0,Other,train,0.19,0,0,0
Male,60,Greater than 45,African-American,0,0,0,1,F,arrest case no charge,Survived,0,African-American,train,0.202,0,0,0
Male,20,Less than 25,Caucasian,0,0,0,0,F,Leaving the Scene of Accident,Recidivated,1,Caucasian,train,0.538,1,1,1
Female,28,25 - 45,Caucasian,0,0,0,0,M,Culpable Negligence,Survived,0,Caucasian,train,0.308,0,0,0
Male,28,25 - 45,African-American,0,2,0,7,F,Possession of Cocaine,Recidivated,1,African-American,test,0.598,1,1,1
Male,58,Greater than 45,Caucasian,0,0,0,2,M,Battery,Recidivated,1,Caucasian,train,0.184,0,0,0
Male,48,Greater than 45,Other,0,0,0,1,F,Aggravated Assault W/Dead Weap,Survived,0,Other,train,0.27,0,0,0
Male,28,25 - 45,African-American,0,0,0,8,F,Deliver Cocaine,Recidivated,1,African-American,train,0.683,1,1,1
Male,45,Greater than 45,Caucasian,0,0,0,2,M,Battery,Survived,0,Caucasian,train,0.255,0,0,0
Male,28,25 - 45,African-American,0,0,0,6,F,Grand Theft (Motor Vehicle),Recidivated,1,African-American,train,0.612,1,1,1
Male,29,25 - 45,African-American,0,0,0,0,F,Grand Theft (Motor Vehicle),Survived,0,African-American,train,0.375,0,0,0
Female,55,Greater than 45,Caucasian,0,0,0,2,F,Possession of Cocaine,Survived,0,Caucasian,train,0.257,0,0,0
Male,68,Greater than 45,Hispanic,0,0,0,0,M,DUI Level 0.15 Or Minor In Veh,Survived,0,Other,train,0.107,0,0,0
Male,22,Less than 25,Hispanic,0,0,0,0,F,Grand Theft (Motor Vehicle),Recidivated,1,Other,test,0.522,1,1,1
Male,24,Less than 25,Caucasian,0,0,0,3,F,Grand Theft (Motor Vehicle),Recidivated,1,Caucasian,test,0.62,1,1,1
Male,34,25 - 45,African-American,2,0,1,8,F,Possession of Cocaine,Recidivated,1,African-American,test,0.855,1,1,1
Female,23,Less than 25,African-American,0,0,0,3,F,Grand Theft (Motor Vehicle),Recidivated,1,African-American,test,0.628,1,1,1
Male,24,Less than 25,Hispanic,0,0,0,0,F,Burglary Conveyance Occupied,Survived,0,Other,test,0.506,1,1,1
Male,52,Greater than 45,Caucasian,0,0,0,3,M,Battery,Survived,0,Caucasian,train,0.242,0,0,0
Male,34,25 - 45,African-American,2,0,0,8,F,Poss Cocaine/Intent To Del/Sel,Recidivated,1,African-American,train,0.8,1,1,1
Male,30,25 - 45,African-American,0,0,0,3,M,Viol Pretrial Release Dom Viol,Recidivated,1,African-American,train,0.399,0,0,0
Male,26,25 - 45,African-American,0,0,0,0,F,"Poss3,4 Methylenedioxymethcath",Recidivated,1,African-American,train,0.397,0,0,0
Male,34,25 - 45,African-American,0,0,0,2,F,arrest case no charge,Survived,0,African-American,train,0.411,0,0,0
Male,23,Less than 25,Caucasian,0,0,0,0,F,Burglary Unoccupied Dwelling,Survived,0,Caucasian,train,0.514,1,1,1
Male,32,25 - 45,Caucasian,0,0,0,2,F,Pos Cannabis W/Intent Sel/Del,Survived,0,Caucasian,test,0.427,0,0,0
Male,38,25 - 45,African-American,1,5,0,8,M,Battery,Survived,0,African-American,train,0.499,0,0,0
Male,53,Greater than 45,Caucasian,0,0,0,8,M,Battery,Recidivated,1,Caucasian,train,0.403,0,0,1
Male,34,25 - 45,Caucasian,0,0,0,1,F,Grand Theft in the 3rd Degree,Survived,0,Caucasian,train,0.374,0,0,0
Male,25,25 - 45,Caucasian,0,0,0,5,F,Grand Theft in the 3rd Degree,Recidivated,1,Caucasian,train,0.597,1,1,1
Male,54,Greater than 45,African-American,0,0,0,1,M,arrest case no charge,Survived,0,African-American,train,0.18,0,0,0
Male,34,25 - 45,Hispanic,0,0,0,1,M,Battery,Survived,0,Other,train,0.3,0,0,0
Female,23,Less than 25,African-American,0,0,0,2,F,Shoot Into Vehicle,Recidivated,1,African-American,train,0.591,1,1,1
Male,27,25 - 45,Caucasian,0,0,0,1,M,Possess Cannabis/20 Grams Or Less,Recidivated,1,Caucasian,train,0.349,0,0,0
Male,45,Greater than 45,African-American,0,0,0,7,F,Felony Driving While Lic Suspd,Survived,0,African-American,train,0.509,1,1,0
Male,45,Greater than 45,Caucasian,0,0,0,1,M,Disorderly Conduct,Survived,0,Caucasian,test,0.226,0,0,0
Male,28,25 - 45,African-American,1,0,0,12,F,Felony Driving While Lic Suspd,Survived,0,African-American,train,0.858,1,1,1
Female,28,25 - 45,Caucasian,0,0,0,6,M,Petit Theft,Recidivated,1,Caucasian,test,0.531,1,1,1
Male,41,25 - 45,African-American,0,0,0,2,F,Driving While License Revoked,Survived,0,African-American,train,0.358,0,0,0
Male,35,25 - 45,African-American,0,0,2,3,M,Assault,Recidivated,1,African-American,test,0.55,1,1,1
Male,20,Less than 25,African-American,1,0,0,1,F,arrest case no charge,Recidivated,1,African-American,train,0.671,1,1,1
Male,32,25 - 45,African-American,0,3,0,19,F,Possession of Cocaine,Recidivated,1,African-American,train,0.885,1,1,1
Male,26,25 - 45,African-American,0,1,1,8,F,arrest case no charge,Recidivated,1,African-American,train,0.752,1,1,1
Male,22,Less than 25,African-American,0,0,0,1,M,Assault Law Enforcement Officer,Recidivated,1,African-American,test,0.478,0,0,0
Male,21,Less than 25,Hispanic,0,0,2,0,F,Aggravated Assault W/dead Weap,Recidivated,1,Other,test,0.709,1,1,1
Female,23,Less than 25,Caucasian,0,0,2,1,M,Possess Cannabis/20 Grams Or Less,Survived,0,Caucasian,test,0.657,1,1,1
Male,25,25 - 45,African-American,0,0,0,11,M,arrest case no charge,Recidivated,1,African-American,train,0.731,1,1,1
Male,34,25 - 45,Caucasian,0,0,0,13,F,Grand Theft in the 3rd Degree,Recidivated,1,Caucasian,train,0.795,1,1,1
Male,27,25 - 45,African-American,0,5,1,27,M,Possess Cannabis/20 Grams Or Less,Recidivated,1,African-American,train,0.964,1,1,1
Male,26,25 - 45,African-American,0,0,0,7,F,Possession of Cannabis,Survived,0,African-American,train,0.662,1,1,1
Female,42,25 - 45,Caucasian,0,0,0,4,M,Battery,Recidivated,1,Caucasian,train,0.347,0,0,0
Male,27,25 - 45,Hispanic,0,0,0,0,M,Driving Under The Influence,Survived,0,Other,train,0.314,0,0,0
Male,30,25 - 45,Caucasian,0,0,0,1,F,Possession Of Fentanyl,Survived,0,Caucasian,train,0.404,0,0,1
Female,45,Greater than 45,Caucasian,0,0,0,0,F,Battery on Law Enforc Officer,Recidivated,1,Caucasian,train,0.258,0,0,0
Female,31,25 - 45,African-American,0,0,0,2,F,Aggravated Battery / Pregnant,Recidivated,1,African-American,train,0.434,0,0,0
Male,33,25 - 45,African-American,0,0,0,1,F,Felony Battery (Dom Strang),Survived,0,African-American,test,0.381,0,0,0
Male,40,25 - 45,African-American,0,0,0,11,M,Driving License Suspended,Recidivated,1,African-American,train,0.627,1,1,1
Male,21,Less than 25,African-American,0,0,0,0,M,Disorderly Conduct,Recidivated,1,African-American,test,0.447,0,0,0
Male,25,25 - 45,Hispanic,0,0,0,3,F,Possession of Cocaine,Recidivated,1,Other,train,0.521,1,1,1
Female,21,Less than 25,Caucasian,0,0,0,0,F,Grand Theft in the 3rd Degree,Survived,0,Caucasian,test,0.53,1,1,1
Male,41,25 - 45,African-American,0,0,0,3,M,Driving Under The Influence,Recidivated,1,African-American,train,0.319,0,0,0
Male,29,25 - 45,Other,0,0,0,8,F,Felony Petit Theft,Recidivated,1,Other,train,0.676,1,1,1
Female,40,25 - 45,African-American,0,0,0,2,F,Grand Theft in the 3rd Degree,Survived,0,African-American,train,0.366,0,0,0
Female,37,25 - 45,African-American,0,0,0,0,F,Grand Theft in the 3rd Degree,Survived,0,African-American,train,0.317,0,0,0
Female,23,Less than 25,African-American,0,0,0,2,F,arrest case no charge,Recidivated,1,African-American,train,0.591,1,1,1
Male,26,25 - 45,Caucasian,0,0,0,1,F,arrest case no charge,Recidivated,1,Caucasian,train,0.435,0,0,1
Male,39,25 - 45,Caucasian,0,0,0,17,F,Poss Pyrrolidinovalerophenone,Recidivated,1,Caucasian,train,0.86,1,1,1
Male,26,25 - 45,African-American,0,0,0,6,M,Susp Drivers Lic 1st Offense,Survived,0,African-American,train,0.547,1,1,1
Male,51,Greater than 45,African-American,0,0,0,8,M,Disorderly Conduct,Recidivated,1,African-American,test,0.419,0,0,0
Male,22,Less than 25,African-American,0,0,0,0,F,Poss Pyrrolidinovalerophenone,Recidivated,1,African-American,train,0.522,1,1,0
Male,55,Greater than 45,Caucasian,0,0,0,0,M,Battery,Survived,0,Caucasian,train,0.154,0,0,0
Male,30,25 - 45,Other,0,0,0,0,F,arrest case no charge,Survived,0,Other,train,0.367,0,0,0
Male,20,Less than 25,African-American,1,2,0,5,F,Tampering With Physical Evidence,Recidivated,1,African-American,train,0.755,1,1,1
Male,67,Greater than 45,African-American,0,0,0,8,F,Crimin Mischief Damage $1000+,Survived,0,African-American,test,0.376,0,0,0
Male,21,Less than 25,Caucasian,0,0,0,0,F,Grand Theft (Motor Vehicle),Recidivated,1,Caucasian,train,0.53,1,1,1
Male,30,25 - 45,African-American,0,0,0,4,M,Possess Cannabis/20 Grams Or Less,Survived,0,African-American,train,0.437,0,0,0
Male,55,Greater than 45,Caucasian,0,0,0,0,M,DUI Level 0.15 Or Minor In Veh,Survived,0,Caucasian,train,0.154,0,0,0
Male,25,25 - 45,African-American,0,0,0,0,F,Possession of Cocaine,Survived,0,African-American,train,0.405,0,0,0
Male,37,25 - 45,African-American,0,0,0,8,F,arrest case no charge,Survived,0,African-American,train,0.618,1,1,1
Male,37,25 - 45,Caucasian,0,0,0,0,F,"Poss3,4 Methylenedioxymethcath",Survived,0,Caucasian,test,0.317,0,0,0
Male,36,25 - 45,Caucasian,0,0,0,2,M,Driving Under The Influence,Survived,0,Caucasian,train,0.32,0,0,0
Male,26,25 - 45,Caucasian,0,0,0,2,F,Possession of Hydromorphone,Survived,0,Caucasian,train,0.474,0,0,1
Female,37,25 - 45,Caucasian,0,0,0,0,M,Battery,Survived,0,Caucasian,test,0.25,0,0,0
Male,37,25 - 45,Hispanic,0,0,0,1,F,Possession of Oxycodone,Survived,0,Other,test,0.352,0,0,0
Female,41,25 - 45,African-American,0,0,0,0,F,Aggravated Battery,Survived,0,African-American,train,0.29,0,0,0
Male,33,25 - 45,Hispanic,0,0,0,0,M,Battery,Survived,0,Other,test,0.275,0,0,0
Male,33,25 - 45,African-American,0,0,0,0,M,Battery,Survived,0,African-American,test,0.275,0,0,0
Male,33,25 - 45,African-American,4,0,0,12,F,Deliver Cocaine,Recidivated,1,African-American,train,0.946,1,1,1
Male,22,Less than 25,Hispanic,0,0,0,0,F,Possession of Cocaine,Survived,0,Other,test,0.522,1,1,1
Male,26,25 - 45,Caucasian,0,0,0,3,F,Possession of Cannabis,Recidivated,1,Caucasian,train,0.513,1,1,1
Female,33,25 - 45,Caucasian,0,0,0,0,F,Felony Driving While Lic Suspd,Survived,0,Caucasian,test,0.345,0,0,0
Male,45,Greater than 45,Caucasian,0,0,0,21,F,Grand Theft in the 3rd Degree,Recidivated,1,Caucasian,train,0.902,1,1,1
Male,37,25 - 45,Caucasian,1,6,0,13,F,Neglect Child / No Bodily Harm,Survived,0,Caucasian,train,0.737,1,1,1
Female,22,Less than 25,African-American,0,0,0,0,F,Aggrav Battery w/Deadly Weapon,Recidivated,1,African-American,train,0.522,1,1,0
Male,29,25 - 45,Caucasian,4,1,0,10,F,Burglary Conveyance Unoccup,Recidivated,1,Caucasian,train,0.929,1,1,1
Male,41,25 - 45,African-American,2,0,0,6,F,Felony Battery w/Prior Convict,Recidivated,1,African-American,train,0.701,1,1,1
Male,31,25 - 45,Caucasian,0,0,3,9,F,Burglary Dwelling Occupied,Recidivated,1,Caucasian,test,0.879,1,1,1
Male,27,25 - 45,African-American,0,0,0,1,M,Fail Register Vehicle,Survived,0,African-American,train,0.349,0,0,0
Male,31,25 - 45,African-American,1,1,1,13,F,Poss Pyrrolidinovalerophenone,Recidivated,1,African-American,train,0.894,1,1,1
Male,23,Less than 25,Caucasian,0,0,0,0,M,Driving Under The Influence,Survived,0,Caucasian,train,0.432,0,0,1
Male,52,Greater than 45,African-American,0,0,0,7,M,Grand Theft in the 3rd Degree,Recidivated,1,African-American,train,0.374,0,0,0
Male,40,25 - 45,Caucasian,0,0,0,10,F,Felony Petit Theft,Recidivated,1,Caucasian,train,0.667,1,1,1
Female,49,Greater than 45,Caucasian,0,0,0,0,F,Del Cannabis For Consideration,Survived,0,Caucasian,test,0.235,0,0,0
Male,49,Greater than 45,Caucasian,0,0,0,8,F,Uttering a Forged Instrument,Survived,0,Caucasian,train,0.516,1,1,1
Male,24,Less than 25,African-American,0,0,0,3,F,Possess Mot Veh W/Alt Vin #,Recidivated,1,African-American,test,0.62,1,1,1
Male,41,25 - 45,African-American,0,0,0,7,M,arrest case no charge,Survived,0,African-American,train,0.466,0,0,0
Male,40,25 - 45,African-American,0,0,0,1,F,"Poss 3,4 MDMA (Ecstasy)",Recidivated,1,African-American,train,0.33,0,0,0
Male,47,Greater than 45,Caucasian,0,0,0,0,M,Battery,Recidivated,1,Caucasian,train,0.19,0,0,0
Female,20,Less than 25,Caucasian,0,0,0,0,F,arrest case no charge,Recidivated,1,Caucasian,train,0.538,1,1,1
Male,21,Less than 25,African-American,0,0,0,2,M,Littering,Recidivated,1,African-American,train,0.525,1,1,0
Male,44,25 - 45,African-American,0,0,0,8,M,Battery,Recidivated,1,African-American,train,0.482,0,0,0
Male,41,25 - 45,Caucasian,0,0,0,0,M,DUI Property Damage/Injury,Survived,0,Caucasian,train,0.227,0,0,0
Female,67,Greater than 45,African-American,0,0,0,0,F,Aggravated Assault W/dead Weap,Survived,0,African-American,train,0.148,0,0,0
Male,42,25 - 45,Caucasian,0,0,0,1,M,Possession Of Paraphernalia,Survived,0,Caucasian,train,0.249,0,0,0
Male,27,25 - 45,Hispanic,0,0,1,6,F,Driving While License Revoked,Recidivated,1,Other,train,0.705,1,1,1
Male,43,25 - 45,Other,0,0,0,2,M,Battery,Survived,0,Other,train,0.273,0,0,0
Male,27,25 - 45,African-American,0,0,1,13,F,Pos Cannabis W/Intent Sel/Del,Recidivated,1,African-American,train,0.877,1,1,1
Male,33,25 - 45,Caucasian,0,0,0,2,F,Possession of Cocaine,Survived,0,Caucasian,test,0.419,0,0,1
Male,36,25 - 45,African-American,0,0,0,1,M,Driving Under The Influence,Survived,0,African-American,train,0.287,0,0,0
Male,58,Greater than 45,Caucasian,0,0,0,10,M,Driving License Suspended,Survived,0,Caucasian,train,0.44,0,0,1
Male,62,Greater than 45,Caucasian,0,0,0,0,F,Possession of Cannabis,Survived,0,Caucasian,train,0.169,0,0,0
Male,25,25 - 45,Caucasian,0,0,0,4,F,False Imprisonment,Survived,0,Caucasian,train,0.559,1,1,1
Male,51,Greater than 45,African-American,0,0,0,15,F,Poss Pyrrolidinovalerophenone,Recidivated,1,African-American,train,0.749,1,1,1
Male,28,25 - 45,African-American,0,0,0,4,M,Battery,Recidivated,1,African-American,test,0.453,0,0,0
Male,24,Less than 25,Caucasian,0,0,0,2,F,Felony Driving While Lic Suspd,Recidivated,1,Caucasian,train,0.583,1,1,1
Male,59,Greater than 45,African-American,0,0,0,8,F,arrest case no charge,Recidivated,1,African-American,train,0.437,0,0,0
Male,20,Less than 25,African-American,0,0,0,0,F,Aggrav Battery w/Deadly Weapon,Recidivated,1,African-American,train,0.538,1,1,1
Female,36,25 - 45,African-American,0,0,0,1,M,Aggrav Battery w/Deadly Weapon,Survived,0,African-American,train,0.287,0,0,0
Male,35,25 - 45,Caucasian,0,0,0,4,F,Battery on Law Enforc Officer,Recidivated,1,Caucasian,train,0.48,0,0,1
Female,21,Less than 25,African-American,0,0,0,0,M,Battery,Survived,0,African-American,train,0.447,0,0,0
Female,49,Greater than 45,Caucasian,0,0,0,1,M,Leaving Acc/Unattended Veh,Survived,0,Caucasian,train,0.205,0,0,0
Female,24,Less than 25,Caucasian,0,0,0,0,M,Battery,Survived,0,Caucasian,train,0.424,0,0,1
Male,27,25 - 45,African-American,0,0,0,4,F,Poss Pyrrolidinovalerophenone,Recidivated,1,African-American,train,0.544,1,1,0
Female,55,Greater than 45,African-American,0,0,0,1,M,Aggravated Assault W/Dead Weap,Survived,0,African-American,train,0.175,0,0,0
Male,24,Less than 25,African-American,2,0,0,7,M,Viol Prot Injunc Repeat Viol,Recidivated,1,African-American,test,0.831,1,1,1
Male,28,25 - 45,Caucasian,0,0,0,0,F,"Poss3,4 Methylenedioxymethcath",Recidivated,1,Caucasian,train,0.382,0,0,1
Male,37,25 - 45,African-American,3,0,0,12,M,arrest case no charge,Survived,0,African-American,test,0.88,1,1,1
Male,23,Less than 25,Caucasian,0,0,0,0,F,Possession of Cannabis,Survived,0,Caucasian,train,0.514,1,1,1
Female,50,Greater than 45,Hispanic,0,0,0,1,F,arrest case no charge,Recidivated,1,Other,train,0.258,0,0,0
Male,31,25 - 45,African-American,3,0,0,16,F,Driving While License Revoked,Recidivated,1,African-American,test,0.958,1,1,1
Male,21,Less than 25,Caucasian,0,0,0,0,F,Trespassing/Construction Site,Survived,0,Caucasian,train,0.53,1,1,1
Male,30,25 - 45,African-American,0,0,0,1,F,Introduce Contraband Into Jail,Survived,0,African-American,test,0.404,0,0,0
Male,61,Greater than 45,Caucasian,0,0,0,0,M,Driving Under The Influence,Survived,0,Caucasian,train,0.131,0,0,0
Male,27,25 - 45,Caucasian,0,0,0,3,M,Viol Injunct Domestic Violence,Survived,0,Caucasian,train,0.423,0,0,1
Male,41,25 - 45,Hispanic,0,0,0,2,M,Battery,Survived,0,Other,train,0.286,0,0,0
Male,23,Less than 25,African-American,0,0,0,1,M,Criminal Mischief>$200<$1000,Survived,0,African-American,train,0.47,0,0,0
Male,30,25 - 45,Caucasian,0,0,0,0,F,Grand Theft in the 3rd Degree,Survived,0,Caucasian,test,0.367,0,0,0
Female,20,Less than 25,African-American,0,0,0,0,F,Grand Theft in the 3rd Degree,Survived,0,African-American,test,0.538,1,1,1
Male,48,Greater than 45,Asian,0,0,0,0,F,Aggravated Assault W/dead Weap,Survived,0,Other,train,0.241,0,0,0
Male,24,Less than 25,African-American,0,0,0,0,M,Battery,Recidivated,1,African-American,train,0.424,0,0,0
Male,25,25 - 45,African-American,0,0,0,0,M,arrest case no charge,Survived,0,African-American,train,0.328,0,0,0
Male,38,25 - 45,Caucasian,0,0,0,0,M,Susp Drivers Lic 1st Offense,Survived,0,Caucasian,test,0.244,0,0,0
Male,29,25 - 45,African-American,0,0,0,0,F,Carrying Concealed Firearm,Recidivated,1,African-American,test,0.375,0,0,0
Male,21,Less than 25,Caucasian,0,0,0,0,M,Battery,Recidivated,1,Caucasian,train,0.447,0,0,1
Male,24,Less than 25,African-American,0,0,0,1,F,False Imprisonment,Survived,0,African-American,train,0.545,1,1,1
Male,53,Greater than 45,Caucasian,0,0,0,3,F,arrest case no charge,Recidivated,1,Caucasian,train,0.301,0,0,0
Male,64,Greater than 45,African-American,0,0,0,8,M,arrest case no charge,Recidivated,1,African-American,test,0.322,0,0,0
Male,20,Less than 25,African-American,0,0,0,0,F,Deliver Cocaine,Recidivated,1,African-American,train,0.538,1,1,0
Male,37,25 - 45,African-American,0,0,0,17,M,Resist/Obstruct W/O Violence,Survived,0,African-American,train,0.825,1,1,1
Male,45,Greater than 45,African-American,1,0,0,16,F,Possession of Cocaine,Survived,0,African-American,train,0.864,1,1,1
Male,41,25 - 45,Caucasian,0,0,0,0,F,Poss Contr Subst W/o Prescript,Recidivated,1,Caucasian,train,0.29,0,0,0
Male,33,25 - 45,Caucasian,0,0,0,0,F,Grand Theft in the 3rd Degree,Survived,0,Caucasian,test,0.345,0,0,0
Male,48,Greater than 45,Asian,0,0,0,0,M,Viol Injunct Domestic Violence,Survived,0,Other,train,0.185,0,0,0
Male,27,25 - 45,African-American,0,0,0,3,M,arrest case no charge,Survived,0,African-American,train,0.423,0,0,0
Male,24,Less than 25,Hispanic,0,0,0,0,F,Lewd/Lasc Battery Pers 12+/<16,Survived,0,Other,train,0.506,1,1,1
Male,62,Greater than 45,Caucasian,0,0,0,0,M,DUI Level 0.15 Or Minor In Veh,Survived,0,Caucasian,train,0.127,0,0,0
Male,56,Greater than 45,Caucasian,0,0,0,2,M,Battery,Survived,0,Caucasian,train,0.194,0,0,0
Male,28,25 - 45,African-American,0,0,0,6,F,Drivg While Lic Suspd/Revk/Can,Survived,0,African-American,test,0.612,1,1,1
Female,26,25 - 45,African-American,0,0,0,6,F,arrest case no charge,Recidivated,1,African-American,test,0.627,1,1,1
Male,51,Greater than 45,Hispanic,0,0,0,0,M,DUI Level 0.15 Or Minor In Veh,Survived,0,Other,train,0.171,0,0,0
Male,23,Less than 25,African-American,0,0,0,1,F,Grand Theft in the 3rd Degree,Survived,0,African-American,train,0.553,1,1,1
Female,29,25 - 45,Caucasian,0,0,0,7,F,arrest case no charge,Recidivated,1,Caucasian,train,0.641,1,1,1
Male,29,25 - 45,African-American,0,0,0,0,M,Battery,Survived,0,African-American,train,0.301,0,0,0
Female,34,25 - 45,Asian,0,0,0,1,F,Child Abuse,Survived,0,Other,train,0.374,0,0,0
Male,26,25 - 45,African-American,0,0,0,6,F,Burglary Conveyance Armed,Recidivated,1,African-American,train,0.627,1,1,1
Male,58,Greater than 45,African-American,0,0,0,0,F,Felony Battery (Dom Strang),Survived,0,African-American,train,0.187,0,0,0
Male,30,25 - 45,African-American,0,0,0,1,F,Battery on Law Enforc Officer,Recidivated,1,African-American,train,0.404,0,0,0
Female,29,25 - 45,African-American,0,1,0,11,F,arrest case no charge,Recidivated,1,African-American,train,0.75,1,1,1
Female,23,Less than 25,Other,0,0,0,0,M,Battery,Survived,0,Other,train,0.432,0,0,0
Male,21,Less than 25,Hispanic,1,0,0,1,F,Felony Battery (Dom Strang),Recidivated,1,Other,train,0.664,1,1,1
Female,21,Less than 25,Caucasian,0,3,1,3,M,Battery,Recidivated,1,Caucasian,train,0.58,1,1,1
Male,22,Less than 25,African-American,1,0,0,12,F,Possession of Cocaine,Recidivated,1,African-American,train,0.914,1,1,1
Male,30,25 - 45,Caucasian,0,0,0,0,F,Possession of Cannabis,Survived,0,Caucasian,train,0.367,0,0,0
Male,43,25 - 45,African-American,0,0,0,15,M,Resist/Obstruct W/O Violence,Recidivated,1,African-American,train,0.741,1,1,1
Female,53,Greater than 45,African-American,0,0,0,5,F,Unlicensed Telemarketing,Survived,0,African-American,train,0.371,0,0,0
Male,26,25 - 45,African-American,0,1,0,6,M,arrest case no charge,Survived,0,African-American,test,0.52,1,1,0
Male,30,25 - 45,African-American,0,0,0,0,F,"Poss3,4 Methylenedioxymethcath",Survived,0,African-American,train,0.367,0,0,0
Male,24,Less than 25,African-American,2,1,0,3,M,Battery,Recidivated,1,African-American,train,0.704,1,1,1
Male,23,Less than 25,Hispanic,0,0,0,0,F,arrest case no charge,Recidivated,1,Other,train,0.514,1,1,1
Male,25,25 - 45,Other,0,0,0,1,F,D.U.I. Serious Bodily Injury,Recidivated,1,Other,test,0.443,0,0,0
Male,26,25 - 45,Caucasian,0,0,0,10,F,arrest case no charge,Recidivated,1,Caucasian,test,0.758,1,1,1
Male,45,Greater than 45,Caucasian,0,0,0,0,F,Felony Battery (Dom Strang),Survived,0,Caucasian,test,0.258,0,0,0
Male,47,Greater than 45,Caucasian,0,0,0,1,M,Battery,Survived,0,Caucasian,train,0.215,0,0,0
Male,31,25 - 45,African-American,0,0,0,2,F,Grand Theft in the 3rd Degree,Survived,0,African-American,test,0.434,0,0,0
Male,21,Less than 25,African-American,0,0,0,0,F,Uttering a Forged Instrument,Recidivated,1,African-American,train,0.53,1,1,0
Female,28,25 - 45,African-American,1,0,0,1,M,Battery,Recidivated,1,African-American,train,0.438,0,0,0
Female,25,25 - 45,Caucasian,0,0,0,1,M,Aide/Abet Prostitution Lewdness,Recidivated,1,Caucasian,test,0.363,0,0,0
Female,21,Less than 25,African-American,0,0,0,0,F,Uttering a Forged Instrument,Survived,0,African-American,train,0.53,1,1,0
Male,48,Greater than 45,Caucasian,0,0,0,0,F,Grand Theft in the 3rd Degree,Recidivated,1,Caucasian,train,0.241,0,0,0
Male,37,25 - 45,African-American,0,0,0,7,F,Tampering With Physical Evidence,Survived,0,African-American,test,0.58,1,1,0
Male,56,Greater than 45,Other,0,0,0,0,M,Battery,Survived,0,Other,train,0.15,0,0,0
Male,24,Less than 25,African-American,0,0,0,0,M,Driving Under The Influence,Survived,0,African-American,test,0.424,0,0,0
Male,66,Greater than 45,Caucasian,0,0,0,2,M,Viol Injunct Domestic Violence,Survived,0,Caucasian,train,0.149,0,0,0
Male,51,Greater than 45,African-American,0,0,0,21,F,arrest case no charge,Recidivated,1,African-American,train,0.884,1,1,1
Male,76,Greater than 45,Asian,0,0,0,0,F,Aggravated Assault w/Firearm,Survived,0,Other,test,0.115,0,0,0
Male,27,25 - 45,African-American,0,0,0,7,F,arrest case no charge,Recidivated,1,African-American,test,0.655,1,1,1
Male,28,25 - 45,African-American,0,1,0,18,F,Possession of Cocaine,Recidivated,1,African-American,test,0.902,1,1,1
Male,39,25 - 45,Caucasian,0,0,0,16,F,arrest case no charge,Recidivated,1,Caucasian,train,0.841,1,1,1
Male,19,Less than 25,African-American,0,0,0,0,F,Resist Officer w/Violence,Recidivated,1,African-American,train,0.546,1,1,1
Male,40,25 - 45,African-American,0,0,0,2,F,Felony Driving While Lic Suspd,Survived,0,African-American,train,0.366,0,0,0
Male,30,25 - 45,Caucasian,0,0,0,5,F,Grand Theft in the 3rd Degree,Recidivated,1,Caucasian,train,0.559,1,1,1
Female,24,Less than 25,African-American,0,0,0,0,F,Deliver Cocaine,Survived,0,African-American,test,0.506,1,1,0
Male,44,25 - 45,African-American,0,0,0,0,F,Felony/Driving Under Influence,Survived,0,African-American,train,0.271,0,0,0
Male,27,25 - 45,African-American,0,0,1,0,F,Cruelty Toward Child,Survived,0,African-American,test,0.484,0,1,0
Male,57,Greater than 45,African-American,0,0,0,16,M,Battery,Recidivated,1,African-American,test,0.674,1,1,1
Male,55,Greater than 45,Caucasian,0,0,0,0,F,Battery on a Person Over 65,Survived,0,Caucasian,train,0.202,0,0,0
Male,30,25 - 45,African-American,0,0,0,18,M,Operating W/O Valid License,Recidivated,1,African-American,train,0.873,1,1,1
Male,24,Less than 25,African-American,0,0,0,1,F,arrest case no charge,Survived,0,African-American,test,0.545,1,1,1
Male,30,25 - 45,Hispanic,0,0,0,3,M,Driving Under The Influence,Survived,0,Other,test,0.399,0,0,0
Male,30,25 - 45,Other,0,0,0,13,F,Deliver Cannabis,Recidivated,1,Other,test,0.815,1,1,1
Male,31,25 - 45,Caucasian,0,0,0,3,M,Battery,Recidivated,1,Caucasian,train,0.392,0,0,1
Male,22,Less than 25,Hispanic,0,0,1,0,F,arrest case no charge,Recidivated,1,Other,train,0.616,1,1,1
Male,25,25 - 45,African-American,0,0,0,1,F,Possession Of Methamphetamine,Survived,0,African-American,test,0.443,0,0,0
Male,31,25 - 45,Caucasian,0,0,0,1,F,Battery on Law Enforc Officer,Survived,0,Caucasian,test,0.396,0,0,1
Male,35,25 - 45,African-American,0,0,0,0,F,Felony Battery (Dom Strang),Survived,0,African-American,test,0.331,0,0,0
Male,29,25 - 45,African-American,0,1,1,4,F,Grand Theft in the 3rd Degree,Recidivated,1,African-American,train,0.596,1,1,1
Male,28,25 - 45,African-American,0,0,0,7,F,arrest case no charge,Recidivated,1,African-American,train,0.648,1,1,1
Female,34,25 - 45,Caucasian,0,0,0,0,M,Driving License Suspended,Recidivated,1,Caucasian,test,0.268,0,0,0
Female,32,25 - 45,Caucasian,0,0,0,5,F,Burglary Dwelling Assault/Batt,Survived,0,Caucasian,train,0.543,1,1,1
Male,25,25 - 45,African-American,0,0,0,2,F,arrest case no charge,Survived,0,African-American,test,0.482,0,0,0
Male,47,Greater than 45,African-American,0,0,0,4,F,Felony Driving While Lic Suspd,Recidivated,1,African-American,train,0.379,0,0,0
Female,47,Greater than 45,African-American,0,0,0,7,F,Possession of Cocaine,Recidivated,1,African-American,train,0.493,0,0,0
Male,37,25 - 45,Caucasian,0,0,0,3,F,Driving While License Revoked,Survived,0,Caucasian,train,0.426,0,0,1
Male,26,25 - 45,African-American,0,0,0,7,F,"Poss3,4 Methylenedioxymethcath",Recidivated,1,African-American,train,0.662,1,1,1
Male,20,Less than 25,Caucasian,0,0,3,0,F,Felony Battery (Dom Strang),Recidivated,1,Caucasian,train,0.787,1,1,1
Female,20,Less than 25,Other,0,0,0,1,M,Battery,Survived,0,Other,train,0.494,0,0,1
Male,23,Less than 25,African-American,0,0,0,0,M,Battery,Recidivated,1,African-American,train,0.432,0,0,0
Male,21,Less than 25,African-American,0,0,1,1,F,Possession of Cocaine,Recidivated,1,African-American,train,0.659,1,1,1
Male,29,25 - 45,African-American,0,0,0,6,F,Felony Driving While Lic Suspd,Recidivated,1,African-American,train,0.604,1,1,1
Male,25,25 - 45,Hispanic,1,4,0,10,F,Driving While License Revoked,Recidivated,1,Other,test,0.761,1,1,1
Male,29,25 - 45,African-American,0,0,0,4,M,Assault,Survived,0,African-American,test,0.445,0,0,0
Male,45,Greater than 45,Hispanic,0,0,0,0,F,Felony Battery (Dom Strang),Survived,0,Other,train,0.258,0,0,0
Male,30,25 - 45,African-American,0,0,0,1,F,Aggravated Assault W/Dead Weap,Survived,0,African-American,test,0.404,0,0,0
Male,25,25 - 45,African-American,0,0,0,0,F,Crim Use of Personal ID Info,Survived,0,African-American,train,0.405,0,0,0
Female,44,25 - 45,Caucasian,0,0,0,10,F,Felony Committing Prostitution,Recidivated,1,Caucasian,train,0.639,1,1,1
Male,24,Less than 25,African-American,0,0,0,5,F,"Poss3,4 Methylenedioxymethcath",Survived,0,African-American,train,0.691,1,1,1
Male,20,Less than 25,African-American,0,1,0,1,F,Grand Theft in the 3rd Degree,Recidivated,1,African-American,train,0.55,1,1,1
Male,29,25 - 45,Caucasian,0,0,0,0,M,Battery,Recidivated,1,Caucasian,test,0.301,0,0,0
Male,21,Less than 25,Caucasian,0,0,0,1,F,arrest case no charge,Survived,0,Caucasian,train,0.568,1,1,1
Male,30,25 - 45,African-American,0,0,0,0,F,Possession of Cocaine,Recidivated,1,African-American,train,0.367,0,0,0
Male,47,Greater than 45,Caucasian,0,0,0,2,M,DUI Level 0.15 Or Minor In Veh,Survived,0,Caucasian,train,0.243,0,0,0
Male,30,25 - 45,African-American,0,0,0,13,F,Felony Battery,Recidivated,1,African-American,train,0.815,1,1,1
Male,26,25 - 45,African-American,0,0,0,2,M,Possess Cannabis/20 Grams Or Less,Survived,0,African-American,train,0.393,0,0,0
Male,34,25 - 45,African-American,0,0,0,1,M,Battery,Survived,0,African-American,train,0.3,0,0,0
Female,69,Greater than 45,Caucasian,0,0,0,2,M,Leaving Acc/Unattended Veh,Survived,0,Caucasian,train,0.137,0,0,0
Male,24,Less than 25,Caucasian,0,0,1,5,F,arrest case no charge,Recidivated,1,Caucasian,test,0.766,1,1,1
Male,45,Greater than 45,African-American,0,0,0,1,M,Resist/Obstruct W/O Violence,Survived,0,African-American,test,0.226,0,0,0
Male,25,25 - 45,African-American,0,3,1,8,M,Battery,Recidivated,1,African-American,train,0.645,1,1,1
Male,52,Greater than 45,African-American,0,0,0,2,M,DUI Property Damage/Injury,Survived,0,African-American,train,0.215,0,0,0
Male,30,25 - 45,Caucasian,0,0,0,0,F,Felony Battery (Dom Strang),Survived,0,Caucasian,train,0.367,0,0,0
Female,26,25 - 45,Hispanic,0,0,0,0,M,Battery,Survived,0,Other,test,0.321,0,0,0
Male,34,25 - 45,Other,0,0,0,0,F,Felony Batt(Great Bodily Harm),Recidivated,1,Other,train,0.338,0,0,0
Male,23,Less than 25,African-American,0,2,2,4,F,"Poss3,4 Methylenedioxymethcath",Recidivated,1,African-American,train,0.775,1,1,1
Female,22,Less than 25,African-American,0,0,0,0,F,Robbery / No Weapon,Survived,0,African-American,test,0.522,1,1,0
Male,35,25 - 45,African-American,0,0,0,6,F,arrest case no charge,Survived,0,African-American,test,0.558,1,1,1
Male,24,Less than 25,African-American,0,0,0,0,F,Uttering a Forged Instrument,Recidivated,1,African-American,train,0.506,1,1,0
Male,25,25 - 45,African-American,0,0,0,2,F,Grand Theft in the 3rd Degree,Survived,0,African-American,train,0.482,0,0,0
Male,58,Greater than 45,Caucasian,0,0,0,3,M,Carry Open/Uncov Bev In Pub,Survived,0,Caucasian,test,0.209,0,0,0
Male,27,25 - 45,African-American,0,0,0,7,F,Driving While License Revoked,Recidivated,1,African-American,train,0.655,1,1,1
Male,24,Less than 25,African-American,0,0,1,6,F,Resist Officer w/Violence,Recidivated,1,African-American,train,0.793,1,1,1
Male,44,25 - 45,Caucasian,0,0,0,4,F,Driving While License Revoked,Survived,0,Caucasian,train,0.409,0,0,1
Female,39,25 - 45,Hispanic,0,0,0,2,F,arrest case no charge,Survived,0,Other,test,0.373,0,0,0
Male,28,25 - 45,Caucasian,0,0,0,0,F,Crim Use of Personal ID Info,Survived,0,Caucasian,train,0.382,0,0,1
Male,34,25 - 45,African-American,0,0,0,1,F,Purchase Cannabis,Survived,0,African-American,train,0.374,0,0,0
Male,26,25 - 45,African-American,0,0,0,1,F,arrest case no charge,Recidivated,1,African-American,train,0.435,0,0,0
Male,30,25 - 45,African-American,0,0,0,14,F,arrest case no charge,Recidivated,1,African-American,train,0.837,1,1,1
Male,31,25 - 45,African-American,0,0,0,9,F,Aggravated Battery / Pregnant,Recidivated,1,African-American,train,0.696,1,1,1
Female,21,Less than 25,African-American,0,1,0,2,F,Deliver Cannabis,Survived,0,African-American,test,0.581,1,1,1
Male,77,Greater than 45,Caucasian,0,0,0,1,M,DUI Property Damage/Injury,Survived,0,Caucasian,test,0.096,0,0,0
Female,41,25 - 45,African-American,0,0,0,0,M,Battery,Survived,0,African-American,train,0.227,0,0,0
Male,27,25 - 45,Hispanic,0,0,0,1,F,"Poss3,4 Methylenedioxymethcath",Survived,0,Other,test,0.427,0,0,0
Male,25,25 - 45,African-American,0,0,2,6,M,Criminal Mischief Damage <$200,Recidivated,1,African-American,train,0.729,1,1,1
Male,30,25 - 45,African-American,0,0,0,1,F,Cruelty Toward Child,Survived,0,African-American,test,0.404,0,0,0
Male,59,Greater than 45,Hispanic,0,0,0,0,F,Uttering a Forged Instrument,Survived,0,Other,train,0.182,0,0,0
Male,55,Greater than 45,Caucasian,0,0,0,1,F,Grand Theft in the 3rd Degree,Recidivated,1,Caucasian,train,0.229,0,0,0
Male,32,25 - 45,Caucasian,0,0,0,0,F,Battery on Law Enforc Officer,Recidivated,1,Caucasian,train,0.353,0,0,0
Male,50,Greater than 45,Caucasian,0,0,0,1,M,Battery,Survived,0,Caucasian,test,0.2,0,0,0
Male,21,Less than 25,Hispanic,0,0,1,2,F,Poss Similitude of Drivers Lic,Recidivated,1,Other,test,0.693,1,1,1
Male,36,25 - 45,African-American,0,0,0,7,F,Felony Battery w/Prior Convict,Recidivated,1,African-American,train,0.588,1,1,1
Male,35,25 - 45,African-American,0,0,0,16,F,arrest case no charge,Recidivated,1,African-American,train,0.857,1,1,1
Female,25,25 - 45,Caucasian,0,0,0,0,M,Battery,Survived,0,Caucasian,train,0.328,0,0,0
Male,33,25 - 45,African-American,0,0,0,12,F,Tampering With Physical Evidence,Recidivated,1,African-American,train,0.774,1,1,1
Male,41,25 - 45,African-American,0,0,0,19,F,arrest case no charge,Survived,0,African-American,test,0.888,1,1,1
Female,29,25 - 45,Caucasian,0,0,0,0,F,Possession of Cocaine,Survived,0,Caucasian,train,0.375,0,0,0
Male,35,25 - 45,Caucasian,0,0,0,4,F,arrest case no charge,Survived,0,Caucasian,train,0.48,0,0,1
Male,43,25 - 45,African-American,0,0,0,4,F,arrest case no charge,Recidivated,1,African-American,train,0.417,0,0,0
Male,29,25 - 45,Caucasian,0,0,0,12,M,Criminal Mischief>$200<$1000,Recidivated,1,Caucasian,train,0.736,1,1,1
Female,22,Less than 25,African-American,0,0,0,4,F,Possession of Cocaine,Recidivated,1,African-American,train,0.671,1,1,1
Female,34,25 - 45,African-American,0,0,0,1,M,Battery,Survived,0,African-American,train,0.3,0,0,0
Male,30,25 - 45,African-American,0,0,0,0,M,Battery,Survived,0,African-American,train,0.294,0,0,0
Male,42,25 - 45,African-American,1,0,0,7,F,Possession of Cocaine,Recidivated,1,African-American,train,0.639,1,1,1
Female,29,25 - 45,Hispanic,0,0,0,1,F,arrest case no charge,Survived,0,Other,test,0.412,0,0,0
Female,24,Less than 25,Caucasian,0,0,0,0,M,Battery,Survived,0,Caucasian,train,0.424,0,0,1
Male,36,25 - 45,Caucasian,0,0,0,12,F,arrest case no charge,Survived,0,Caucasian,test,0.757,1,1,1
Male,39,25 - 45,Caucasian,0,0,0,0,F,Felony DUI - Enhanced,Recidivated,1,Caucasian,train,0.303,0,0,0
Female,27,25 - 45,African-American,0,0,0,8,F,arrest case no charge,Survived,0,African-American,test,0.69,1,1,1
Female,43,25 - 45,Caucasian,0,0,0,0,M,Battery,Recidivated,1,Caucasian,test,0.216,0,0,0
Male,30,25 - 45,African-American,6,0,0,8,M,Battery,Recidivated,1,African-American,test,0.943,1,1,1
Male,29,25 - 45,Caucasian,0,0,0,1,F,False Imprisonment,Survived,0,Caucasian,train,0.412,0,0,1
Male,21,Less than 25,Caucasian,0,0,0,1,F,Burglary Unoccupied Dwelling,Survived,0,Caucasian,train,0.568,1,1,1
Male,47,Greater than 45,Caucasian,0,0,0,13,M,Battery,Recidivated,1,Caucasian,train,0.641,1,1,1
Male,34,25 - 45,Asian,0,0,0,0,M,Battery,Survived,0,Other,train,0.268,0,0,0
Male,40,25 - 45,African-American,2,0,0,23,M,Possess Cannabis/20 Grams Or Less,Recidivated,1,African-American,train,0.961,1,1,1
Male,21,Less than 25,Caucasian,0,0,0,1,F,Burglary Conveyance Assault/Bat,Survived,0,Caucasian,train,0.568,1,1,1
Male,41,25 - 45,Caucasian,0,0,0,5,M,Battery,Recidivated,1,Caucasian,train,0.39,0,0,1
Female,27,25 - 45,Hispanic,0,0,0,0,M,Prostitution/Lewd Act Assignation,Survived,0,Other,train,0.314,0,0,0
Male,24,Less than 25,Caucasian,0,0,0,2,M,Driving Under The Influence,Survived,0,Caucasian,train,0.501,1,0,1
Male,52,Greater than 45,Asian,0,0,0,0,F,Grand Theft in the 3rd Degree,Survived,0,Other,test,0.218,0,0,0
Female,29,25 - 45,Caucasian,0,0,0,0,M,Battery,Survived,0,Caucasian,train,0.301,0,0,0
Female,42,25 - 45,Caucasian,0,0,0,0,F,Poss Contr Subst W/o Prescript,Recidivated,1,Caucasian,train,0.284,0,0,0
Male,33,25 - 45,African-American,0,0,0,0,F,Uttering a Forged Instrument,Survived,0,African-American,train,0.345,0,0,0
Male,38,25 - 45,Hispanic,0,0,0,1,F,Felony Battery (Dom Strang),Survived,0,Other,test,0.345,0,0,0
Male,21,Less than 25,African-American,0,0,1,2,F,Possession of Cocaine,Recidivated,1,African-American,train,0.693,1,1,1
Male,21,Less than 25,Hispanic,0,0,3,1,F,Possession of Cocaine,Survived,0,Other,test,0.807,1,1,1
Female,22,Less than 25,Hispanic,0,0,0,1,F,arrest case no charge,Survived,0,Other,test,0.56,1,1,1
Male,32,25 - 45,Hispanic,0,0,0,3,F,arrest case no charge,Survived,0,Other,train,0.465,0,0,1
Female,27,25 - 45,African-American,0,0,0,0,M,Battery,Survived,0,African-American,train,0.314,0,0,0
Male,35,25 - 45,Caucasian,0,0,0,0,F,"Poss3,4 Methylenedioxymethcath",Survived,0,Caucasian,test,0.331,0,0,0
Male,40,25 - 45,African-American,0,0,0,2,M,Battery,Survived,0,African-American,train,0.293,0,0,0
Male,36,25 - 45,Hispanic,0,1,0,26,F,Driving While License Revoked,Recidivated,1,Other,train,0.961,1,1,1
Male,26,25 - 45,Hispanic,0,0,0,5,F,Driving While License Revoked,Survived,0,Other,train,0.59,1,1,1
Male,21,Less than 25,African-American,0,0,0,1,F,Grand Theft in the 3rd Degree,Recidivated,1,African-American,train,0.568,1,1,1
Male,51,Greater than 45,Hispanic,0,0,0,0,M,Battery,Survived,0,Other,test,0.171,0,0,0
Male,24,Less than 25,African-American,0,0,2,2,F,Grand Theft in the 3rd Degree,Recidivated,1,African-American,train,0.751,1,1,1
Male,38,25 - 45,African-American,0,0,0,0,F,Trespass Structure w/Dang Weap,Recidivated,1,African-American,test,0.31,0,0,0
Male,33,25 - 45,African-American,0,0,2,9,M,Battery,Recidivated,1,African-American,train,0.769,1,1,1
Male,31,25 - 45,Hispanic,0,1,0,19,F,"Poss 3,4 MDMA (Ecstasy)",Recidivated,1,Other,train,0.907,1,1,1
Male,60,Greater than 45,Other,0,0,0,1,M,Battery,Recidivated,1,Other,train,0.154,0,0,0
Male,49,Greater than 45,Caucasian,0,0,0,12,F,Possession Burglary Tools,Recidivated,1,Caucasian,train,0.666,1,1,1
Male,26,25 - 45,Other,0,0,0,1,M,Battery,Survived,0,Other,train,0.356,0,0,0
Male,27,25 - 45,Caucasian,0,0,0,0,M,Battery,Survived,0,Caucasian,train,0.314,0,0,0
Female,29,25 - 45,African-American,0,0,0,0,F,Aggravated Battery (Firearm),Recidivated,1,African-American,train,0.375,0,0,0
Male,31,25 - 45,Hispanic,0,0,0,5,F,Crim Use of Personal ID Info,Recidivated,1,Other,test,0.551,1,1,1
Female,29,25 - 45,Hispanic,0,0,0,0,F,Battery on Law Enforc Officer,Survived,0,Other,train,0.375,0,0,0
Male,24,Less than 25,Caucasian,0,0,2,6,F,Burglary Conveyance Unoccup,Survived,0,Caucasian,test,0.849,1,1,1
Male,46,Greater than 45,African-American,0,0,0,0,M,DUI Property Damage/Injury,Survived,0,African-American,train,0.195,0,0,0
Male,20,Less than 25,African-American,0,0,0,0,F,Pos Cannabis W/Intent Sel/Del,Recidivated,1,African-American,train,0.538,1,1,1
Male,29,25 - 45,African-American,0,0,0,16,F,Grand Theft (Motor Vehicle),Recidivated,1,African-American,train,0.879,1,1,1
Male,29,25 - 45,African-American,0,0,0,7,F,Burglary Dwelling Occupied,Survived,0,African-American,test,0.641,1,1,1
Female,56,Greater than 45,Caucasian,0,0,0,3,F,Unlicensed Telemarketing,Survived,0,Caucasian,train,0.282,0,0,0
Male,39,25 - 45,Caucasian,0,0,0,0,M,Driving Under The Influence,Survived,0,Caucasian,train,0.238,0,0,0
Male,22,Less than 25,African-American,0,1,0,1,F,Battery on Law Enforc Officer,Recidivated,1,African-American,train,0.534,1,1,1
Male,30,25 - 45,African-American,0,0,0,0,F,Computer Pornography,Survived,0,African-American,train,0.367,0,0,0
Female,34,25 - 45,African-American,0,0,0,5,F,Agg Battery Grt/Bod/Harm,Recidivated,1,African-American,test,0.527,1,1,0
Male,23,Less than 25,Other,0,0,0,0,M,Possess Cannabis/20 Grams Or Less,Survived,0,Other,train,0.432,0,0,0
Male,52,Greater than 45,Caucasian,0,0,0,0,M,Battery,Survived,0,Caucasian,train,0.167,0,0,0
Male,27,25 - 45,African-American,0,0,0,0,F,Uttering a Forged Instrument,Recidivated,1,African-American,train,0.39,0,0,0
Male,20,Less than 25,African-American,0,0,0,2,F,Aggravated Assault W/Dead Weap,Recidivated,1,African-American,test,0.614,1,1,1
Female,35,25 - 45,African-American,0,0,0,7,F,Driving While License Revoked,Recidivated,1,African-American,train,0.596,1,1,1
Male,37,25 - 45,Caucasian,0,0,0,1,M,Battery,Recidivated,1,Caucasian,test,0.28,0,0,0
Male,63,Greater than 45,Caucasian,0,0,0,0,F,Criminal Mischief,Survived,0,Caucasian,train,0.164,0,0,0
Male,24,Less than 25,African-American,0,0,0,2,M,Possess Cannabis/20 Grams Or Less,Recidivated,1,African-American,train,0.501,1,0,0
Male,30,25 - 45,Hispanic,0,0,0,1,F,Driving While License Revoked,Recidivated,1,Other,train,0.404,0,0,0
Male,27,25 - 45,African-American,0,0,0,0,M,Battery,Survived,0,African-American,train,0.314,0,0,0
Female,48,Greater than 45,African-American,0,0,0,0,M,Battery,Survived,0,African-American,train,0.185,0,0,0
Female,26,25 - 45,African-American,0,0,0,1,M,Battery,Survived,0,African-American,test,0.356,0,0,0
Male,58,Greater than 45,Other,0,0,0,0,F,Grand Theft in the 3rd Degree,Survived,0,Other,train,0.187,0,0,0
Male,21,Less than 25,African-American,0,0,0,0,F,Burglary Unoccupied Dwelling,Survived,0,African-American,train,0.53,1,1,0
Male,26,25 - 45,Other,0,0,0,0,M,Battery,Survived,0,Other,train,0.321,0,0,0
Male,22,Less than 25,African-American,0,0,0,1,F,Burglary Conveyance Unoccup,Recidivated,1,African-American,train,0.56,1,1,1
Male,69,Greater than 45,Caucasian,0,0,0,0,M,Driving Under The Influence,Recidivated,1,Caucasian,train,0.104,0,0,0
Female,43,25 - 45,Caucasian,0,0,0,0,F,Aggravated Battery / Pregnant,Survived,0,Caucasian,train,0.277,0,0,0
Male,34,25 - 45,Hispanic,0,0,0,0,M,Operating W/O Valid License,Survived,0,Other,train,0.268,0,0,0
Male,20,Less than 25,African-American,0,0,2,1,F,arrest case no charge,Survived,0,African-American,train,0.746,1,1,1
Male,55,Greater than 45,Caucasian,0,0,0,7,F,Felony DUI (level 3),Survived,0,Caucasian,train,0.43,0,0,1
Male,22,Less than 25,African-American,0,0,0,1,F,Fleeing or Eluding a LEO,Survived,0,African-American,train,0.56,1,1,1
Male,55,Greater than 45,African-American,0,0,0,1,F,arrest case no charge,Survived,0,African-American,train,0.229,0,0,0
Female,43,25 - 45,Caucasian,0,0,0,0,F,Grand Theft in the 3rd Degree,Recidivated,1,Caucasian,test,0.277,0,0,0
Female,28,25 - 45,Caucasian,0,0,0,1,M,Grand Theft in the 3rd Degree,Survived,0,Caucasian,train,0.342,0,0,0
Male,48,Greater than 45,Caucasian,0,0,0,1,F,Depriv LEO of Protect/Communic,Survived,0,Caucasian,test,0.27,0,0,0
Male,31,25 - 45,African-American,1,0,0,5,M,arrest case no charge,Survived,0,African-American,train,0.569,1,1,1
Male,32,25 - 45,African-American,0,0,0,5,F,Driving While License Revoked,Recidivated,1,African-American,train,0.543,1,1,1
Male,43,25 - 45,African-American,0,0,0,2,M,Battery,Survived,0,African-American,train,0.273,0,0,0
Male,43,25 - 45,African-American,0,0,0,3,M,Operating W/O Valid License,Recidivated,1,African-American,train,0.305,0,0,0
Male,34,25 - 45,African-American,0,0,0,3,F,Aggravated Battery / Pregnant,Survived,0,African-American,train,0.449,0,0,0
Male,32,25 - 45,Caucasian,0,0,0,5,F,arrest case no charge,Recidivated,1,Caucasian,test,0.543,1,1,1
Male,22,Less than 25,African-American,0,0,0,1,F,Del Cannabis For Consideration,Recidivated,1,African-American,test,0.56,1,1,0
Male,46,Greater than 45,Caucasian,0,0,0,0,F,Grand Theft in the 3rd Degree,Survived,0,Caucasian,train,0.252,0,0,0
Male,39,25 - 45,African-American,0,0,0,0,M,Driving Under The Influence,Survived,0,African-American,test,0.238,0,0,0
Male,29,25 - 45,Caucasian,0,0,0,2,M,Fighting/Baiting Animals,Survived,0,Caucasian,test,0.37,0,0,0
Male,20,Less than 25,African-American,0,3,0,3,F,Possession of Cocaine,Recidivated,1,African-American,test,0.575,1,1,1
Female,40,25 - 45,Caucasian,0,0,0,0,M,Battery,Survived,0,Caucasian,test,0.233,0,0,0
Male,30,25 - 45,African-American,0,0,0,7,F,arrest case no charge,Recidivated,1,African-American,test,0.633,1,1,1
Female,31,25 - 45,African-American,0,0,0,1,M,Battery,Recidivated,1,African-American,test,0.321,0,0,0
Male,23,Less than 25,Caucasian,0,0,1,10,F,arrest case no charge,Survived,0,Caucasian,train,0.881,1,1,1
Male,20,Less than 25,Other,0,0,0,0,F,Grand Theft in the 3rd Degree,Survived,0,Other,test,0.538,1,1,1
Male,26,25 - 45,Caucasian,0,0,0,2,F,Possession Of Methamphetamine,Survived,0,Caucasian,train,0.474,0,0,1
Male,59,Greater than 45,Caucasian,0,0,0,2,M,DUI Level 0.15 Or Minor In Veh,Recidivated,1,Caucasian,train,0.18,0,0,0
Male,37,25 - 45,Caucasian,0,0,0,2,M,Driving Under The Influence,Survived,0,Caucasian,test,0.313,0,0,0
Male,45,Greater than 45,Caucasian,0,0,0,1,F,Felony Battery (Dom Strang),Recidivated,1,Caucasian,train,0.289,0,0,0
Male,24,Less than 25,African-American,0,0,1,3,F,Pos Cannabis W/Intent Sel/Del,Recidivated,1,African-American,train,0.706,1,1,1
Female,32,25 - 45,Caucasian,0,0,0,2,F,Sell/Man/Del Pos/w/int Heroin,Recidivated,1,Caucasian,train,0.427,0,0,1
Male,50,Greater than 45,Hispanic,0,0,0,2,M,DUI Property Damage/Injury,Survived,0,Other,train,0.226,0,0,0
Male,51,Greater than 45,Caucasian,0,0,0,1,M,Battery,Recidivated,1,Caucasian,train,0.195,0,0,0
Male,30,25 - 45,African-American,0,0,0,2,M,Battery,Survived,0,African-American,train,0.363,0,0,0
Male,26,25 - 45,African-American,0,0,0,2,F,Aggravated Battery,Survived,0,African-American,train,0.474,0,0,0
Male,20,Less than 25,Other,0,0,0,0,M,Battery,Survived,0,Other,train,0.455,0,0,1
Male,26,25 - 45,African-American,0,0,0,5,F,Burglary Dwelling Assault/Batt,Survived,0,African-American,train,0.59,1,1,1
Male,20,Less than 25,Caucasian,0,0,2,0,F,Aggravated Assault W/Dead Weap,Survived,0,Caucasian,test,0.715,1,1,1
Male,28,25 - 45,African-American,0,0,0,0,F,Criminal Mischief,Recidivated,1,African-American,test,0.382,0,0,0
Male,25,25 - 45,Other,0,0,0,0,F,Possession of Cocaine,Recidivated,1,Other,train,0.405,0,0,0
Male,30,25 - 45,Caucasian,0,0,0,0,F,Burglary Dwelling Assault/Batt,Survived,0,Caucasian,train,0.367,0,0,0
Male,35,25 - 45,African-American,0,0,0,22,F,"Poss3,4 Methylenedioxymethcath",Recidivated,1,African-American,test,0.939,1,1,1
Male,50,Greater than 45,Caucasian,0,0,0,2,F,arrest case no charge,Recidivated,1,Caucasian,train,0.289,0,0,0
Male,26,25 - 45,African-American,0,0,0,0,F,Grand Theft in the 3rd Degree,Survived,0,African-American,test,0.397,0,0,0
Male,22,Less than 25,African-American,0,0,0,0,F,Purchase/P/W/Int Cannabis,Survived,0,African-American,train,0.522,1,1,0
Male,52,Greater than 45,Caucasian,0,0,0,1,F,Burglary Conveyance Assault/Bat,Survived,0,Caucasian,train,0.246,0,0,0
Male,21,Less than 25,African-American,0,0,0,0,F,Possession of Cocaine,Survived,0,African-American,train,0.53,1,1,0
Male,43,25 - 45,Hispanic,0,0,0,1,M,Leaving Acc/Unattended Veh,Recidivated,1,Other,train,0.244,0,0,0
Male,24,Less than 25,African-American,0,0,0,3,F,Aggrav Stalking After Injunctn,Survived,0,African-American,train,0.62,1,1,1
Female,30,25 - 45,Caucasian,0,0,0,0,M,Battery,Survived,0,Caucasian,train,0.294,0,0,0
Male,41,25 - 45,African-American,0,1,0,9,M,Opert With Susp DL 2nd Offens,Survived,0,African-American,train,0.518,1,1,0
Male,48,Greater than 45,Caucasian,0,0,0,6,F,Fel Drive License Perm Revoke,Survived,0,Caucasian,train,0.447,0,0,1
Female,34,25 - 45,African-American,0,0,0,1,M,Battery,Survived,0,African-American,train,0.3,0,0,0
Male,25,25 - 45,Other,0,0,0,1,F,Pos Cannabis W/Intent Sel/Del,Recidivated,1,Other,train,0.443,0,0,0
Male,25,25 - 45,African-American,0,0,0,1,M,Battery,Survived,0,African-American,train,0.363,0,0,0
Male,24,Less than 25,Hispanic,1,0,0,4,F,"Poss3,4 Methylenedioxymethcath",Recidivated,1,Other,train,0.741,1,1,1
Male,23,Less than 25,African-American,0,0,0,0,F,Felony Battery (Dom Strang),Survived,0,African-American,train,0.514,1,1,0
Male,21,Less than 25,Caucasian,0,0,0,0,M,Burglary Unoccupied Dwelling,Survived,0,Caucasian,train,0.447,0,0,1
Male,28,25 - 45,African-American,0,0,0,7,M,Resist/Obstruct W/O Violence,Survived,0,African-American,test,0.569,1,1,1
Male,22,Less than 25,Caucasian,0,0,0,3,F,Possession of Cocaine,Recidivated,1,Caucasian,train,0.635,1,1,1
Male,39,25 - 45,Caucasian,0,0,0,0,F,Aggravated Battery / Pregnant,Survived,0,Caucasian,train,0.303,0,0,0
Male,33,25 - 45,African-American,0,0,1,9,M,Battery,Recidivated,1,African-American,train,0.694,1,1,1
Male,22,Less than 25,African-American,0,0,0,0,M,Battery,Survived,0,African-American,train,0.439,0,0,0
Female,22,Less than 25,Caucasian,0,0,0,0,M,Battery,Survived,0,Caucasian,test,0.439,0,0,0
Male,29,25 - 45,Caucasian,0,0,0,3,F,False Imprisonment,Recidivated,1,Caucasian,train,0.489,0,0,1
Male,56,Greater than 45,Caucasian,0,0,0,1,F,Felony/Driving Under Influence,Survived,0,Caucasian,train,0.223,0,0,0
Male,23,Less than 25,African-American,0,0,0,1,F,Grand Theft in the 3rd Degree,Recidivated,1,African-American,train,0.553,1,1,1
Male,24,Less than 25,African-American,0,0,1,1,F,Pos Cannabis W/Intent Sel/Del,Recidivated,1,African-American,train,0.637,1,1,1
Male,33,25 - 45,African-American,0,0,0,3,F,Driving While License Revoked,Survived,0,African-American,test,0.457,0,0,0
Male,32,25 - 45,Caucasian,0,1,0,15,F,arrest case no charge,Recidivated,1,Caucasian,train,0.835,1,1,1
Male,54,Greater than 45,Hispanic,0,0,0,0,F,Grand Theft in the 1st Degree,Survived,0,Other,train,0.207,0,0,0
Female,29,25 - 45,African-American,0,0,0,0,F,Possession of Cocaine,Survived,0,African-American,train,0.375,0,0,0
Male,44,25 - 45,African-American,0,0,0,3,M,Driving License Suspended,Survived,0,African-American,train,0.299,0,0,0
Male,23,Less than 25,Caucasian,0,0,1,4,F,Poss Similitude of Drivers Lic,Recidivated,1,Caucasian,train,0.743,1,1,1
Male,29,25 - 45,African-American,0,0,0,0,F,Burglary Dwelling Occupied,Survived,0,African-American,train,0.375,0,0,0
Male,40,25 - 45,Caucasian,0,0,0,5,F,Possession of Hydromorphone,Recidivated,1,Caucasian,test,0.479,0,0,1
Male,31,25 - 45,Caucasian,0,0,0,0,F,Grand Theft in the 3rd Degree,Survived,0,Caucasian,train,0.36,0,0,0
Male,24,Less than 25,African-American,0,0,0,8,F,Possession of Cocaine,Recidivated,1,African-American,train,0.781,1,1,1
Male,30,25 - 45,Hispanic,0,0,0,2,F,Possession of Hydromorphone,Survived,0,Other,train,0.442,0,0,0
Female,26,25 - 45,African-American,0,0,0,4,F,Grand Theft (Motor Vehicle),Recidivated,1,African-American,train,0.551,1,1,1
Male,20,Less than 25,African-American,0,0,1,0,M,Assault,Recidivated,1,African-American,test,0.551,1,1,1
Male,30,25 - 45,African-American,0,0,0,10,F,arrest case no charge,Recidivated,1,African-American,train,0.734,1,1,1
Male,23,Less than 25,Caucasian,0,1,0,4,M,Assault,Recidivated,1,Caucasian,train,0.56,1,1,1
Male,50,Greater than 45,Hispanic,0,0,0,3,F,Possession of Cocaine,Recidivated,1,Other,train,0.322,0,0,0
Male,22,Less than 25,African-American,0,0,0,1,F,Pos Cannabis W/Intent Sel/Del,Recidivated,1,African-American,train,0.56,1,1,1
Female,41,25 - 45,Hispanic,0,0,0,0,F,Grand Theft in the 3rd Degree,Survived,0,Other,train,0.29,0,0,0
Male,61,Greater than 45,African-American,0,0,0,8,F,Possession of Cocaine,Recidivated,1,African-American,train,0.422,0,0,0
Female,34,25 - 45,African-American,0,0,0,0,M,Battery,Recidivated,1,African-American,train,0.268,0,0,0
Male,29,25 - 45,Caucasian,0,0,0,1,F,Grand Theft in the 3rd Degree,Recidivated,1,Caucasian,test,0.412,0,0,1
Male,29,25 - 45,African-American,0,0,0,8,M,Susp Drivers Lic 1st Offense,Survived,0,African-American,train,0.6,1,1,1
Male,48,Greater than 45,African-American,0,0,0,5,F,Possession of Cocaine,Recidivated,1,African-American,test,0.409,0,0,0
Female,31,25 - 45,African-American,0,0,0,0,M,Leaving Acc/Unattended Veh,Survived,0,African-American,train,0.288,0,0,0
Male,54,Greater than 45,African-American,0,0,0,21,F,Possession of Cocaine,Survived,0,African-American,test,0.874,1,1,1
Male,36,25 - 45,African-American,0,0,0,6,M,Battery,Survived,0,African-American,test,0.467,0,0,0
Male,34,25 - 45,African-American,3,1,0,9,F,False Imprisonment,Recidivated,1,African-American,test,0.863,1,1,1
Male,47,Greater than 45,Native American,4,0,0,22,F,Possession of Cocaine,Recidivated,1,Other,train,0.981,1,1,1
Female,49,Greater than 45,Other,0,0,0,0,M,Battery,Survived,0,Other,train,0.181,0,0,0
Male,21,Less than 25,African-American,1,0,1,2,F,arrest case no charge,Survived,0,African-American,test,0.772,1,1,1
Male,29,25 - 45,Other,0,0,0,0,F,Burglary Dwelling Occupied,Survived,0,Other,test,0.375,0,0,0
Female,25,25 - 45,Caucasian,0,0,0,2,F,Crim Use of Personal ID Info,Recidivated,1,Caucasian,test,0.482,0,0,1
Male,29,25 - 45,Caucasian,0,0,0,1,F,arrest case no charge,Survived,0,Caucasian,train,0.412,0,0,1
Male,53,Greater than 45,Caucasian,0,0,0,1,M,Battery,Survived,0,Caucasian,test,0.185,0,0,0
Male,29,25 - 45,Caucasian,0,0,0,4,F,Possession of Cocaine,Survived,0,Caucasian,train,0.528,1,1,1
Male,26,25 - 45,Other,0,0,0,0,F,Burglary Unoccupied Dwelling,Recidivated,1,Other,test,0.397,0,0,0
Female,36,25 - 45,African-American,0,0,0,1,M,Battery,Survived,0,African-American,train,0.287,0,0,0
Male,41,25 - 45,Caucasian,0,0,0,1,M,Lve/Scen/Acc/Veh/Prop/Damage,Recidivated,1,Caucasian,train,0.255,0,0,0
Male,57,Greater than 45,Caucasian,0,0,0,7,F,arrest case no charge,Survived,0,Caucasian,test,0.415,0,0,1
Male,45,Greater than 45,African-American,0,0,0,0,F,Possession of Cocaine,Recidivated,1,African-American,test,0.258,0,0,0
Male,26,25 - 45,African-American,0,0,1,2,F,Driving While License Revoked,Survived,0,African-American,train,0.569,1,1,1
Female,48,Greater than 45,Caucasian,0,0,0,0,F,Grand Theft in the 3rd Degree,Survived,0,Caucasian,train,0.241,0,0,0
Male,52,Greater than 45,Caucasian,0,0,0,7,M,Battery,Survived,0,Caucasian,train,0.374,0,0,0
Female,43,25 - 45,African-American,0,0,0,0,M,Battery,Survived,0,African-American,test,0.216,0,0,0
Male,24,Less than 25,Caucasian,0,0,0,3,F,Possession of Cocaine,Survived,0,Caucasian,test,0.62,1,1,1
Male,21,Less than 25,African-American,0,0,0,0,F,Grand Theft in the 3rd Degree,Survived,0,African-American,train,0.53,1,1,0
Male,33,25 - 45,African-American,0,0,0,5,M,Battery,Recidivated,1,African-American,train,0.452,0,0,0
Female,24,Less than 25,African-American,0,0,0,0,F,arrest case no charge,Survived,0,African-American,test,0.506,1,1,0
Male,28,25 - 45,African-American,0,0,0,4,F,Battery on a Person Over 65,Recidivated,1,African-American,train,0.536,1,1,1
Male,23,Less than 25,African-American,0,0,0,0,M,Disorderly Conduct,Recidivated,1,African-American,test,0.432,0,0,0
Male,24,Less than 25,Other,0,0,0,0,M,Possess Cannabis/20 Grams Or Less,Survived,0,Other,test,0.424,0,0,0
Male,36,25 - 45,Hispanic,0,0,0,1,M,Battery,Survived,0,Other,train,0.287,0,0,0
Female,41,25 - 45,Caucasian,0,0,0,1,M,Battery,Survived,0,Caucasian,train,0.255,0,0,0
Male,20,Less than 25,African-American,0,0,0,0,F,Deliver Cannabis 1000FTSch,Recidivated,1,African-American,train,0.538,1,1,1
Male,22,Less than 25,Caucasian,0,0,0,1,M,Battery,Survived,0,Caucasian,train,0.478,0,0,1
Male,28,25 - 45,Caucasian,0,0,0,0,F,Possession Of Methamphetamine,Survived,0,Caucasian,train,0.382,0,0,0
Male,21,Less than 25,Hispanic,0,1,0,2,F,Burglary Dwelling Occupied,Recidivated,1,Other,train,0.581,1,1,1
Male,34,25 - 45,African-American,0,0,0,22,F,Driving While License Revoked,Recidivated,1,African-American,test,0.94,1,1,1
Male,24,Less than 25,African-American,0,0,0,0,M,Battery,Recidivated,1,African-American,train,0.424,0,0,0
Male,27,25 - 45,African-American,0,0,0,9,F,Poss Contr Subst W/o Prescript,Recidivated,1,African-American,test,0.722,1,1,1
Male,30,25 - 45,Hispanic,0,0,0,0,F,arrest case no charge,Survived,0,Other,test,0.367,0,0,0
Male,43,25 - 45,African-American,0,0,0,2,F,arrest case no charge,Survived,0,African-American,train,0.344,0,0,0
Male,26,25 - 45,African-American,0,0,0,1,F,Deliver Cocaine,Survived,0,African-American,test,0.435,0,0,0
Male,32,25 - 45,African-American,0,3,0,7,F,arrest case no charge,Survived,0,African-American,train,0.541,1,1,1
Female,40,25 - 45,Caucasian,0,0,0,0,M,DUI Level 0.15 Or Minor In Veh,Survived,0,Caucasian,test,0.233,0,0,0
Male,29,25 - 45,Caucasian,0,0,0,1,M,Leave Acc/Attend Veh/More $50,Survived,0,Caucasian,test,0.335,0,0,0
Male,36,25 - 45,African-American,0,0,0,2,M,DUI Level 0.15 Or Minor In Veh,Survived,0,African-American,train,0.32,0,0,0
Male,21,Less than 25,African-American,0,1,0,2,F,Aggravated Assault w/Firearm,Recidivated,1,African-American,train,0.581,1,1,0
Male,49,Greater than 45,African-American,0,0,0,29,F,Felony Driving While Lic Suspd,Recidivated,1,African-American,train,0.966,1,1,1
Female,37,25 - 45,African-American,0,0,0,23,M,Battery,Recidivated,1,African-American,train,0.923,1,1,1
Male,33,25 - 45,Hispanic,0,0,0,0,M,Battery,Survived,0,Other,train,0.275,0,0,0
Male,55,Greater than 45,African-American,0,0,0,5,F,Possession of Cocaine,Survived,0,African-American,train,0.356,0,0,0
Male,27,25 - 45,Hispanic,0,0,0,1,F,Grand Theft in the 3rd Degree,Recidivated,1,Other,test,0.427,0,0,0
Male,60,Greater than 45,Caucasian,0,0,0,2,M,DUI Property Damage/Injury,Survived,0,Caucasian,test,0.175,0,0,0
Male,30,25 - 45,Hispanic,0,0,0,1,F,Aggravated Assault W/Dead Weap,Survived,0,Other,train,0.404,0,0,0
Male,24,Less than 25,Caucasian,0,0,0,1,F,Possession of Cannabis,Recidivated,1,Caucasian,test,0.545,1,1,1
Male,35,25 - 45,African-American,0,0,0,10,F,arrest case no charge,Recidivated,1,African-American,train,0.702,1,1,1
Male,30,25 - 45,Caucasian,0,0,0,0,M,Battery,Survived,0,Caucasian,train,0.294,0,0,0
Male,22,Less than 25,African-American,0,0,2,0,F,Burglary Conveyance Unoccup,Recidivated,1,African-American,train,0.702,1,1,1
Male,39,25 - 45,African-American,0,0,0,9,F,"Poss3,4 Methylenedioxymethcath",Survived,0,African-American,train,0.639,1,1,1
Male,47,Greater than 45,Other,0,0,0,3,M,Criminal Mischief>$200<$1000,Survived,0,Other,test,0.273,0,0,0
Female,23,Less than 25,African-American,0,0,0,0,F,Burglary Conveyance Unoccup,Survived,0,African-American,train,0.514,1,1,0
Female,52,Greater than 45,African-American,0,0,0,0,F,Felony Driving While Lic Suspd,Recidivated,1,African-American,test,0.218,0,0,0
Female,22,Less than 25,African-American,0,0,5,0,M,Battery,Recidivated,1,African-American,test,0.843,1,1,1
Male,54,Greater than 45,Caucasian,0,0,0,0,F,Corrupt Public Servant,Survived,0,Caucasian,train,0.207,0,0,0
Male,20,Less than 25,African-American,0,0,4,2,F,Grand Theft in the 3rd Degree,Recidivated,1,African-American,train,0.881,1,1,1
Male,25,25 - 45,Caucasian,0,0,0,1,F,"Poss3,4 Methylenedioxymethcath",Survived,0,Caucasian,train,0.443,0,0,1
Male,38,25 - 45,Caucasian,1,0,0,10,F,Burglary Structure Unoccup,Recidivated,1,Caucasian,test,0.762,1,1,1
Male,18,Less than 25,African-American,5,0,2,4,F,arrest case no charge,Recidivated,1,African-American,train,0.974,1,1,1
Female,26,25 - 45,Caucasian,0,0,0,3,F,Possession Of Alprazolam,Recidivated,1,Caucasian,test,0.513,1,1,1
Female,23,Less than 25,Caucasian,0,0,0,0,F,Possession Of Methamphetamine,Survived,0,Caucasian,train,0.514,1,1,1
Female,32,25 - 45,Hispanic,0,0,1,8,M,Prostitution/Lewd Act Assignation,Recidivated,1,Other,train,0.667,1,1,1
Male,44,25 - 45,Caucasian,0,0,0,1,M,Driving Under The Influence,Recidivated,1,Caucasian,train,0.238,0,0,0
Male,53,Greater than 45,Caucasian,0,0,0,9,F,Grand Theft in the 3rd Degree,Recidivated,1,Caucasian,train,0.524,1,1,1
Male,27,25 - 45,African-American,0,0,0,4,F,Poss Pyrrolidinovalerophenone,Recidivated,1,African-American,train,0.544,1,1,1
Male,19,Less than 25,Caucasian,0,1,3,1,F,Possession of Cocaine,Recidivated,1,Caucasian,train,0.8,1,1,1
Male,53,Greater than 45,Caucasian,0,0,0,0,F,Aggravated Assault W/dead Weap,Survived,0,Caucasian,train,0.213,0,0,0
Male,39,25 - 45,African-American,0,0,0,0,M,Resist/Obstruct W/O Violence,Survived,0,African-American,train,0.238,0,0,0
Male,27,25 - 45,African-American,1,0,0,6,F,Possession of Cocaine,Recidivated,1,African-American,test,0.709,1,1,1
Female,21,Less than 25,African-American,0,0,0,2,F,Grand Theft in the 3rd Degree,Recidivated,1,African-American,train,0.606,1,1,1
Male,33,25 - 45,Caucasian,0,0,0,0,M,Battery,Survived,0,Caucasian,train,0.275,0,0,0
Female,38,25 - 45,Caucasian,0,0,0,0,F,Burglary Assault/Battery Armed,Survived,0,Caucasian,test,0.31,0,0,0
Female,28,25 - 45,African-American,0,0,0,9,M,arrest case no charge,Recidivated,1,African-American,test,0.644,1,1,1
Male,27,25 - 45,African-American,1,2,1,6,M,arrest case no charge,Survived,0,African-American,train,0.676,1,1,1
Male,25,25 - 45,African-American,0,0,0,0,M,Assault,Survived,0,African-American,train,0.328,0,0,0
Female,30,25 - 45,Caucasian,0,0,0,3,F,arrest case no charge,Recidivated,1,Caucasian,test,0.481,0,0,1
Male,21,Less than 25,African-American,0,0,0,0,F,Attempted Robbery  No Weapon,Survived,0,African-American,train,0.53,1,1,0
Female,28,25 - 45,African-American,0,0,0,0,M,Battery,Survived,0,African-American,test,0.308,0,0,0
Male,23,Less than 25,Caucasian,0,0,0,0,F,Fleeing or Eluding a LEO,Survived,0,Caucasian,train,0.514,1,1,1
Male,48,Greater than 45,African-American,0,0,0,4,F,arrest case no charge,Survived,0,African-American,train,0.371,0,0,0
Male,33,25 - 45,African-American,0,0,0,0,F,Aggravated Assault W/Dead Weap,Survived,0,African-American,train,0.345,0,0,0
Male,23,Less than 25,African-American,0,0,1,5,F,False Imprisonment,Recidivated,1,African-American,train,0.772,1,1,1
Male,29,25 - 45,African-American,0,0,0,2,F,arrest case no charge,Survived,0,African-American,train,0.45,0,0,0
Male,30,25 - 45,Caucasian,0,0,0,1,M,Driving Under The Influence,Survived,0,Caucasian,train,0.328,0,0,0
Male,42,25 - 45,Other,0,0,0,1,F,Armed Trafficking in Cannabis,Survived,0,Other,test,0.316,0,0,0
Female,28,25 - 45,African-American,0,0,0,0,F,Burglary Dwelling Assault/Batt,Recidivated,1,African-American,train,0.382,0,0,0
Male,20,Less than 25,African-American,0,0,0,0,F,Grand Theft in the 3rd Degree,Survived,0,African-American,train,0.538,1,1,1
Female,24,Less than 25,Caucasian,0,2,0,7,M,Aggravated Battery / Pregnant,Survived,0,Caucasian,test,0.639,1,1,1
Female,36,25 - 45,Other,0,1,0,6,F,Possession of Cocaine,Recidivated,1,Other,train,0.524,1,1,1
Female,21,Less than 25,African-American,0,0,0,1,F,Grand Theft in the 3rd Degree,Survived,0,African-American,test,0.568,1,1,1
Female,55,Greater than 45,Caucasian,0,0,0,0,M,Battery,Survived,0,Caucasian,test,0.154,0,0,0
Male,24,Less than 25,Caucasian,0,0,0,1,F,arrest case no charge,Recidivated,1,Caucasian,train,0.545,1,1,1
Male,48,Greater than 45,Other,0,0,0,0,M,Battery,Survived,0,Other,train,0.185,0,0,0
Female,39,25 - 45,African-American,0,0,0,0,F,Grand Theft (Motor Vehicle),Recidivated,1,African-American,train,0.303,0,0,0
Male,30,25 - 45,Caucasian,0,0,0,0,M,DUI Property Damage/Injury,Survived,0,Caucasian,train,0.294,0,0,0
Male,21,Less than 25,African-American,0,0,0,0,F,Grand Theft in the 3rd Degree,Recidivated,1,African-American,train,0.53,1,1,0
Male,51,Greater than 45,African-American,0,0,0,12,F,Possession of Cocaine,Recidivated,1,African-American,train,0.652,1,1,1
Male,31,25 - 45,African-American,0,0,0,1,F,Poss Unlaw Issue Driver Licenc,Survived,0,African-American,train,0.396,0,0,0
Male,23,Less than 25,African-American,0,0,0,2,M,Trespass On School Grounds,Recidivated,1,African-American,train,0.509,1,0,0
Male,32,25 - 45,African-American,0,0,0,4,F,Burglary Unoccupied Dwelling,Recidivated,1,African-American,test,0.504,1,0,0
Male,29,25 - 45,African-American,0,0,0,3,F,arrest case no charge,Recidivated,1,African-American,train,0.489,0,0,0
Male,28,25 - 45,African-American,0,0,0,4,M,Battery,Recidivated,1,African-American,train,0.453,0,0,0
Male,42,25 - 45,Caucasian,0,0,0,0,M,Battery,Survived,0,Caucasian,train,0.221,0,0,0
Male,38,25 - 45,African-American,0,0,0,0,F,Cruelty Toward Child,Recidivated,1,African-American,test,0.31,0,0,0
Male,22,Less than 25,Caucasian,0,0,0,6,F,Crimin Mischief Damage $1000+,Recidivated,1,Caucasian,test,0.735,1,1,1
Male,39,25 - 45,African-American,0,0,0,2,M,Driving Under The Influence,Survived,0,African-American,test,0.299,0,0,0
Male,47,Greater than 45,Caucasian,0,0,0,0,M,Battery,Survived,0,Caucasian,train,0.19,0,0,0
Male,63,Greater than 45,African-American,0,0,0,2,M,Viol Injunct Domestic Violence,Survived,0,African-American,train,0.162,0,0,0
Male,27,25 - 45,African-American,0,0,0,2,F,Possession of Cocaine,Recidivated,1,African-American,test,0.466,0,0,0
Male,55,Greater than 45,Caucasian,0,0,0,27,M,Battery,Survived,0,Caucasian,train,0.925,1,1,1
Male,26,25 - 45,Caucasian,0,0,0,0,F,Harm Public Servant Or Family,Recidivated,1,Caucasian,train,0.397,0,0,1
Male,37,25 - 45,Caucasian,0,0,0,1,M,Battery,Survived,0,Caucasian,test,0.28,0,0,0
Male,34,25 - 45,African-American,0,0,0,0,F,Grand Theft in the 3rd Degree,Survived,0,African-American,train,0.338,0,0,0
Male,57,Greater than 45,Other,0,0,0,0,F,Agg Assault W/int Com Fel Dome,Survived,0,Other,test,0.192,0,0,0
Female,33,25 - 45,African-American,0,0,0,2,F,Grand Theft (Motor Vehicle),Recidivated,1,African-American,test,0.419,0,0,0
Male,26,25 - 45,African-American,0,0,0,2,F,Grand Theft in the 3rd Degree,Recidivated,1,African-American,train,0.474,0,0,0
Male,29,25 - 45,African-American,0,0,0,2,M,Petit Theft,Survived,0,African-American,train,0.37,0,0,0
Male,28,25 - 45,Caucasian,0,0,0,6,M,arrest case no charge,Recidivated,1,Caucasian,test,0.531,1,1,1
Male,53,Greater than 45,African-American,0,0,0,20,F,arrest case no charge,Survived,0,African-American,train,0.859,1,1,1
Male,48,Greater than 45,Caucasian,0,0,0,0,F,Possession of Cocaine,Survived,0,Caucasian,train,0.241,0,0,0
Male,25,25 - 45,Caucasian,0,0,0,1,M,Battery,Recidivated,1,Caucasian,train,0.363,0,0,0
Male,67,Greater than 45,Caucasian,0,0,0,0,F,Cruelty Toward Child,Survived,0,Caucasian,test,0.148,0,0,0
Female,55,Greater than 45,Hispanic,0,0,0,0,F,Aggravated Battery / Pregnant,Survived,0,Other,test,0.202,0,0,0
Male,26,25 - 45,African-American,1,0,0,10,F,Resist Officer w/Violence,Recidivated,1,African-American,test,0.825,1,1,1
Male,30,25 - 45,Caucasian,0,0,0,1,F,Possession of Cocaine,Recidivated,1,Caucasian,train,0.404,0,0,1
Male,26,25 - 45,African-American,0,0,0,15,F,arrest case no charge,Survived,0,African-American,test,0.872,1,1,1
Male,29,25 - 45,African-American,0,0,0,1,M,Battery,Recidivated,1,African-American,train,0.335,0,0,0
Male,30,25 - 45,African-American,1,0,0,9,M,Viol Prot Injunc Repeat Viol,Recidivated,1,African-American,train,0.718,1,1,1
Male,32,25 - 45,African-American,0,0,0,1,M,Battery,Survived,0,African-American,test,0.314,0,0,0
Male,52,Greater than 45,African-American,0,0,0,0,M,Battery,Recidivated,1,African-American,train,0.167,0,0,0
Male,31,25 - 45,African-American,0,1,0,3,F,Grand Theft in the 3rd Degree,Recidivated,1,African-American,train,0.447,0,0,0
Female,46,Greater than 45,Caucasian,0,0,0,0,M,DUI Level 0.15 Or Minor In Veh,Survived,0,Caucasian,test,0.195,0,0,0
Male,29,25 - 45,African-American,0,0,0,7,F,Poss Tetrahydrocannabinols,Recidivated,1,African-American,train,0.641,1,1,1
Male,39,25 - 45,African-American,0,0,0,8,F,Lewd or Lascivious Molestation,Survived,0,African-American,train,0.603,1,1,1
Male,35,25 - 45,African-American,0,0,0,9,F,Possession of Cannabis,Survived,0,African-American,train,0.668,1,1,1
Male,27,25 - 45,African-American,0,0,0,1,F,Crim Use of Personal ID Info,Survived,0,African-American,test,0.427,0,0,0
Male,27,25 - 45,African-American,0,0,0,5,F,arrest case no charge,Recidivated,1,African-American,train,0.582,1,1,1
Female,34,25 - 45,Caucasian,0,0,0,10,F,Possession of Cocaine,Recidivated,1,Caucasian,train,0.708,1,1,1
Male,25,25 - 45,African-American,0,0,1,5,F,arrest case no charge,Recidivated,1,African-American,train,0.686,1,1,1
Male,22,Less than 25,Caucasian,0,0,1,2,M,Battery,Recidivated,1,Caucasian,test,0.611,1,1,1
Male,52,Greater than 45,African-American,0,0,0,7,F,Possession of Cocaine,Recidivated,1,African-American,train,0.454,0,0,0
Male,26,25 - 45,Hispanic,0,0,0,0,F,Grand Theft in the 3rd Degree,Survived,0,Other,train,0.397,0,0,0
Male,31,25 - 45,African-American,0,0,0,1,M,Battery,Survived,0,African-American,test,0.321,0,0,0
Male,32,25 - 45,African-American,0,0,0,0,M,Possession of Cannabis,Survived,0,African-American,train,0.281,0,0,0
Female,26,25 - 45,African-American,0,1,0,4,F,arrest case no charge,Survived,0,African-American,train,0.525,1,1,0
Male,27,25 - 45,African-American,1,0,0,4,F,Aggravated Assault W/Dead Weap,Recidivated,1,African-American,test,0.641,1,1,1
Male,58,Greater than 45,African-American,0,0,0,0,M,DUI Level 0.15 Or Minor In Veh,Survived,0,African-American,train,0.142,0,0,0
Male,27,25 - 45,African-American,2,0,0,14,F,False Imprisonment,Recidivated,1,African-American,train,0.927,1,1,1
Male,28,25 - 45,African-American,0,0,0,5,F,Driving While License Revoked,Recidivated,1,African-American,train,0.574,1,1,1
Male,24,Less than 25,African-American,0,5,1,15,F,Deliver Cocaine,Recidivated,1,African-American,train,0.902,1,1,1
Male,24,Less than 25,Caucasian,0,0,0,0,F,arrest case no charge,Recidivated,1,Caucasian,train,0.506,1,1,1
Male,31,25 - 45,Caucasian,0,0,0,0,F,Possession Of Methamphetamine,Survived,0,Caucasian,train,0.36,0,0,0
Male,50,Greater than 45,African-American,0,0,0,4,F,Driving While License Revoked,Recidivated,1,African-American,train,0.357,0,0,0
Female,22,Less than 25,African-American,0,0,0,0,M,Battery,Survived,0,African-American,train,0.439,0,0,0
Female,25,25 - 45,African-American,0,0,0,0,M,Battery,Survived,0,African-American,test,0.328,0,0,0
Female,21,Less than 25,African-American,0,1,0,2,F,Crimin Mischief Damage $1000+,Survived,0,African-American,train,0.581,1,1,1
Female,27,25 - 45,African-American,0,0,0,2,F,Felony Petit Theft,Recidivated,1,African-American,train,0.466,0,0,0
Male,45,Greater than 45,Caucasian,0,0,0,5,F,Possession of Methadone,Recidivated,1,Caucasian,test,0.432,0,0,0
Male,34,25 - 45,African-American,3,1,0,13,F,arrest case no charge,Recidivated,1,African-American,train,0.922,1,1,1
Male,24,Less than 25,African-American,0,0,0,0,M,Battery,Survived,0,African-American,test,0.424,0,0,0
Male,37,25 - 45,African-American,0,0,0,5,M,Battery,Recidivated,1,African-American,train,0.421,0,0,0
Male,24,Less than 25,African-American,0,0,0,0,F,Grand Theft in the 3rd Degree,Survived,0,African-American,train,0.506,1,1,0
Male,20,Less than 25,Caucasian,0,0,0,0,M,Battery,Survived,0,Caucasian,train,0.455,0,0,1
Female,44,25 - 45,Caucasian,0,0,0,0,F,Grand Theft in the 3rd Degree,Recidivated,1,Caucasian,train,0.271,0,0,0
Male,20,Less than 25,African-American,0,0,0,0,M,Assault,Survived,0,African-American,train,0.455,0,0,0
Male,27,25 - 45,African-American,0,0,0,5,M,Driving License Suspended,Survived,0,African-American,train,0.5,1,0,0
Male,20,Less than 25,African-American,0,0,0,0,F,Possession of Cannabis,Survived,0,African-American,test,0.538,1,1,1
Female,24,Less than 25,African-American,0,0,0,0,F,Resist Officer w/Violence,Survived,0,African-American,train,0.506,1,1,0
Male,23,Less than 25,African-American,0,1,0,3,F,Possession Of Clonazepam,Recidivated,1,African-American,train,0.603,1,1,1
Male,24,Less than 25,Caucasian,0,0,0,0,F,Pos Cannabis W/Intent Sel/Del,Survived,0,Caucasian,train,0.506,1,1,1
Male,26,25 - 45,African-American,0,0,0,9,M,Petit Theft,Recidivated,1,African-American,train,0.658,1,1,1
Male,25,25 - 45,African-American,0,0,0,6,F,"Poss 3,4 MDMA (Ecstasy)",Recidivated,1,African-American,train,0.634,1,1,1
Female,49,Greater than 45,Caucasian,0,0,0,0,F,Resist Officer w/Violence,Survived,0,Caucasian,test,0.235,0,0,0
Male,34,25 - 45,Caucasian,0,0,0,0,M,Susp Drivers Lic 1st Offense,Recidivated,1,Caucasian,train,0.268,0,0,0
Male,21,Less than 25,African-American,0,0,0,0,M,Battery,Recidivated,1,African-American,train,0.447,0,0,0
Male,23,Less than 25,Caucasian,0,0,0,0,F,Trespassing/Construction Site,Recidivated,1,Caucasian,train,0.514,1,1,1
Female,42,25 - 45,African-American,0,0,0,1,F,Felony Driving While Lic Suspd,Survived,0,African-American,train,0.316,0,0,0
Male,51,Greater than 45,African-American,0,0,0,1,F,Possession of Cocaine,Survived,0,African-American,test,0.252,0,0,0
Male,31,25 - 45,Other,0,1,0,5,M,Battery,Survived,0,Other,train,0.442,0,0,0
Male,53,Greater than 45,African-American,0,0,0,13,M,arrest case no charge,Survived,0,African-American,train,0.596,1,1,1
Male,22,Less than 25,Caucasian,0,0,1,0,F,Grand Theft in the 3rd Degree,Survived,0,Caucasian,train,0.616,1,1,1
Male,41,25 - 45,Caucasian,0,0,0,4,F,Possession Of Heroin,Recidivated,1,Caucasian,test,0.433,0,0,1
Male,25,25 - 45,African-American,0,3,1,6,M,Viol Prot Injunc Repeat Viol,Survived,0,African-American,train,0.571,1,1,1
Male,33,25 - 45,Caucasian,0,0,0,0,M,Battery,Survived,0,Caucasian,train,0.275,0,0,0
Male,46,Greater than 45,Caucasian,0,0,0,0,F,Aggravated Assault W/dead Weap,Recidivated,1,Caucasian,test,0.252,0,0,0
Male,28,25 - 45,African-American,1,0,0,5,F,arrest case no charge,Recidivated,1,African-American,train,0.669,1,1,1
Male,20,Less than 25,Caucasian,0,0,0,0,M,Possess Cannabis/20 Grams Or Less,Survived,0,Caucasian,test,0.455,0,0,1
Female,24,Less than 25,Other,0,0,0,0,F,Grand Theft in the 3rd Degree,Survived,0,Other,train,0.506,1,1,1
Male,25,25 - 45,African-American,0,0,0,3,F,Aggravated Battery / Pregnant,Recidivated,1,African-American,test,0.521,1,1,0
Female,41,25 - 45,African-American,0,0,0,7,F,Possession of Cannabis,Recidivated,1,African-American,train,0.549,1,1,0
Male,26,25 - 45,African-American,0,0,0,0,F,Crim Use of Personal ID Info,Survived,0,African-American,train,0.397,0,0,0
Male,55,Greater than 45,Hispanic,0,0,0,0,M,Battery,Survived,0,Other,train,0.154,0,0,0
Male,22,Less than 25,African-American,0,0,0,2,F,Grand Theft Dwell Property,Recidivated,1,African-American,train,0.598,1,1,1
Female,29,25 - 45,Other,0,0,0,2,M,Battery,Recidivated,1,Other,train,0.37,0,0,0
Male,25,25 - 45,African-American,0,0,0,5,F,Pos Cannabis W/Intent Sel/Del,Recidivated,1,African-American,train,0.597,1,1,1
Female,48,Greater than 45,African-American,0,0,0,1,F,Possess Controlled Substance,Survived,0,African-American,train,0.27,0,0,0
Male,21,Less than 25,African-American,0,0,0,1,F,Burglary Unoccupied Dwelling,Survived,0,African-American,train,0.568,1,1,1
Male,31,25 - 45,Caucasian,0,0,0,2,M,Battery,Recidivated,1,Caucasian,train,0.355,0,0,0
Male,25,25 - 45,Hispanic,0,0,0,6,M,Battery,Recidivated,1,Other,train,0.555,1,1,1
Male,32,25 - 45,African-American,0,0,0,0,F,Aggravated Battery / Pregnant,Survived,0,African-American,train,0.353,0,0,0
Female,31,25 - 45,African-American,0,0,0,1,F,Felony Battery (Dom Strang),Recidivated,1,African-American,test,0.396,0,0,0
Male,31,25 - 45,African-American,0,0,0,11,M,Battery,Recidivated,1,African-American,train,0.692,1,1,1
Male,28,25 - 45,African-American,0,0,0,3,M,Petit Theft,Recidivated,1,African-American,train,0.415,0,0,0
Female,27,25 - 45,African-American,0,1,0,10,F,arrest case no charge,Recidivated,1,African-American,train,0.732,1,1,1
Male,24,Less than 25,African-American,0,0,2,0,F,Deliver Cocaine,Recidivated,1,African-American,test,0.688,1,1,1
Male,49,Greater than 45,Caucasian,0,0,0,0,F,Felony Driving While Lic Suspd,Survived,0,Caucasian,train,0.235,0,0,0
Female,40,25 - 45,Caucasian,0,0,0,0,F,Possession of Cocaine,Survived,0,Caucasian,test,0.297,0,0,0
Male,22,Less than 25,African-American,0,0,0,4,M,Driving License Suspended,Survived,0,African-American,train,0.594,1,1,1
Male,28,25 - 45,African-American,0,0,0,5,F,arrest case no charge,Recidivated,1,African-American,test,0.574,1,1,1
Male,49,Greater than 45,Caucasian,0,0,0,1,M,Battery,Survived,0,Caucasian,train,0.205,0,0,0
Male,33,25 - 45,Caucasian,0,0,0,0,M,Possess Cannabis/20 Grams Or Less,Recidivated,1,Caucasian,test,0.275,0,0,0
Male,44,25 - 45,Caucasian,0,0,0,0,F,Burglary Conveyance Unoccup,Recidivated,1,Caucasian,train,0.271,0,0,0
Male,41,25 - 45,African-American,0,0,3,12,F,Possession Of Alprazolam,Recidivated,1,African-American,train,0.894,1,1,1
Male,32,25 - 45,African-American,0,0,0,0,F,Possession of Cannabis,Survived,0,African-American,test,0.353,0,0,0
Male,30,25 - 45,African-American,0,0,0,1,M,Battery,Survived,0,African-American,train,0.328,0,0,0
Male,31,25 - 45,Caucasian,0,0,0,3,M,Battery,Recidivated,1,Caucasian,train,0.392,0,0,1
Male,29,25 - 45,African-American,1,0,0,8,F,Possession of Cocaine,Recidivated,1,African-American,train,0.758,1,1,1
Male,21,Less than 25,African-American,0,0,0,1,M,Burglary Unoccupied Dwelling,Survived,0,African-American,test,0.486,0,0,0
Male,25,25 - 45,Caucasian,0,0,0,4,F,Possession Of Alprazolam,Survived,0,Caucasian,train,0.559,1,1,1
Male,23,Less than 25,African-American,1,1,2,4,F,Burglary Unoccupied Dwelling,Survived,0,African-American,test,0.852,1,1,1
Male,24,Less than 25,African-American,0,0,0,1,F,Pos Cannabis W/Intent Sel/Del,Survived,0,African-American,train,0.545,1,1,1
Male,49,Greater than 45,Caucasian,0,0,0,3,F,Agg Battery Grt/Bod/Harm,Survived,0,Caucasian,train,0.329,0,0,0
Male,31,25 - 45,African-American,0,0,0,2,F,arrest case no charge,Survived,0,African-American,train,0.434,0,0,0
Male,59,Greater than 45,Caucasian,0,0,0,0,M,Battery,Survived,0,Caucasian,train,0.138,0,0,0
Male,39,25 - 45,African-American,0,0,0,2,M,Resist/Obstruct W/O Violence,Recidivated,1,African-American,train,0.299,0,0,0
Male,22,Less than 25,African-American,0,0,0,1,F,Uttering a Forged Instrument,Survived,0,African-American,test,0.56,1,1,1
Male,47,Greater than 45,Other,0,0,0,5,M,Possess Cannabis/20 Grams Or Less,Recidivated,1,Other,train,0.339,0,0,0
Male,24,Less than 25,African-American,0,0,0,0,M,Battery,Survived,0,African-American,test,0.424,0,0,0
Male,43,25 - 45,Other,0,0,0,1,F,Possession of Cocaine,Survived,0,Other,train,0.31,0,0,0
Female,33,25 - 45,Other,0,0,0,0,F,Grand Theft in the 3rd Degree,Survived,0,Other,train,0.345,0,0,0
Male,54,Greater than 45,Caucasian,0,0,0,3,F,Grand Theft in the 3rd Degree,Recidivated,1,Caucasian,test,0.295,0,0,0
Male,57,Greater than 45,Caucasian,0,0,0,0,M,Battery,Survived,0,Caucasian,train,0.146,0,0,0
Male,27,25 - 45,Other,0,0,0,0,M,Battery,Survived,0,Other,train,0.314,0,0,0
Female,31,25 - 45,African-American,0,0,0,4,F,Aggrav Battery w/Deadly Weapon,Survived,0,African-American,test,0.512,1,1,0
Male,29,25 - 45,Caucasian,0,0,0,0,F,Possession of Cocaine,Survived,0,Caucasian,test,0.375,0,0,0
Male,33,25 - 45,Hispanic,0,0,0,2,M,Driving License Suspended,Survived,0,Other,train,0.341,0,0,0
Male,22,Less than 25,African-American,0,0,0,0,M,Battery,Survived,0,African-American,train,0.439,0,0,0
Male,30,25 - 45,African-American,0,1,0,14,F,Driving While License Revoked,Survived,0,African-American,train,0.822,1,1,1
Female,63,Greater than 45,Caucasian,0,0,0,0,M,Battery,Survived,0,Caucasian,train,0.124,0,0,0
Male,34,25 - 45,Other,0,0,0,3,M,Battery,Survived,0,Other,train,0.369,0,0,0
Male,36,25 - 45,Caucasian,0,0,0,0,F,Possession of Cocaine,Recidivated,1,Caucasian,train,0.324,0,0,0
Male,40,25 - 45,African-American,0,0,0,1,F,arrest case no charge,Survived,0,African-American,test,0.33,0,0,0
Male,41,25 - 45,African-American,0,0,0,1,M,Battery,Survived,0,African-American,test,0.255,0,0,0
Male,56,Greater than 45,Caucasian,0,0,0,0,M,Driving Under The Influence,Survived,0,Caucasian,train,0.15,0,0,0
Male,61,Greater than 45,African-American,0,0,0,14,M,Poss Of Controlled Substance,Survived,0,African-American,train,0.572,1,1,0
Male,20,Less than 25,African-American,0,0,0,0,F,Pos Cannabis W/Intent Sel/Del,Recidivated,1,African-American,train,0.538,1,1,0
Male,49,Greater than 45,Caucasian,0,0,0,2,F,Felony/Driving Under Influence,Recidivated,1,Caucasian,train,0.295,0,0,0
Male,50,Greater than 45,African-American,0,0,0,7,F,arrest case no charge,Recidivated,1,African-American,test,0.47,0,0,0
Male,44,25 - 45,African-American,0,0,0,0,F,Felony Battery (Dom Strang),Recidivated,1,African-American,train,0.271,0,0,0
Male,43,25 - 45,African-American,0,0,0,3,F,Felony Driving While Lic Suspd,Recidivated,1,African-American,test,0.38,0,0,0
Male,41,25 - 45,African-American,0,0,0,13,F,Possession Of Carisoprodol,Recidivated,1,African-American,train,0.756,1,1,1
Male,53,Greater than 45,Other,0,0,0,0,M,Battery,Survived,0,Other,train,0.163,0,0,0
Male,67,Greater than 45,Caucasian,0,0,0,0,M,Battery,Survived,0,Caucasian,train,0.111,0,0,0
Male,20,Less than 25,African-American,0,0,0,0,F,Threat Public Servant,Recidivated,1,African-American,train,0.538,1,1,1
Female,45,Greater than 45,Other,0,0,0,1,F,arrest case no charge,Survived,0,Other,train,0.289,0,0,0
Male,32,25 - 45,Hispanic,0,0,0,0,M,Battery,Survived,0,Other,test,0.281,0,0,0
Female,34,25 - 45,Caucasian,0,0,1,0,F,Possession of Cocaine,Recidivated,1,Caucasian,train,0.429,0,0,1
Male,46,Greater than 45,African-American,0,0,0,4,F,arrest case no charge,Survived,0,African-American,train,0.386,0,0,0
Male,31,25 - 45,African-American,0,0,0,9,M,Battery,Recidivated,1,African-American,test,0.621,1,1,1
Male,24,Less than 25,African-American,0,0,0,1,M,Battery,Survived,0,African-American,train,0.462,0,0,0
Male,28,25 - 45,Hispanic,0,0,0,3,F,arrest case no charge,Recidivated,1,Other,train,0.497,0,0,1
Male,36,25 - 45,Caucasian,0,0,0,1,F,Grand Theft in the 3rd Degree,Survived,0,Caucasian,train,0.359,0,0,0
Male,20,Less than 25,Other,0,0,0,1,F,Grand Theft (Motor Vehicle),Recidivated,1,Other,test,0.576,1,1,1
Female,26,25 - 45,Caucasian,0,0,0,0,F,Aggravated Assault W/Dead Weap,Survived,0,Caucasian,test,0.397,0,0,1
Male,23,Less than 25,African-American,0,0,0,0,M,Possess Drug Paraphernalia,Recidivated,1,African-American,test,0.432,0,0,0
Female,46,Greater than 45,Caucasian,0,0,0,0,M,DUI Property Damage/Injury,Survived,0,Caucasian,train,0.195,0,0,0
Male,22,Less than 25,Caucasian,0,0,1,0,M,Possess Cannabis/20 Grams Or Less,Recidivated,1,Caucasian,train,0.535,1,1,1
Male,27,25 - 45,African-American,0,0,0,7,M,Robbery / No Weapon,Recidivated,1,African-American,train,0.577,1,1,1
Female,38,25 - 45,Other,0,0,0,0,M,Battery,Survived,0,Other,test,0.244,0,0,0
Male,27,25 - 45,African-American,0,0,0,10,F,Driving While License Revoked,Recidivated,1,African-American,test,0.752,1,1,1
Male,26,25 - 45,African-American,0,1,0,3,M,arrest case no charge,Recidivated,1,African-American,train,0.405,0,0,0
Male,26,25 - 45,Caucasian,0,0,0,7,M,Susp Drivers Lic 1st Offense,Survived,0,Caucasian,test,0.585,1,1,1
Male,34,25 - 45,Caucasian,0,0,0,1,F,Burglary Unoccupied Dwelling,Survived,0,Caucasian,train,0.374,0,0,0
Male,23,Less than 25,Caucasian,0,0,7,3,M,Battery,Survived,0,Caucasian,test,0.947,1,1,1
Female,47,Greater than 45,Caucasian,0,0,0,0,M,Battery,Survived,0,Caucasian,train,0.19,0,0,0
Male,30,25 - 45,Hispanic,0,0,0,0,M,DUI Property Damage/Injury,Survived,0,Other,train,0.294,0,0,0
Male,45,Greater than 45,African-American,0,0,0,38,F,Felony Battery w/Prior Convict,Recidivated,1,African-American,train,0.992,1,1,1
Male,30,25 - 45,Hispanic,0,0,0,0,M,Battery,Survived,0,Other,test,0.294,0,0,0
Female,61,Greater than 45,Caucasian,0,0,0,15,F,Felony Petit Theft,Survived,0,Caucasian,train,0.685,1,1,1
Male,49,Greater than 45,Caucasian,0,0,0,0,F,Grand Theft in the 3rd Degree,Survived,0,Caucasian,train,0.235,0,0,0
Male,51,Greater than 45,Caucasian,0,0,0,0,F,Possession of Cannabis,Survived,0,Caucasian,test,0.224,0,0,0
Male,56,Greater than 45,Caucasian,0,0,0,1,F,Possession of Hydrocodone,Survived,0,Caucasian,train,0.223,0,0,0
Male,53,Greater than 45,Caucasian,0,0,0,8,M,Viol Injunct Domestic Violence,Survived,0,Caucasian,test,0.403,0,0,1
Male,45,Greater than 45,African-American,0,0,0,6,F,Possession Of Alprazolam,Survived,0,African-American,test,0.47,0,0,0
Male,27,25 - 45,Caucasian,0,0,1,2,M,Battery,Recidivated,1,Caucasian,train,0.479,0,0,1
Male,43,25 - 45,Hispanic,0,0,0,1,M,DUI Property Damage/Injury,Recidivated,1,Other,train,0.244,0,0,0
Male,52,Greater than 45,Caucasian,0,0,0,1,F,Possession of Cocaine,Survived,0,Caucasian,train,0.246,0,0,0
Male,48,Greater than 45,African-American,0,0,0,11,M,Resist/Obstruct W/O Violence,Recidivated,1,African-American,train,0.558,1,1,1
Male,30,25 - 45,Caucasian,0,0,0,1,M,arrest case no charge,Recidivated,1,Caucasian,test,0.328,0,0,0
Female,29,25 - 45,African-American,0,0,0,5,F,arrest case no charge,Recidivated,1,African-American,test,0.566,1,1,1
Female,44,25 - 45,African-American,0,0,0,0,F,Tampering With Physical Evidence,Survived,0,African-American,train,0.271,0,0,0
Male,34,25 - 45,African-American,0,0,0,12,F,Leaving the Scene of Accident,Recidivated,1,African-American,train,0.768,1,1,1
Male,28,25 - 45,African-American,1,2,0,5,F,Aggrav Battery w/Deadly Weapon,Recidivated,1,African-American,test,0.621,1,1,1
Female,34,25 - 45,Caucasian,0,0,0,0,F,Grand Theft (Motor Vehicle),Survived,0,Caucasian,train,0.338,0,0,0
Male,23,Less than 25,African-American,0,2,1,3,M,Fail Register Vehicle,Recidivated,1,African-American,test,0.59,1,1,1
Male,29,25 - 45,African-American,0,0,0,0,M,Driving Under The Influence,Survived,0,African-American,train,0.301,0,0,0
Male,36,25 - 45,Hispanic,0,0,0,5,F,Grand Theft in the 3rd Degree,Survived,0,Other,train,0.511,1,1,1
Male,52,Greater than 45,African-American,0,0,0,17,F,Possession of Cocaine,Recidivated,1,African-American,train,0.798,1,1,1
Male,42,25 - 45,Hispanic,0,0,0,1,F,Aggrav Battery w/Deadly Weapon,Recidivated,1,Other,train,0.316,0,0,0
Male,21,Less than 25,African-American,0,0,0,0,M,Battery,Survived,0,African-American,test,0.447,0,0,0
Male,54,Greater than 45,Caucasian,0,0,0,0,M,Driving Under The Influence,Survived,0,Caucasian,train,0.158,0,0,0
Male,27,25 - 45,Caucasian,0,0,0,0,F,Possession of Cocaine,Recidivated,1,Caucasian,train,0.39,0,0,1
Female,25,25 - 45,Hispanic,0,1,2,14,F,Burglary Unoccupied Dwelling,Survived,0,Other,train,0.921,1,1,1
Female,23,Less than 25,African-American,0,0,0,2,M,arrest case no charge,Recidivated,1,African-American,test,0.509,1,0,0
Male,31,25 - 45,African-American,0,3,4,15,F,Cruelty Toward Child,Recidivated,1,African-American,train,0.952,1,1,1
Male,31,25 - 45,Caucasian,0,0,0,0,F,Felony Battery (Dom Strang),Survived,0,Caucasian,train,0.36,0,0,0
Male,21,Less than 25,African-American,0,0,0,0,F,Aggravated Battery,Survived,0,African-American,train,0.53,1,1,0
Male,25,25 - 45,African-American,0,1,0,3,F,Pos Cannabis W/Intent Sel/Del,Survived,0,African-American,train,0.494,0,0,0
Male,29,25 - 45,African-American,0,0,0,8,M,Possess Cannabis/20 Grams Or Less,Recidivated,1,African-American,train,0.6,1,1,1
Male,27,25 - 45,African-American,0,0,0,15,F,Battery on Law Enforc Officer,Recidivated,1,African-American,test,0.869,1,1,1
Female,42,25 - 45,Caucasian,0,0,0,0,F,Child Abuse,Survived,0,Caucasian,train,0.284,0,0,0
Male,21,Less than 25,Caucasian,0,0,0,0,F,Tampering With Physical Evidence,Survived,0,Caucasian,train,0.53,1,1,1
Female,67,Greater than 45,Caucasian,0,0,0,0,M,DUI Property Damage/Injury,Survived,0,Caucasian,train,0.111,0,0,0
Female,25,25 - 45,African-American,0,0,0,1,F,arrest case no charge,Survived,0,African-American,test,0.443,0,0,0
Female,42,25 - 45,African-American,0,0,0,8,F,arrest case no charge,Recidivated,1,African-American,test,0.58,1,1,1
Male,27,25 - 45,African-American,0,0,0,10,F,Driving While License Revoked,Survived,0,African-American,train,0.752,1,1,1
Female,26,25 - 45,Caucasian,0,0,0,1,M,Battery,Survived,0,Caucasian,train,0.356,0,0,0
Male,55,Greater than 45,African-American,0,0,0,3,M,arrest case no charge,Recidivated,1,African-American,train,0.225,0,0,0
Male,31,25 - 45,Other,0,0,0,0,F,Pos Cannabis W/Intent Sel/Del,Survived,0,Other,train,0.36,0,0,0
Male,28,25 - 45,Caucasian,0,0,0,0,M,Driving Under The Influence,Survived,0,Caucasian,train,0.308,0,0,0
Female,51,Greater than 45,Caucasian,0,0,0,0,M,Unlaw LicTag/Sticker Attach,Survived,0,Caucasian,test,0.171,0,0,0
Male,28,25 - 45,African-American,0,0,0,13,F,arrest case no charge,Recidivated,1,African-American,test,0.824,1,1,1
Male,22,Less than 25,African-American,0,0,0,0,F,Exhibition Weapon School Prop,Recidivated,1,African-American,test,0.522,1,1,0
Male,26,25 - 45,African-American,0,0,0,2,F,Pos Cannabis W/Intent Sel/Del,Recidivated,1,African-American,test,0.474,0,0,0
Female,27,25 - 45,African-American,0,1,0,1,F,Uttering a Forged Instrument,Survived,0,African-American,train,0.402,0,0,0
Male,32,25 - 45,African-American,0,0,0,5,M,arrest case no charge,Survived,0,African-American,train,0.46,0,0,0
Male,27,25 - 45,African-American,0,0,0,4,M,Battery,Survived,0,African-American,train,0.461,0,0,0
Male,41,25 - 45,Caucasian,0,0,0,1,F,Aggrav Battery w/Deadly Weapon,Recidivated,1,Caucasian,test,0.323,0,0,0
Male,61,Greater than 45,African-American,0,0,0,11,F,Possession of Cocaine,Survived,0,African-American,train,0.538,1,1,0
Male,34,25 - 45,Caucasian,0,0,0,11,F,Driving While License Revoked,Survived,0,Caucasian,train,0.739,1,1,1
Male,45,Greater than 45,Caucasian,0,0,0,0,F,Possession Of Heroin,Survived,0,Caucasian,train,0.258,0,0,0
Male,21,Less than 25,Caucasian,0,2,1,3,F,Poss Contr Subst W/o Prescript,Recidivated,1,Caucasian,train,0.681,1,1,1
Male,28,25 - 45,African-American,0,0,0,20,F,Driving While License Revoked,Recidivated,1,African-American,test,0.933,1,1,1
Male,31,25 - 45,Caucasian,0,0,0,6,F,arrest case no charge,Survived,0,Caucasian,test,0.589,1,1,1
Female,22,Less than 25,Caucasian,0,0,1,1,M,Viol Pretrial Release Dom Viol,Survived,0,Caucasian,train,0.574,1,1,1
Male,21,Less than 25,African-American,0,1,0,1,M,Burglary Unoccupied Dwelling,Recidivated,1,African-American,train,0.46,0,0,0
Male,25,25 - 45,Caucasian,0,0,0,2,F,Possession of Cocaine,Recidivated,1,Caucasian,train,0.482,0,0,1
Female,25,25 - 45,African-American,0,0,0,1,F,Aggrav Battery w/Deadly Weapon,Survived,0,African-American,train,0.443,0,0,0
Male,47,Greater than 45,African-American,0,0,0,3,M,Expired DL More Than 6 Months,Recidivated,1,African-American,test,0.273,0,0,0
Male,21,Less than 25,African-American,0,0,0,5,M,Battery,Recidivated,1,African-American,train,0.638,1,1,1
Female,21,Less than 25,Caucasian,0,0,0,0,M,Battery,Recidivated,1,Caucasian,train,0.447,0,0,1
Male,27,25 - 45,African-American,0,0,0,5,M,Possess Cannabis/20 Grams Or Less,Recidivated,1,African-American,train,0.5,1,0,0
Male,32,25 - 45,African-American,0,0,0,4,F,arrest case no charge,Recidivated,1,African-American,test,0.504,1,0,0
Male,22,Less than 25,African-American,0,0,0,0,M,Battery,Recidivated,1,African-American,train,0.439,0,0,0
Male,46,Greater than 45,Caucasian,0,0,0,0,F,Aggravated Assault,Survived,0,Caucasian,train,0.252,0,0,0
Male,33,25 - 45,Caucasian,0,0,0,2,F,Possession of Oxycodone,Survived,0,Caucasian,test,0.419,0,0,1
Male,30,25 - 45,Other,0,0,0,1,M,Battery,Recidivated,1,Other,train,0.328,0,0,0
Male,43,25 - 45,Caucasian,0,0,0,6,M,Assault,Recidivated,1,Caucasian,train,0.412,0,0,1
Male,22,Less than 25,African-American,0,0,0,0,M,Resist/Obstruct W/O Violence,Survived,0,African-American,train,0.439,0,0,0
Male,21,Less than 25,African-American,0,0,0,1,M,Battery,Survived,0,African-American,train,0.486,0,0,0
Male,64,Greater than 45,African-American,0,0,0,0,M,Battery,Survived,0,African-American,train,0.12,0,0,0
Female,42,25 - 45,Other,0,0,0,0,F,Burglary Dwelling Assault/Batt,Survived,0,Other,train,0.284,0,0,0
Male,30,25 - 45,African-American,0,1,1,18,F,Burglary Conveyance Unoccup,Recidivated,1,African-American,train,0.927,1,1,1
Male,60,Greater than 45,African-American,0,0,0,13,F,Felony Petit Theft,Recidivated,1,African-American,train,0.621,1,1,1
Male,46,Greater than 45,African-American,0,0,0,2,F,arrest case no charge,Recidivated,1,African-American,train,0.316,0,0,0
Male,26,25 - 45,African-American,0,0,0,4,F,Fleeing Or Attmp Eluding A Leo,Recidivated,1,African-American,test,0.551,1,1,1
Male,33,25 - 45,Hispanic,0,0,1,11,F,Tamper With Witness/Victim/CI,Recidivated,1,Other,train,0.812,1,1,1
Male,36,25 - 45,Caucasian,0,0,0,0,F,Unauth Poss ID Card or DL,Survived,0,Caucasian,test,0.324,0,0,0
Male,32,25 - 45,Hispanic,0,0,0,1,F,Grand Theft in the 3rd Degree,Survived,0,Other,train,0.389,0,0,0
Male,24,Less than 25,African-American,0,0,0,0,F,Resist Officer w/Violence,Survived,0,African-American,train,0.506,1,1,0
Male,33,25 - 45,African-American,2,0,0,9,M,Assault,Recidivated,1,African-American,train,0.776,1,1,1
Male,46,Greater than 45,African-American,0,0,0,2,M,arrest case no charge,Survived,0,African-American,test,0.249,0,0,0
Male,31,25 - 45,Caucasian,0,0,0,9,M,Battery,Recidivated,1,Caucasian,train,0.621,1,1,1
Male,57,Greater than 45,African-American,0,0,0,28,F,Possession of Cocaine,Recidivated,1,African-American,test,0.949,1,1,1
Male,36,25 - 45,African-American,1,2,0,14,F,Possession of Cocaine,Recidivated,1,African-American,test,0.838,1,1,1
Male,22,Less than 25,Other,0,0,1,0,F,Grand Theft in the 3rd Degree,Survived,0,Other,test,0.616,1,1,1
Male,33,25 - 45,African-American,0,0,0,2,M,Driving License Suspended,Survived,0,African-American,train,0.341,0,0,0
Male,22,Less than 25,African-American,0,0,0,1,M,Battery,Recidivated,1,African-American,train,0.478,0,0,0
Female,28,25 - 45,Caucasian,0,0,0,7,F,arrest case no charge,Recidivated,1,Caucasian,train,0.648,1,1,1
Female,35,25 - 45,African-American,0,0,1,5,F,Aggrav Battery w/Deadly Weapon,Recidivated,1,African-American,train,0.613,1,1,1
Male,33,25 - 45,African-American,0,0,0,0,F,Failure To Return Hired Vehicle,Recidivated,1,African-American,test,0.345,0,0,0
Female,36,25 - 45,African-American,0,0,0,1,M,Battery,Survived,0,African-American,train,0.287,0,0,0
Male,28,25 - 45,African-American,0,0,0,2,F,arrest case no charge,Recidivated,1,African-American,test,0.458,0,0,0
Male,44,25 - 45,Caucasian,0,0,0,1,M,Battery,Survived,0,Caucasian,train,0.238,0,0,0
Female,29,25 - 45,African-American,0,0,0,0,F,Robbery / No Weapon,Survived,0,African-American,test,0.375,0,0,0
Male,26,25 - 45,Caucasian,0,0,0,0,F,Tampering With Physical Evidence,Survived,0,Caucasian,train,0.397,0,0,1
Male,22,Less than 25,Hispanic,0,0,0,0,F,Grand Theft in the 3rd Degree,Recidivated,1,Other,train,0.522,1,1,1
Female,26,25 - 45,Hispanic,0,0,0,1,M,DUI - Enhanced,Survived,0,Other,train,0.356,0,0,0
Male,26,25 - 45,African-American,0,0,0,0,F,Uttering Forged Bills,Survived,0,African-American,train,0.397,0,0,0
Male,36,25 - 45,African-American,0,0,0,9,F,Possession of Cocaine,Recidivated,1,African-American,train,0.661,1,1,1
Male,52,Greater than 45,Caucasian,0,0,0,1,M,Battery,Survived,0,Caucasian,train,0.19,0,0,0
Male,51,Greater than 45,Caucasian,0,0,0,0,F,arrest case no charge,Survived,0,Caucasian,train,0.224,0,0,0
Male,47,Greater than 45,African-American,0,0,0,7,F,Agg Battery Grt/Bod/Harm,Recidivated,1,African-American,train,0.493,0,0,0
Male,38,25 - 45,Caucasian,0,0,0,1,M,Reckless Driving,Recidivated,1,Caucasian,train,0.274,0,0,0
Male,47,Greater than 45,African-American,0,0,0,1,F,Battery on Law Enforc Officer,Survived,0,African-American,test,0.277,0,0,0
Male,39,25 - 45,Caucasian,0,0,0,0,F,Grand Theft (Motor Vehicle),Survived,0,Caucasian,test,0.303,0,0,0
Female,45,Greater than 45,African-American,0,0,0,9,M,Battery,Survived,0,African-American,test,0.505,1,0,0
Male,22,Less than 25,Asian,0,0,0,1,M,DUI Level 0.15 Or Minor In Veh,Survived,0,Other,train,0.478,0,0,1
Female,46,Greater than 45,Caucasian,0,0,0,7,F,Tampering With Physical Evidence,Recidivated,1,Caucasian,train,0.501,1,0,1
Male,29,25 - 45,African-American,0,0,0,15,F,Driving While License Revoked,Recidivated,1,African-American,train,0.861,1,1,1
Male,28,25 - 45,African-American,0,0,0,2,M,Possess Cannabis/20 Grams Or Less,Recidivated,1,African-American,train,0.378,0,0,0
Female,22,Less than 25,African-American,0,0,0,0,F,Grand Theft in the 3rd Degree,Recidivated,1,African-American,test,0.522,1,1,0
Male,20,Less than 25,African-American,1,0,1,1,F,arrest case no charge,Recidivated,1,African-American,train,0.75,1,1,1
Male,22,Less than 25,African-American,0,1,0,8,F,Burglary Unoccupied Dwelling,Recidivated,1,African-American,test,0.774,1,1,1
Male,25,25 - 45,Caucasian,0,0,0,3,M,Driving License Suspended,Recidivated,1,Caucasian,train,0.438,0,0,0
Male,34,25 - 45,African-American,0,0,0,1,F,arrest case no charge,Survived,0,African-American,train,0.374,0,0,0
Male,34,25 - 45,Caucasian,0,0,0,1,F,Possession of Cocaine,Survived,0,Caucasian,test,0.374,0,0,0
Male,51,Greater than 45,Other,0,0,0,0,F,Possession Of Methamphetamine,Recidivated,1,Other,train,0.224,0,0,0
Female,36,25 - 45,Caucasian,0,0,0,5,F,arrest case no charge,Recidivated,1,Caucasian,train,0.511,1,1,1
Male,20,Less than 25,Asian,0,1,0,2,F,Grand Theft in the 3rd Degree,Recidivated,1,Other,train,0.588,1,1,1
Male,40,25 - 45,Caucasian,0,0,0,0,F,Felony Battery (Dom Strang),Survived,0,Caucasian,test,0.297,0,0,0
Male,23,Less than 25,Hispanic,0,0,0,2,F,Burglary Conveyance Armed,Survived,0,Other,train,0.591,1,1,1
Male,25,25 - 45,African-American,0,0,0,3,F,Driving While License Revoked,Recidivated,1,African-American,train,0.521,1,1,0
Male,47,Greater than 45,African-American,0,0,0,14,M,Battery,Survived,0,African-American,train,0.676,1,1,1
Male,56,Greater than 45,African-American,0,0,0,31,F,Possession of Cocaine,Recidivated,1,African-American,test,0.969,1,1,1
Male,43,25 - 45,African-American,0,0,0,5,M,arrest case no charge,Survived,0,African-American,train,0.375,0,0,0
Male,74,Greater than 45,Caucasian,0,0,0,2,F,arrest case no charge,Survived,0,Caucasian,test,0.159,0,0,0
Male,47,Greater than 45,African-American,0,0,0,4,F,Possession of Cocaine,Recidivated,1,African-American,train,0.379,0,0,0
Female,43,25 - 45,Caucasian,0,0,0,0,M,Driving Under The Influence,Survived,0,Caucasian,train,0.216,0,0,0
Female,24,Less than 25,African-American,0,0,0,0,F,Corrupt Public Servant,Survived,0,African-American,train,0.506,1,1,0
Male,26,25 - 45,Asian,0,0,0,2,F,arrest case no charge,Recidivated,1,Other,train,0.474,0,0,1
Male,56,Greater than 45,African-American,0,0,0,0,M,Battery,Survived,0,African-American,train,0.15,0,0,0
Female,36,25 - 45,Other,0,0,0,1,M,Battery,Survived,0,Other,train,0.287,0,0,0
Male,30,25 - 45,African-American,0,0,0,3,F,Resist Officer w/Violence,Recidivated,1,African-American,test,0.481,0,0,0
Male,28,25 - 45,Caucasian,0,0,0,11,F,arrest case no charge,Survived,0,Caucasian,test,0.775,1,1,1
Female,39,25 - 45,African-American,0,0,0,1,F,arrest case no charge,Recidivated,1,African-American,test,0.337,0,0,0
Male,56,Greater than 45,African-American,0,0,0,4,F,Poss of Cocaine W/I/D/S 1000FT Park,Survived,0,African-American,test,0.314,0,0,0
Male,58,Greater than 45,Caucasian,0,0,0,8,M,Criminal Mischief,Survived,0,Caucasian,test,0.365,0,0,0
Male,33,25 - 45,African-American,0,0,0,3,F,Carrying Concealed Firearm,Survived,0,African-American,train,0.457,0,0,0
Female,31,25 - 45,African-American,0,0,0,9,F,Grand Theft in the 3rd Degree,Recidivated,1,African-American,test,0.696,1,1,1
Female,30,25 - 45,Caucasian,0,0,0,3,F,Driving While License Revoked,Survived,0,Caucasian,train,0.481,0,0,1
Male,44,25 - 45,African-American,0,0,1,11,F,arrest case no charge,Recidivated,1,African-American,train,0.752,1,1,1
Male,30,25 - 45,Caucasian,0,0,0,2,F,arrest case no charge,Survived,0,Caucasian,test,0.442,0,0,1
Male,35,25 - 45,African-American,0,0,1,12,M,Battery,Recidivated,1,African-American,train,0.772,1,1,1
Male,51,Greater than 45,Caucasian,0,0,0,4,M,Battery,Survived,0,Caucasian,train,0.278,0,0,0
Male,36,25 - 45,African-American,0,0,0,0,M,DUI - Enhanced,Survived,0,African-American,train,0.256,0,0,0
Male,26,25 - 45,Caucasian,0,0,0,3,M,Susp Drivers Lic 1st Offense,Recidivated,1,Caucasian,train,0.43,0,0,1
Male,21,Less than 25,African-American,0,0,0,1,F,Robbery Sudd Snatch No Weapon,Survived,0,African-American,train,0.568,1,1,1
Male,28,25 - 45,Hispanic,0,0,0,1,F,Robbery Sudd Snatch No Weapon,Survived,0,Other,train,0.42,0,0,0
Male,37,25 - 45,African-American,0,0,0,4,F,Fleeing Or Attmp Eluding A Leo,Survived,0,African-American,train,0.464,0,0,0
Male,31,25 - 45,Hispanic,1,0,0,7,M,Susp Drivers Lic 1st Offense,Recidivated,1,Other,train,0.643,1,1,1
Male,23,Less than 25,African-American,0,0,0,0,F,Burglary Conveyance Unoccup,Recidivated,1,African-American,train,0.514,1,1,0
Female,54,Greater than 45,Caucasian,0,0,0,1,M,Battery,Survived,0,Caucasian,train,0.18,0,0,0
Male,28,25 - 45,Caucasian,0,0,0,0,M,Battery,Recidivated,1,Caucasian,train,0.308,0,0,0
Male,22,Less than 25,African-American,0,0,0,0,M,Battery,Survived,0,African-American,test,0.439,0,0,0
Male,21,Less than 25,African-American,0,0,0,0,F,Grand Theft in the 3rd Degree,Recidivated,1,African-American,train,0.53,1,1,0
Male,61,Greater than 45,African-American,0,0,0,4,M,Alcoholic Beverage Violation-FL,Recidivated,1,African-American,train,0.219,0,0,0
Male,60,Greater than 45,Caucasian,0,0,0,0,M,Petit Theft $100- $300,Recidivated,1,Caucasian,train,0.134,0,0,0
Female,22,Less than 25,Caucasian,0,0,0,1,F,"Poss3,4 Methylenedioxymethcath",Survived,0,Caucasian,test,0.56,1,1,1
Female,49,Greater than 45,Caucasian,0,0,0,3,F,Grand Theft in the 3rd Degree,Survived,0,Caucasian,test,0.329,0,0,0
Female,61,Greater than 45,Caucasian,0,0,0,1,M,DUI Level 0.15 Or Minor In Veh,Survived,0,Caucasian,train,0.15,0,0,0
Male,51,Greater than 45,African-American,0,0,0,7,M,Driving Under The Influence,Recidivated,1,African-American,train,0.381,0,0,0
Female,49,Greater than 45,Caucasian,0,0,0,2,F,Grand Theft (Motor Vehicle),Survived,0,Caucasian,train,0.295,0,0,0
Male,42,25 - 45,Caucasian,0,0,0,5,F,arrest case no charge,Survived,0,Caucasian,train,0.463,0,0,1
Male,36,25 - 45,Caucasian,0,0,0,0,M,Battery,Survived,0,Caucasian,train,0.256,0,0,0
Male,34,25 - 45,African-American,0,0,0,3,M,Disorderly Conduct,Recidivated,1,African-American,test,0.369,0,0,0
Male,25,25 - 45,African-American,0,0,0,1,F,Felony Batt(Great Bodily Harm),Survived,0,African-American,test,0.443,0,0,0
Male,43,25 - 45,African-American,0,0,0,0,M,Battery,Survived,0,African-American,train,0.216,0,0,0
Female,20,Less than 25,African-American,0,0,0,0,M,Battery,Recidivated,1,African-American,train,0.455,0,0,0
Male,44,25 - 45,Hispanic,0,0,0,0,F,Uttering a Forged Instrument,Survived,0,Other,train,0.271,0,0,0
Male,30,25 - 45,African-American,0,0,0,2,M,Battery,Survived,0,African-American,train,0.363,0,0,0
Male,21,Less than 25,Caucasian,0,0,0,0,M,Grand Theft (Motor Vehicle),Recidivated,1,Caucasian,train,0.447,0,0,1
Male,30,25 - 45,African-American,0,0,0,0,M,Possess Cannabis/20 Grams Or Less,Recidivated,1,African-American,test,0.294,0,0,0
Male,20,Less than 25,African-American,0,0,0,0,F,Possession of Cocaine,Survived,0,African-American,test,0.538,1,1,1
Male,23,Less than 25,African-American,0,0,0,0,F,Leaving the Scene of Accident,Survived,0,African-American,train,0.514,1,1,0
Female,33,25 - 45,African-American,0,0,0,3,M,Battery on Law Enforc Officer,Survived,0,African-American,train,0.377,0,0,0
